Time(s),Vin(V),Vout(V)
-2.500000E-004,#800233323  1.05308e+01,#800233323  8.85247e+00
-2.499700E-004,1.05308e+01,8.85247e+00
-2.499400E-004,1.05308e+01,9.05348e+00
-2.499100E-004,1.05308e+01,8.85247e+00
-2.498800E-004,1.05308e+01,8.85247e+00
-2.498500E-004,1.01287e+01,8.85247e+00
-2.498200E-004,1.01287e+01,8.85247e+00
-2.497900E-004,1.05308e+01,9.05348e+00
-2.497600E-004,1.05308e+01,8.85247e+00
-2.497300E-004,1.05308e+01,9.05348e+00
-2.497000E-004,1.05308e+01,8.85247e+00
-2.496700E-004,1.05308e+01,9.05348e+00
-2.496400E-004,1.05308e+01,9.05348e+00
-2.496100E-004,1.01287e+01,9.05348e+00
-2.495800E-004,1.05308e+01,8.85247e+00
-2.495500E-004,1.05308e+01,8.85247e+00
-2.495200E-004,1.05308e+01,8.85247e+00
-2.494900E-004,1.01287e+01,8.85247e+00
-2.494600E-004,1.05308e+01,8.85247e+00
-2.494300E-004,1.05308e+01,9.05348e+00
-2.494000E-004,1.01287e+01,9.05348e+00
-2.493700E-004,1.05308e+01,9.05348e+00
-2.493400E-004,1.01287e+01,8.85247e+00
-2.493100E-004,1.05308e+01,9.05348e+00
-2.492800E-004,1.05308e+01,9.05348e+00
-2.492500E-004,1.05308e+01,9.05348e+00
-2.492200E-004,1.05308e+01,9.05348e+00
-2.491900E-004,1.05308e+01,8.85247e+00
-2.491600E-004,1.01287e+01,8.85247e+00
-2.491300E-004,1.05308e+01,9.05348e+00
-2.491000E-004,1.01287e+01,9.05348e+00
-2.490700E-004,1.05308e+01,9.05348e+00
-2.490400E-004,1.05308e+01,8.85247e+00
-2.490100E-004,1.05308e+01,9.05348e+00
-2.489800E-004,1.01287e+01,8.85247e+00
-2.489500E-004,1.05308e+01,9.05348e+00
-2.489200E-004,1.01287e+01,9.05348e+00
-2.488900E-004,1.01287e+01,8.85247e+00
-2.488600E-004,1.01287e+01,8.85247e+00
-2.488300E-004,1.05308e+01,8.85247e+00
-2.488000E-004,1.05308e+01,9.05348e+00
-2.487700E-004,1.05308e+01,8.85247e+00
-2.487400E-004,1.05308e+01,9.05348e+00
-2.487100E-004,1.05308e+01,9.05348e+00
-2.486800E-004,1.05308e+01,9.05348e+00
-2.486500E-004,1.01287e+01,9.05348e+00
-2.486200E-004,1.05308e+01,9.05348e+00
-2.485900E-004,1.01287e+01,9.05348e+00
-2.485600E-004,1.05308e+01,9.05348e+00
-2.485300E-004,1.05308e+01,9.05348e+00
-2.485000E-004,1.05308e+01,8.85247e+00
-2.484700E-004,1.05308e+01,8.85247e+00
-2.484400E-004,1.05308e+01,9.05348e+00
-2.484100E-004,1.05308e+01,8.85247e+00
-2.483800E-004,1.05308e+01,9.05348e+00
-2.483500E-004,1.01287e+01,8.85247e+00
-2.483200E-004,1.05308e+01,8.85247e+00
-2.482900E-004,1.01287e+01,9.05348e+00
-2.482600E-004,1.05308e+01,9.05348e+00
-2.482300E-004,1.05308e+01,9.05348e+00
-2.482000E-004,1.05308e+01,9.05348e+00
-2.481700E-004,1.05308e+01,9.05348e+00
-2.481400E-004,1.05308e+01,9.05348e+00
-2.481100E-004,1.01287e+01,9.05348e+00
-2.480800E-004,1.01287e+01,9.05348e+00
-2.480500E-004,1.05308e+01,9.05348e+00
-2.480200E-004,1.05308e+01,9.05348e+00
-2.479900E-004,1.05308e+01,9.05348e+00
-2.479600E-004,1.05308e+01,9.05348e+00
-2.479300E-004,1.05308e+01,9.05348e+00
-2.479000E-004,1.05308e+01,8.85247e+00
-2.478700E-004,1.05308e+01,8.85247e+00
-2.478400E-004,1.05308e+01,9.05348e+00
-2.478100E-004,1.01287e+01,9.05348e+00
-2.477800E-004,1.05308e+01,9.05348e+00
-2.477500E-004,1.05308e+01,9.05348e+00
-2.477200E-004,1.09328e+01,9.05348e+00
-2.476900E-004,1.05308e+01,8.85247e+00
-2.476600E-004,1.05308e+01,8.85247e+00
-2.476300E-004,1.01287e+01,9.05348e+00
-2.476000E-004,1.01287e+01,9.05348e+00
-2.475700E-004,1.05308e+01,9.05348e+00
-2.475400E-004,1.01287e+01,9.05348e+00
-2.475100E-004,1.05308e+01,9.05348e+00
-2.474800E-004,1.05308e+01,9.05348e+00
-2.474500E-004,1.01287e+01,9.05348e+00
-2.474200E-004,1.05308e+01,8.85247e+00
-2.473900E-004,1.05308e+01,9.05348e+00
-2.473600E-004,1.01287e+01,9.05348e+00
-2.473300E-004,1.01287e+01,9.05348e+00
-2.473000E-004,1.05308e+01,9.05348e+00
-2.472700E-004,1.01287e+01,9.05348e+00
-2.472400E-004,1.01287e+01,9.05348e+00
-2.472100E-004,1.05308e+01,8.85247e+00
-2.471800E-004,1.05308e+01,9.05348e+00
-2.471500E-004,1.05308e+01,9.05348e+00
-2.471200E-004,1.05308e+01,9.05348e+00
-2.470900E-004,1.05308e+01,9.05348e+00
-2.470600E-004,1.05308e+01,9.05348e+00
-2.470300E-004,1.09328e+01,8.85247e+00
-2.470000E-004,1.05308e+01,8.85247e+00
-2.469700E-004,1.05308e+01,9.05348e+00
-2.469400E-004,1.05308e+01,8.85247e+00
-2.469100E-004,1.05308e+01,8.85247e+00
-2.468800E-004,1.05308e+01,9.05348e+00
-2.468500E-004,1.09328e+01,9.05348e+00
-2.468200E-004,1.05308e+01,9.05348e+00
-2.467900E-004,1.05308e+01,9.25448e+00
-2.467600E-004,1.05308e+01,9.25448e+00
-2.467300E-004,1.05308e+01,9.05348e+00
-2.467000E-004,1.05308e+01,9.05348e+00
-2.466700E-004,1.05308e+01,9.05348e+00
-2.466400E-004,1.05308e+01,9.05348e+00
-2.466100E-004,1.01287e+01,9.05348e+00
-2.465800E-004,1.05308e+01,8.85247e+00
-2.465500E-004,1.05308e+01,9.05348e+00
-2.465200E-004,1.05308e+01,9.05348e+00
-2.464900E-004,1.05308e+01,9.05348e+00
-2.464600E-004,1.05308e+01,9.05348e+00
-2.464300E-004,1.05308e+01,9.05348e+00
-2.464000E-004,1.05308e+01,9.05348e+00
-2.463700E-004,1.05308e+01,9.05348e+00
-2.463400E-004,1.05308e+01,9.05348e+00
-2.463100E-004,1.01287e+01,9.05348e+00
-2.462800E-004,1.05308e+01,9.05348e+00
-2.462500E-004,1.05308e+01,9.05348e+00
-2.462200E-004,1.05308e+01,8.85247e+00
-2.461900E-004,1.05308e+01,9.05348e+00
-2.461600E-004,1.05308e+01,9.05348e+00
-2.461300E-004,1.05308e+01,9.05348e+00
-2.461000E-004,1.01287e+01,8.85247e+00
-2.460700E-004,1.09328e+01,9.05348e+00
-2.460400E-004,1.05308e+01,9.05348e+00
-2.460100E-004,1.05308e+01,9.05348e+00
-2.459800E-004,1.01287e+01,9.05348e+00
-2.459500E-004,1.05308e+01,9.05348e+00
-2.459200E-004,1.05308e+01,9.05348e+00
-2.458900E-004,1.05308e+01,8.85247e+00
-2.458600E-004,1.01287e+01,9.05348e+00
-2.458300E-004,1.05308e+01,9.05348e+00
-2.458000E-004,1.05308e+01,8.85247e+00
-2.457700E-004,1.05308e+01,9.05348e+00
-2.457400E-004,1.05308e+01,9.05348e+00
-2.457100E-004,1.05308e+01,9.05348e+00
-2.456800E-004,1.05308e+01,9.05348e+00
-2.456500E-004,1.01287e+01,9.05348e+00
-2.456200E-004,1.05308e+01,9.05348e+00
-2.455900E-004,1.05308e+01,9.25448e+00
-2.455600E-004,1.01287e+01,9.05348e+00
-2.455300E-004,1.05308e+01,9.05348e+00
-2.455000E-004,1.05308e+01,8.85247e+00
-2.454700E-004,1.05308e+01,9.05348e+00
-2.454400E-004,1.05308e+01,9.05348e+00
-2.454100E-004,1.01287e+01,9.05348e+00
-2.453800E-004,1.05308e+01,8.85247e+00
-2.453500E-004,1.05308e+01,9.05348e+00
-2.453200E-004,1.01287e+01,9.05348e+00
-2.452900E-004,1.05308e+01,9.05348e+00
-2.452600E-004,1.05308e+01,9.05348e+00
-2.452300E-004,1.05308e+01,9.05348e+00
-2.452000E-004,1.05308e+01,9.25448e+00
-2.451700E-004,1.01287e+01,9.05348e+00
-2.451400E-004,1.05308e+01,9.05348e+00
-2.451100E-004,1.05308e+01,9.05348e+00
-2.450800E-004,1.09328e+01,9.05348e+00
-2.450500E-004,1.05308e+01,9.05348e+00
-2.450200E-004,1.01287e+01,9.05348e+00
-2.449900E-004,1.01287e+01,9.05348e+00
-2.449600E-004,1.05308e+01,9.05348e+00
-2.449300E-004,1.01287e+01,9.05348e+00
-2.449000E-004,1.05308e+01,8.85247e+00
-2.448700E-004,1.09328e+01,9.25448e+00
-2.448400E-004,1.05308e+01,9.25448e+00
-2.448100E-004,1.05308e+01,9.05348e+00
-2.447800E-004,1.05308e+01,9.05348e+00
-2.447500E-004,1.05308e+01,9.05348e+00
-2.447200E-004,1.05308e+01,9.05348e+00
-2.446900E-004,1.05308e+01,9.05348e+00
-2.446600E-004,1.05308e+01,9.05348e+00
-2.446300E-004,1.05308e+01,9.05348e+00
-2.446000E-004,1.05308e+01,9.05348e+00
-2.445700E-004,1.01287e+01,8.85247e+00
-2.445400E-004,1.05308e+01,9.05348e+00
-2.445100E-004,1.05308e+01,9.05348e+00
-2.444800E-004,1.05308e+01,9.05348e+00
-2.444500E-004,1.05308e+01,9.25448e+00
-2.444200E-004,1.05308e+01,9.05348e+00
-2.443900E-004,1.05308e+01,9.05348e+00
-2.443600E-004,1.05308e+01,9.05348e+00
-2.443300E-004,1.05308e+01,9.05348e+00
-2.443000E-004,1.05308e+01,8.85247e+00
-2.442700E-004,1.05308e+01,9.05348e+00
-2.442400E-004,1.01287e+01,8.85247e+00
-2.442100E-004,1.05308e+01,9.05348e+00
-2.441800E-004,1.05308e+01,9.05348e+00
-2.441500E-004,1.05308e+01,9.25448e+00
-2.441200E-004,1.05308e+01,9.25448e+00
-2.440900E-004,1.05308e+01,9.05348e+00
-2.440600E-004,1.05308e+01,9.05348e+00
-2.440300E-004,1.01287e+01,9.05348e+00
-2.440000E-004,1.05308e+01,9.25448e+00
-2.439700E-004,1.05308e+01,8.85247e+00
-2.439400E-004,1.05308e+01,9.05348e+00
-2.439100E-004,1.05308e+01,8.85247e+00
-2.438800E-004,1.05308e+01,9.25448e+00
-2.438500E-004,1.05308e+01,9.25448e+00
-2.438200E-004,1.05308e+01,8.85247e+00
-2.437900E-004,1.05308e+01,9.05348e+00
-2.437600E-004,1.01287e+01,9.25448e+00
-2.437300E-004,1.05308e+01,9.05348e+00
-2.437000E-004,1.05308e+01,9.05348e+00
-2.436700E-004,1.09328e+01,9.05348e+00
-2.436400E-004,1.05308e+01,9.05348e+00
-2.436100E-004,1.05308e+01,9.05348e+00
-2.435800E-004,1.05308e+01,9.05348e+00
-2.435500E-004,1.05308e+01,9.05348e+00
-2.435200E-004,1.09328e+01,9.25448e+00
-2.434900E-004,1.05308e+01,9.05348e+00
-2.434600E-004,1.05308e+01,8.85247e+00
-2.434300E-004,1.05308e+01,9.05348e+00
-2.434000E-004,1.05308e+01,9.05348e+00
-2.433700E-004,1.05308e+01,9.05348e+00
-2.433400E-004,1.09328e+01,9.05348e+00
-2.433100E-004,1.09328e+01,9.05348e+00
-2.432800E-004,1.05308e+01,9.05348e+00
-2.432500E-004,1.05308e+01,9.05348e+00
-2.432200E-004,1.05308e+01,9.05348e+00
-2.431900E-004,1.05308e+01,9.05348e+00
-2.431600E-004,1.05308e+01,9.05348e+00
-2.431300E-004,1.05308e+01,9.05348e+00
-2.431000E-004,1.05308e+01,9.05348e+00
-2.430700E-004,1.09328e+01,9.05348e+00
-2.430400E-004,1.05308e+01,9.05348e+00
-2.430100E-004,1.05308e+01,9.25448e+00
-2.429800E-004,1.05308e+01,9.05348e+00
-2.429500E-004,1.05308e+01,9.25448e+00
-2.429200E-004,1.05308e+01,9.05348e+00
-2.428900E-004,1.05308e+01,9.05348e+00
-2.428600E-004,1.05308e+01,9.05348e+00
-2.428300E-004,1.09328e+01,9.05348e+00
-2.428000E-004,1.05308e+01,9.05348e+00
-2.427700E-004,1.05308e+01,9.05348e+00
-2.427400E-004,1.05308e+01,9.05348e+00
-2.427100E-004,1.05308e+01,9.25448e+00
-2.426800E-004,1.09328e+01,9.05348e+00
-2.426500E-004,1.01287e+01,9.05348e+00
-2.426200E-004,1.05308e+01,9.05348e+00
-2.425900E-004,1.05308e+01,9.25448e+00
-2.425600E-004,1.05308e+01,9.05348e+00
-2.425300E-004,1.09328e+01,9.25448e+00
-2.425000E-004,1.01287e+01,9.05348e+00
-2.424700E-004,1.09328e+01,9.25448e+00
-2.424400E-004,1.05308e+01,9.05348e+00
-2.424100E-004,1.05308e+01,9.05348e+00
-2.423800E-004,1.05308e+01,9.05348e+00
-2.423500E-004,1.05308e+01,9.05348e+00
-2.423200E-004,1.05308e+01,9.05348e+00
-2.422900E-004,1.05308e+01,9.05348e+00
-2.422600E-004,1.05308e+01,9.05348e+00
-2.422300E-004,1.05308e+01,9.05348e+00
-2.422000E-004,1.05308e+01,9.05348e+00
-2.421700E-004,1.01287e+01,9.05348e+00
-2.421400E-004,1.05308e+01,9.05348e+00
-2.421100E-004,1.05308e+01,9.05348e+00
-2.420800E-004,1.09328e+01,9.05348e+00
-2.420500E-004,1.05308e+01,9.25448e+00
-2.420200E-004,1.05308e+01,9.05348e+00
-2.419900E-004,1.05308e+01,9.05348e+00
-2.419600E-004,1.05308e+01,9.05348e+00
-2.419300E-004,1.05308e+01,9.05348e+00
-2.419000E-004,1.05308e+01,9.25448e+00
-2.418700E-004,1.01287e+01,8.85247e+00
-2.418400E-004,1.05308e+01,9.25448e+00
-2.418100E-004,1.01287e+01,9.25448e+00
-2.417800E-004,1.05308e+01,9.05348e+00
-2.417500E-004,1.01287e+01,9.05348e+00
-2.417200E-004,1.05308e+01,9.05348e+00
-2.416900E-004,1.05308e+01,8.85247e+00
-2.416600E-004,1.05308e+01,9.05348e+00
-2.416300E-004,1.05308e+01,9.05348e+00
-2.416000E-004,1.01287e+01,9.05348e+00
-2.415700E-004,1.05308e+01,8.85247e+00
-2.415400E-004,1.05308e+01,9.05348e+00
-2.415100E-004,1.05308e+01,9.05348e+00
-2.414800E-004,1.05308e+01,9.05348e+00
-2.414500E-004,1.09328e+01,9.05348e+00
-2.414200E-004,1.05308e+01,9.25448e+00
-2.413900E-004,1.05308e+01,9.05348e+00
-2.413600E-004,1.05308e+01,9.05348e+00
-2.413300E-004,1.05308e+01,9.05348e+00
-2.413000E-004,1.05308e+01,9.05348e+00
-2.412700E-004,1.05308e+01,9.05348e+00
-2.412400E-004,1.05308e+01,9.05348e+00
-2.412100E-004,1.05308e+01,9.05348e+00
-2.411800E-004,1.05308e+01,9.05348e+00
-2.411500E-004,1.05308e+01,9.05348e+00
-2.411200E-004,1.05308e+01,9.05348e+00
-2.410900E-004,1.09328e+01,9.05348e+00
-2.410600E-004,1.01287e+01,9.05348e+00
-2.410300E-004,1.05308e+01,9.05348e+00
-2.410000E-004,1.05308e+01,9.25448e+00
-2.409700E-004,1.05308e+01,9.25448e+00
-2.409400E-004,1.01287e+01,9.05348e+00
-2.409100E-004,1.05308e+01,9.05348e+00
-2.408800E-004,1.01287e+01,9.05348e+00
-2.408500E-004,1.05308e+01,9.05348e+00
-2.408200E-004,1.05308e+01,9.25448e+00
-2.407900E-004,1.09328e+01,9.05348e+00
-2.407600E-004,1.05308e+01,9.05348e+00
-2.407300E-004,1.05308e+01,9.25448e+00
-2.407000E-004,1.05308e+01,9.25448e+00
-2.406700E-004,1.05308e+01,9.25448e+00
-2.406400E-004,1.09328e+01,9.25448e+00
-2.406100E-004,1.05308e+01,9.05348e+00
-2.405800E-004,1.05308e+01,8.85247e+00
-2.405500E-004,1.05308e+01,9.05348e+00
-2.405200E-004,1.05308e+01,9.05348e+00
-2.404900E-004,1.05308e+01,9.25448e+00
-2.404600E-004,1.05308e+01,9.25448e+00
-2.404300E-004,1.05308e+01,9.25448e+00
-2.404000E-004,1.05308e+01,9.05348e+00
-2.403700E-004,1.01287e+01,9.05348e+00
-2.403400E-004,1.09328e+01,8.85247e+00
-2.403100E-004,1.05308e+01,9.25448e+00
-2.402800E-004,1.05308e+01,9.05348e+00
-2.402500E-004,1.05308e+01,9.05348e+00
-2.402200E-004,1.05308e+01,9.05348e+00
-2.401900E-004,1.05308e+01,9.25448e+00
-2.401600E-004,1.01287e+01,9.05348e+00
-2.401300E-004,1.05308e+01,9.25448e+00
-2.401000E-004,1.05308e+01,9.05348e+00
-2.400700E-004,1.05308e+01,9.25448e+00
-2.400400E-004,1.05308e+01,9.25448e+00
-2.400100E-004,1.09328e+01,9.25448e+00
-2.399800E-004,1.05308e+01,9.25448e+00
-2.399500E-004,1.05308e+01,9.25448e+00
-2.399200E-004,1.05308e+01,9.05348e+00
-2.398900E-004,1.05308e+01,9.05348e+00
-2.398600E-004,1.05308e+01,9.05348e+00
-2.398300E-004,1.05308e+01,9.25448e+00
-2.398000E-004,1.05308e+01,9.25448e+00
-2.397700E-004,1.01287e+01,9.25448e+00
-2.397400E-004,1.05308e+01,9.25448e+00
-2.397100E-004,1.05308e+01,9.25448e+00
-2.396800E-004,1.05308e+01,9.25448e+00
-2.396500E-004,1.09328e+01,9.05348e+00
-2.396200E-004,1.05308e+01,9.05348e+00
-2.395900E-004,1.05308e+01,9.25448e+00
-2.395600E-004,1.05308e+01,9.25448e+00
-2.395300E-004,1.05308e+01,9.25448e+00
-2.395000E-004,1.05308e+01,9.05348e+00
-2.394700E-004,1.05308e+01,9.05348e+00
-2.394400E-004,1.05308e+01,9.25448e+00
-2.394100E-004,1.09328e+01,9.05348e+00
-2.393800E-004,1.05308e+01,9.05348e+00
-2.393500E-004,1.05308e+01,9.05348e+00
-2.393200E-004,1.05308e+01,9.05348e+00
-2.392900E-004,1.09328e+01,9.05348e+00
-2.392600E-004,1.05308e+01,9.05348e+00
-2.392300E-004,1.01287e+01,9.05348e+00
-2.392000E-004,1.05308e+01,9.25448e+00
-2.391700E-004,1.05308e+01,9.05348e+00
-2.391400E-004,1.05308e+01,9.05348e+00
-2.391100E-004,1.09328e+01,9.05348e+00
-2.390800E-004,1.01287e+01,9.25448e+00
-2.390500E-004,1.05308e+01,9.05348e+00
-2.390200E-004,1.05308e+01,9.25448e+00
-2.389900E-004,1.05308e+01,9.05348e+00
-2.389600E-004,1.05308e+01,9.25448e+00
-2.389300E-004,1.05308e+01,9.05348e+00
-2.389000E-004,1.05308e+01,9.05348e+00
-2.388700E-004,1.05308e+01,9.05348e+00
-2.388400E-004,1.05308e+01,9.05348e+00
-2.388100E-004,1.05308e+01,9.05348e+00
-2.387800E-004,1.05308e+01,9.25448e+00
-2.387500E-004,1.09328e+01,9.25448e+00
-2.387200E-004,1.05308e+01,9.25448e+00
-2.386900E-004,1.01287e+01,9.25448e+00
-2.386600E-004,1.05308e+01,9.05348e+00
-2.386300E-004,1.01287e+01,9.05348e+00
-2.386000E-004,1.05308e+01,9.05348e+00
-2.385700E-004,1.09328e+01,9.25448e+00
-2.385400E-004,1.05308e+01,9.05348e+00
-2.385100E-004,1.05308e+01,9.05348e+00
-2.384800E-004,1.05308e+01,9.25448e+00
-2.384500E-004,1.05308e+01,9.05348e+00
-2.384200E-004,1.05308e+01,9.05348e+00
-2.383900E-004,1.05308e+01,9.05348e+00
-2.383600E-004,1.05308e+01,9.05348e+00
-2.383300E-004,1.05308e+01,9.05348e+00
-2.383000E-004,1.05308e+01,9.05348e+00
-2.382700E-004,1.05308e+01,9.25448e+00
-2.382400E-004,1.05308e+01,9.25448e+00
-2.382100E-004,1.05308e+01,9.05348e+00
-2.381800E-004,1.05308e+01,9.05348e+00
-2.381500E-004,1.05308e+01,9.25448e+00
-2.381200E-004,1.05308e+01,9.05348e+00
-2.380900E-004,1.05308e+01,9.25448e+00
-2.380600E-004,1.09328e+01,9.25448e+00
-2.380300E-004,1.05308e+01,9.25448e+00
-2.380000E-004,1.05308e+01,9.05348e+00
-2.379700E-004,1.05308e+01,9.05348e+00
-2.379400E-004,1.01287e+01,9.05348e+00
-2.379100E-004,1.05308e+01,9.25448e+00
-2.378800E-004,1.05308e+01,9.25448e+00
-2.378500E-004,1.05308e+01,9.05348e+00
-2.378200E-004,1.05308e+01,9.05348e+00
-2.377900E-004,1.09328e+01,9.25448e+00
-2.377600E-004,1.05308e+01,9.05348e+00
-2.377300E-004,1.05308e+01,9.05348e+00
-2.377000E-004,1.05308e+01,9.25448e+00
-2.376700E-004,1.05308e+01,9.05348e+00
-2.376400E-004,1.05308e+01,9.25448e+00
-2.376100E-004,1.09328e+01,9.25448e+00
-2.375800E-004,1.05308e+01,9.25448e+00
-2.375500E-004,1.01287e+01,9.25448e+00
-2.375200E-004,1.05308e+01,9.05348e+00
-2.374900E-004,1.05308e+01,9.25448e+00
-2.374600E-004,1.05308e+01,9.25448e+00
-2.374300E-004,1.05308e+01,9.05348e+00
-2.374000E-004,1.05308e+01,9.25448e+00
-2.373700E-004,1.05308e+01,9.25448e+00
-2.373400E-004,1.05308e+01,9.25448e+00
-2.373100E-004,1.09328e+01,9.25448e+00
-2.372800E-004,1.05308e+01,9.25448e+00
-2.372500E-004,1.05308e+01,9.25448e+00
-2.372200E-004,1.09328e+01,9.25448e+00
-2.371900E-004,1.01287e+01,9.05348e+00
-2.371600E-004,1.09328e+01,9.05348e+00
-2.371300E-004,1.05308e+01,9.25448e+00
-2.371000E-004,1.05308e+01,9.05348e+00
-2.370700E-004,1.05308e+01,9.25448e+00
-2.370400E-004,1.05308e+01,9.05348e+00
-2.370100E-004,1.05308e+01,9.05348e+00
-2.369800E-004,1.09328e+01,9.25448e+00
-2.369500E-004,1.05308e+01,9.25448e+00
-2.369200E-004,1.05308e+01,9.05348e+00
-2.368900E-004,1.05308e+01,9.25448e+00
-2.368600E-004,1.05308e+01,9.25448e+00
-2.368300E-004,1.05308e+01,9.25448e+00
-2.368000E-004,1.05308e+01,9.25448e+00
-2.367700E-004,1.05308e+01,9.25448e+00
-2.367400E-004,1.05308e+01,9.05348e+00
-2.367100E-004,1.05308e+01,9.05348e+00
-2.366800E-004,1.05308e+01,9.25448e+00
-2.366500E-004,1.05308e+01,9.05348e+00
-2.366200E-004,1.05308e+01,9.05348e+00
-2.365900E-004,1.05308e+01,9.05348e+00
-2.365600E-004,1.05308e+01,9.05348e+00
-2.365300E-004,1.01287e+01,9.05348e+00
-2.365000E-004,1.09328e+01,9.25448e+00
-2.364700E-004,1.05308e+01,9.25448e+00
-2.364400E-004,1.05308e+01,9.25448e+00
-2.364100E-004,1.09328e+01,9.25448e+00
-2.363800E-004,1.05308e+01,9.25448e+00
-2.363500E-004,1.05308e+01,9.25448e+00
-2.363200E-004,1.05308e+01,9.05348e+00
-2.362900E-004,1.05308e+01,9.25448e+00
-2.362600E-004,1.01287e+01,9.05348e+00
-2.362300E-004,1.09328e+01,9.05348e+00
-2.362000E-004,1.05308e+01,9.05348e+00
-2.361700E-004,1.05308e+01,9.25448e+00
-2.361400E-004,1.05308e+01,9.25448e+00
-2.361100E-004,1.05308e+01,9.05348e+00
-2.360800E-004,1.05308e+01,9.25448e+00
-2.360500E-004,1.05308e+01,9.05348e+00
-2.360200E-004,1.05308e+01,9.05348e+00
-2.359900E-004,1.09328e+01,9.05348e+00
-2.359600E-004,1.05308e+01,9.25448e+00
-2.359300E-004,1.05308e+01,9.25448e+00
-2.359000E-004,1.05308e+01,9.05348e+00
-2.358700E-004,1.09328e+01,9.05348e+00
-2.358400E-004,1.05308e+01,9.05348e+00
-2.358100E-004,1.05308e+01,9.25448e+00
-2.357800E-004,1.09328e+01,9.25448e+00
-2.357500E-004,1.05308e+01,9.25448e+00
-2.357200E-004,1.05308e+01,9.25448e+00
-2.356900E-004,1.05308e+01,9.25448e+00
-2.356600E-004,1.05308e+01,9.25448e+00
-2.356300E-004,1.05308e+01,9.05348e+00
-2.356000E-004,1.05308e+01,9.25448e+00
-2.355700E-004,1.01287e+01,9.05348e+00
-2.355400E-004,1.05308e+01,9.05348e+00
-2.355100E-004,1.05308e+01,9.05348e+00
-2.354800E-004,1.05308e+01,9.05348e+00
-2.354500E-004,1.05308e+01,9.25448e+00
-2.354200E-004,1.05308e+01,9.05348e+00
-2.353900E-004,1.09328e+01,9.05348e+00
-2.353600E-004,1.05308e+01,9.25448e+00
-2.353300E-004,1.05308e+01,9.25448e+00
-2.353000E-004,1.05308e+01,8.85247e+00
-2.352700E-004,1.09328e+01,9.05348e+00
-2.352400E-004,1.01287e+01,9.25448e+00
-2.352100E-004,1.05308e+01,9.25448e+00
-2.351800E-004,1.09328e+01,9.05348e+00
-2.351500E-004,1.05308e+01,9.25448e+00
-2.351200E-004,1.05308e+01,9.05348e+00
-2.350900E-004,1.05308e+01,9.25448e+00
-2.350600E-004,1.05308e+01,9.05348e+00
-2.350300E-004,1.05308e+01,9.25448e+00
-2.350000E-004,1.05308e+01,9.25448e+00
-2.349700E-004,1.05308e+01,9.05348e+00
-2.349400E-004,1.09328e+01,9.05348e+00
-2.349100E-004,1.05308e+01,9.25448e+00
-2.348800E-004,1.05308e+01,9.25448e+00
-2.348500E-004,1.05308e+01,9.25448e+00
-2.348200E-004,1.09328e+01,9.05348e+00
-2.347900E-004,1.09328e+01,9.25448e+00
-2.347600E-004,1.05308e+01,9.25448e+00
-2.347300E-004,1.05308e+01,9.25448e+00
-2.347000E-004,1.05308e+01,9.05348e+00
-2.346700E-004,1.09328e+01,9.25448e+00
-2.346400E-004,1.05308e+01,9.25448e+00
-2.346100E-004,1.05308e+01,9.05348e+00
-2.345800E-004,1.05308e+01,9.25448e+00
-2.345500E-004,1.05308e+01,9.25448e+00
-2.345200E-004,1.05308e+01,9.25448e+00
-2.344900E-004,1.05308e+01,9.05348e+00
-2.344600E-004,1.05308e+01,9.05348e+00
-2.344300E-004,1.05308e+01,9.25448e+00
-2.344000E-004,1.05308e+01,9.05348e+00
-2.343700E-004,1.09328e+01,9.25448e+00
-2.343400E-004,1.05308e+01,9.25448e+00
-2.343100E-004,1.05308e+01,9.25448e+00
-2.342800E-004,1.09328e+01,9.05348e+00
-2.342500E-004,1.05308e+01,9.25448e+00
-2.342200E-004,1.09328e+01,9.25448e+00
-2.341900E-004,1.05308e+01,9.05348e+00
-2.341600E-004,1.05308e+01,9.25448e+00
-2.341300E-004,1.05308e+01,9.25448e+00
-2.341000E-004,1.05308e+01,9.05348e+00
-2.340700E-004,1.05308e+01,9.25448e+00
-2.340400E-004,1.05308e+01,9.25448e+00
-2.340100E-004,1.05308e+01,9.25448e+00
-2.339800E-004,1.05308e+01,9.25448e+00
-2.339500E-004,1.05308e+01,9.05348e+00
-2.339200E-004,1.05308e+01,9.25448e+00
-2.338900E-004,1.05308e+01,9.25448e+00
-2.338600E-004,1.05308e+01,9.25448e+00
-2.338300E-004,1.05308e+01,9.25448e+00
-2.338000E-004,1.05308e+01,9.05348e+00
-2.337700E-004,1.05308e+01,9.05348e+00
-2.337400E-004,1.05308e+01,9.25448e+00
-2.337100E-004,1.05308e+01,9.25448e+00
-2.336800E-004,1.05308e+01,9.25448e+00
-2.336500E-004,1.05308e+01,9.25448e+00
-2.336200E-004,1.05308e+01,9.25448e+00
-2.335900E-004,1.09328e+01,9.05348e+00
-2.335600E-004,1.09328e+01,9.25448e+00
-2.335300E-004,1.05308e+01,9.25448e+00
-2.335000E-004,1.05308e+01,9.05348e+00
-2.334700E-004,1.05308e+01,9.05348e+00
-2.334400E-004,1.05308e+01,9.25448e+00
-2.334100E-004,1.05308e+01,9.05348e+00
-2.333800E-004,1.05308e+01,9.25448e+00
-2.333500E-004,1.01287e+01,9.05348e+00
-2.333200E-004,1.05308e+01,9.05348e+00
-2.332900E-004,1.09328e+01,9.25448e+00
-2.332600E-004,1.05308e+01,9.25448e+00
-2.332300E-004,1.05308e+01,9.25448e+00
-2.332000E-004,1.09328e+01,9.05348e+00
-2.331700E-004,1.05308e+01,9.25448e+00
-2.331400E-004,1.09328e+01,9.25448e+00
-2.331100E-004,1.05308e+01,9.25448e+00
-2.330800E-004,1.05308e+01,9.05348e+00
-2.330500E-004,1.05308e+01,9.25448e+00
-2.330200E-004,1.05308e+01,9.05348e+00
-2.329900E-004,1.09328e+01,9.25448e+00
-2.329600E-004,1.01287e+01,9.25448e+00
-2.329300E-004,1.05308e+01,9.25448e+00
-2.329000E-004,1.05308e+01,9.25448e+00
-2.328700E-004,1.05308e+01,9.05348e+00
-2.328400E-004,1.05308e+01,9.25448e+00
-2.328100E-004,1.09328e+01,9.25448e+00
-2.327800E-004,1.09328e+01,9.25448e+00
-2.327500E-004,1.05308e+01,9.25448e+00
-2.327200E-004,1.05308e+01,9.05348e+00
-2.326900E-004,1.05308e+01,9.25448e+00
-2.326600E-004,1.05308e+01,9.05348e+00
-2.326300E-004,1.05308e+01,9.25448e+00
-2.326000E-004,1.05308e+01,9.25448e+00
-2.325700E-004,1.05308e+01,9.05348e+00
-2.325400E-004,1.09328e+01,9.05348e+00
-2.325100E-004,1.05308e+01,9.25448e+00
-2.324800E-004,1.09328e+01,9.05348e+00
-2.324500E-004,1.05308e+01,9.45549e+00
-2.324200E-004,1.09328e+01,9.25448e+00
-2.323900E-004,1.05308e+01,9.05348e+00
-2.323600E-004,1.05308e+01,9.25448e+00
-2.323300E-004,1.05308e+01,9.25448e+00
-2.323000E-004,1.09328e+01,9.25448e+00
-2.322700E-004,1.05308e+01,9.25448e+00
-2.322400E-004,1.09328e+01,9.25448e+00
-2.322100E-004,1.09328e+01,9.25448e+00
-2.321800E-004,1.05308e+01,9.25448e+00
-2.321500E-004,1.05308e+01,9.05348e+00
-2.321200E-004,1.05308e+01,9.25448e+00
-2.320900E-004,1.05308e+01,9.05348e+00
-2.320600E-004,1.05308e+01,9.25448e+00
-2.320300E-004,1.09328e+01,9.25448e+00
-2.320000E-004,1.09328e+01,9.25448e+00
-2.319700E-004,1.05308e+01,9.25448e+00
-2.319400E-004,1.05308e+01,9.25448e+00
-2.319100E-004,1.05308e+01,9.25448e+00
-2.318800E-004,1.05308e+01,9.25448e+00
-2.318500E-004,1.09328e+01,9.25448e+00
-2.318200E-004,1.05308e+01,9.25448e+00
-2.317900E-004,1.05308e+01,9.05348e+00
-2.317600E-004,1.05308e+01,9.05348e+00
-2.317300E-004,1.05308e+01,9.25448e+00
-2.317000E-004,1.05308e+01,9.25448e+00
-2.316700E-004,1.05308e+01,9.25448e+00
-2.316400E-004,1.01287e+01,9.25448e+00
-2.316100E-004,1.05308e+01,9.25448e+00
-2.315800E-004,1.09328e+01,9.25448e+00
-2.315500E-004,1.05308e+01,9.25448e+00
-2.315200E-004,1.09328e+01,9.05348e+00
-2.314900E-004,1.05308e+01,9.25448e+00
-2.314600E-004,1.05308e+01,9.25448e+00
-2.314300E-004,1.05308e+01,9.25448e+00
-2.314000E-004,1.09328e+01,9.25448e+00
-2.313700E-004,1.05308e+01,9.25448e+00
-2.313400E-004,1.05308e+01,9.05348e+00
-2.313100E-004,1.05308e+01,9.25448e+00
-2.312800E-004,1.05308e+01,9.25448e+00
-2.312500E-004,1.05308e+01,9.25448e+00
-2.312200E-004,1.09328e+01,9.05348e+00
-2.311900E-004,1.05308e+01,9.25448e+00
-2.311600E-004,1.05308e+01,9.05348e+00
-2.311300E-004,1.05308e+01,9.25448e+00
-2.311000E-004,1.05308e+01,9.25448e+00
-2.310700E-004,1.05308e+01,9.25448e+00
-2.310400E-004,1.09328e+01,9.25448e+00
-2.310100E-004,1.09328e+01,9.25448e+00
-2.309800E-004,1.05308e+01,9.25448e+00
-2.309500E-004,1.09328e+01,9.05348e+00
-2.309200E-004,1.05308e+01,9.25448e+00
-2.308900E-004,1.09328e+01,9.25448e+00
-2.308600E-004,1.05308e+01,9.05348e+00
-2.308300E-004,1.05308e+01,9.05348e+00
-2.308000E-004,1.09328e+01,9.25448e+00
-2.307700E-004,1.09328e+01,9.25448e+00
-2.307400E-004,1.05308e+01,9.25448e+00
-2.307100E-004,1.09328e+01,9.05348e+00
-2.306800E-004,1.09328e+01,9.25448e+00
-2.306500E-004,1.05308e+01,9.25448e+00
-2.306200E-004,1.05308e+01,9.25448e+00
-2.305900E-004,1.09328e+01,9.05348e+00
-2.305600E-004,1.05308e+01,9.05348e+00
-2.305300E-004,1.05308e+01,9.25448e+00
-2.305000E-004,1.05308e+01,9.25448e+00
-2.304700E-004,1.09328e+01,9.05348e+00
-2.304400E-004,1.05308e+01,9.05348e+00
-2.304100E-004,1.05308e+01,9.25448e+00
-2.303800E-004,1.09328e+01,9.25448e+00
-2.303500E-004,1.05308e+01,9.25448e+00
-2.303200E-004,1.05308e+01,9.05348e+00
-2.302900E-004,1.05308e+01,9.25448e+00
-2.302600E-004,1.09328e+01,9.25448e+00
-2.302300E-004,1.05308e+01,9.25448e+00
-2.302000E-004,1.09328e+01,9.25448e+00
-2.301700E-004,1.01287e+01,9.25448e+00
-2.301400E-004,1.05308e+01,9.05348e+00
-2.301100E-004,1.05308e+01,9.25448e+00
-2.300800E-004,1.05308e+01,9.25448e+00
-2.300500E-004,1.05308e+01,9.25448e+00
-2.300200E-004,1.09328e+01,9.25448e+00
-2.299900E-004,1.05308e+01,9.25448e+00
-2.299600E-004,1.05308e+01,9.05348e+00
-2.299300E-004,1.05308e+01,9.25448e+00
-2.299000E-004,1.05308e+01,9.25448e+00
-2.298700E-004,1.05308e+01,9.25448e+00
-2.298400E-004,1.01287e+01,9.25448e+00
-2.298100E-004,1.05308e+01,9.25448e+00
-2.297800E-004,1.05308e+01,9.25448e+00
-2.297500E-004,1.05308e+01,9.25448e+00
-2.297200E-004,1.05308e+01,9.05348e+00
-2.296900E-004,1.09328e+01,9.05348e+00
-2.296600E-004,1.05308e+01,9.25448e+00
-2.296300E-004,1.05308e+01,9.25448e+00
-2.296000E-004,1.09328e+01,9.25448e+00
-2.295700E-004,1.09328e+01,9.25448e+00
-2.295400E-004,1.05308e+01,9.25448e+00
-2.295100E-004,1.05308e+01,9.25448e+00
-2.294800E-004,1.05308e+01,9.45549e+00
-2.294500E-004,1.05308e+01,9.25448e+00
-2.294200E-004,1.05308e+01,9.25448e+00
-2.293900E-004,1.05308e+01,9.25448e+00
-2.293600E-004,1.09328e+01,9.25448e+00
-2.293300E-004,1.05308e+01,9.25448e+00
-2.293000E-004,1.09328e+01,9.25448e+00
-2.292700E-004,1.05308e+01,9.25448e+00
-2.292400E-004,1.05308e+01,9.25448e+00
-2.292100E-004,1.05308e+01,9.25448e+00
-2.291800E-004,1.09328e+01,9.25448e+00
-2.291500E-004,1.01287e+01,9.25448e+00
-2.291200E-004,1.09328e+01,9.05348e+00
-2.290900E-004,1.05308e+01,9.25448e+00
-2.290600E-004,1.05308e+01,9.25448e+00
-2.290300E-004,1.09328e+01,9.25448e+00
-2.290000E-004,1.05308e+01,9.25448e+00
-2.289700E-004,1.09328e+01,9.25448e+00
-2.289400E-004,1.05308e+01,9.25448e+00
-2.289100E-004,1.05308e+01,9.25448e+00
-2.288800E-004,1.05308e+01,9.25448e+00
-2.288500E-004,1.09328e+01,9.25448e+00
-2.288200E-004,1.09328e+01,9.25448e+00
-2.287900E-004,1.09328e+01,9.25448e+00
-2.287600E-004,1.09328e+01,9.25448e+00
-2.287300E-004,1.09328e+01,9.25448e+00
-2.287000E-004,1.05308e+01,9.25448e+00
-2.286700E-004,1.09328e+01,9.45549e+00
-2.286400E-004,1.09328e+01,9.25448e+00
-2.286100E-004,1.09328e+01,9.25448e+00
-2.285800E-004,1.09328e+01,9.25448e+00
-2.285500E-004,1.09328e+01,9.25448e+00
-2.285200E-004,1.05308e+01,9.25448e+00
-2.284900E-004,1.05308e+01,9.25448e+00
-2.284600E-004,1.09328e+01,9.25448e+00
-2.284300E-004,1.09328e+01,9.25448e+00
-2.284000E-004,1.09328e+01,9.05348e+00
-2.283700E-004,1.09328e+01,9.25448e+00
-2.283400E-004,1.05308e+01,9.25448e+00
-2.283100E-004,1.09328e+01,9.25448e+00
-2.282800E-004,1.09328e+01,9.25448e+00
-2.282500E-004,1.05308e+01,9.25448e+00
-2.282200E-004,1.09328e+01,9.25448e+00
-2.281900E-004,1.05308e+01,9.05348e+00
-2.281600E-004,1.05308e+01,9.25448e+00
-2.281300E-004,1.05308e+01,9.25448e+00
-2.281000E-004,1.05308e+01,9.25448e+00
-2.280700E-004,1.09328e+01,9.25448e+00
-2.280400E-004,1.09328e+01,9.25448e+00
-2.280100E-004,1.05308e+01,9.25448e+00
-2.279800E-004,1.05308e+01,9.25448e+00
-2.279500E-004,1.05308e+01,9.25448e+00
-2.279200E-004,1.05308e+01,9.25448e+00
-2.278900E-004,1.05308e+01,9.25448e+00
-2.278600E-004,1.09328e+01,9.25448e+00
-2.278300E-004,1.05308e+01,9.25448e+00
-2.278000E-004,1.05308e+01,9.25448e+00
-2.277700E-004,1.09328e+01,9.25448e+00
-2.277400E-004,1.05308e+01,9.05348e+00
-2.277100E-004,1.09328e+01,9.25448e+00
-2.276800E-004,1.05308e+01,9.25448e+00
-2.276500E-004,1.05308e+01,9.25448e+00
-2.276200E-004,1.09328e+01,9.45549e+00
-2.275900E-004,1.05308e+01,9.25448e+00
-2.275600E-004,1.05308e+01,9.05348e+00
-2.275300E-004,1.09328e+01,9.25448e+00
-2.275000E-004,1.05308e+01,9.25448e+00
-2.274700E-004,1.09328e+01,9.25448e+00
-2.274400E-004,1.05308e+01,9.25448e+00
-2.274100E-004,1.05308e+01,9.25448e+00
-2.273800E-004,1.05308e+01,9.25448e+00
-2.273500E-004,1.05308e+01,9.25448e+00
-2.273200E-004,1.05308e+01,9.05348e+00
-2.272900E-004,1.05308e+01,9.25448e+00
-2.272600E-004,1.05308e+01,9.25448e+00
-2.272300E-004,1.05308e+01,9.45549e+00
-2.272000E-004,1.05308e+01,9.25448e+00
-2.271700E-004,1.05308e+01,9.25448e+00
-2.271400E-004,1.09328e+01,9.45549e+00
-2.271100E-004,1.05308e+01,9.25448e+00
-2.270800E-004,1.09328e+01,9.25448e+00
-2.270500E-004,1.09328e+01,9.25448e+00
-2.270200E-004,1.09328e+01,9.25448e+00
-2.269900E-004,1.09328e+01,9.25448e+00
-2.269600E-004,1.05308e+01,9.25448e+00
-2.269300E-004,1.05308e+01,9.25448e+00
-2.269000E-004,1.05308e+01,9.25448e+00
-2.268700E-004,1.05308e+01,9.25448e+00
-2.268400E-004,1.09328e+01,9.25448e+00
-2.268100E-004,1.05308e+01,9.05348e+00
-2.267800E-004,1.05308e+01,9.25448e+00
-2.267500E-004,1.09328e+01,9.25448e+00
-2.267200E-004,1.09328e+01,9.05348e+00
-2.266900E-004,1.09328e+01,9.25448e+00
-2.266600E-004,1.05308e+01,9.25448e+00
-2.266300E-004,1.05308e+01,9.25448e+00
-2.266000E-004,1.05308e+01,9.25448e+00
-2.265700E-004,1.09328e+01,9.25448e+00
-2.265400E-004,1.09328e+01,9.05348e+00
-2.265100E-004,1.05308e+01,9.25448e+00
-2.264800E-004,1.09328e+01,9.25448e+00
-2.264500E-004,1.05308e+01,9.25448e+00
-2.264200E-004,1.09328e+01,9.25448e+00
-2.263900E-004,1.05308e+01,9.25448e+00
-2.263600E-004,1.05308e+01,9.45549e+00
-2.263300E-004,1.09328e+01,9.25448e+00
-2.263000E-004,1.05308e+01,9.25448e+00
-2.262700E-004,1.09328e+01,9.25448e+00
-2.262400E-004,1.05308e+01,9.25448e+00
-2.262100E-004,1.09328e+01,9.25448e+00
-2.261800E-004,1.09328e+01,9.25448e+00
-2.261500E-004,1.09328e+01,9.05348e+00
-2.261200E-004,1.05308e+01,9.25448e+00
-2.260900E-004,1.05308e+01,9.25448e+00
-2.260600E-004,1.09328e+01,9.25448e+00
-2.260300E-004,1.09328e+01,9.05348e+00
-2.260000E-004,1.09328e+01,9.25448e+00
-2.259700E-004,1.09328e+01,9.45549e+00
-2.259400E-004,1.05308e+01,9.25448e+00
-2.259100E-004,1.09328e+01,9.25448e+00
-2.258800E-004,1.05308e+01,9.05348e+00
-2.258500E-004,1.09328e+01,9.25448e+00
-2.258200E-004,1.09328e+01,9.25448e+00
-2.257900E-004,1.09328e+01,9.25448e+00
-2.257600E-004,1.05308e+01,9.25448e+00
-2.257300E-004,1.09328e+01,9.25448e+00
-2.257000E-004,1.05308e+01,9.25448e+00
-2.256700E-004,1.09328e+01,9.05348e+00
-2.256400E-004,1.05308e+01,9.05348e+00
-2.256100E-004,1.05308e+01,9.25448e+00
-2.255800E-004,1.09328e+01,9.25448e+00
-2.255500E-004,1.05308e+01,9.25448e+00
-2.255200E-004,1.05308e+01,9.25448e+00
-2.254900E-004,1.05308e+01,9.25448e+00
-2.254600E-004,1.05308e+01,9.25448e+00
-2.254300E-004,1.05308e+01,9.25448e+00
-2.254000E-004,1.09328e+01,9.25448e+00
-2.253700E-004,1.05308e+01,9.05348e+00
-2.253400E-004,1.05308e+01,9.25448e+00
-2.253100E-004,1.09328e+01,9.25448e+00
-2.252800E-004,1.09328e+01,9.25448e+00
-2.252500E-004,1.05308e+01,9.25448e+00
-2.252200E-004,1.09328e+01,9.25448e+00
-2.251900E-004,1.05308e+01,9.25448e+00
-2.251600E-004,1.05308e+01,9.25448e+00
-2.251300E-004,1.09328e+01,9.25448e+00
-2.251000E-004,1.09328e+01,9.25448e+00
-2.250700E-004,1.05308e+01,9.25448e+00
-2.250400E-004,1.05308e+01,9.25448e+00
-2.250100E-004,1.05308e+01,9.25448e+00
-2.249800E-004,1.09328e+01,9.25448e+00
-2.249500E-004,1.09328e+01,9.25448e+00
-2.249200E-004,1.09328e+01,9.25448e+00
-2.248900E-004,1.09328e+01,9.25448e+00
-2.248600E-004,1.05308e+01,9.45549e+00
-2.248300E-004,1.05308e+01,9.25448e+00
-2.248000E-004,1.09328e+01,9.25448e+00
-2.247700E-004,1.09328e+01,9.25448e+00
-2.247400E-004,1.05308e+01,9.25448e+00
-2.247100E-004,1.05308e+01,9.25448e+00
-2.246800E-004,1.09328e+01,9.05348e+00
-2.246500E-004,1.05308e+01,9.25448e+00
-2.246200E-004,1.05308e+01,9.25448e+00
-2.245900E-004,1.05308e+01,9.25448e+00
-2.245600E-004,1.05308e+01,9.25448e+00
-2.245300E-004,1.05308e+01,9.25448e+00
-2.245000E-004,1.05308e+01,9.25448e+00
-2.244700E-004,1.09328e+01,9.25448e+00
-2.244400E-004,1.09328e+01,9.25448e+00
-2.244100E-004,1.09328e+01,9.25448e+00
-2.243800E-004,1.09328e+01,9.25448e+00
-2.243500E-004,1.05308e+01,9.25448e+00
-2.243200E-004,1.05308e+01,9.25448e+00
-2.242900E-004,1.09328e+01,9.45549e+00
-2.242600E-004,1.09328e+01,9.25448e+00
-2.242300E-004,1.05308e+01,9.25448e+00
-2.242000E-004,1.09328e+01,9.25448e+00
-2.241700E-004,1.05308e+01,9.25448e+00
-2.241400E-004,1.05308e+01,9.25448e+00
-2.241100E-004,1.05308e+01,9.25448e+00
-2.240800E-004,1.09328e+01,9.45549e+00
-2.240500E-004,1.05308e+01,9.25448e+00
-2.240200E-004,1.05308e+01,9.45549e+00
-2.239900E-004,1.09328e+01,9.25448e+00
-2.239600E-004,1.09328e+01,9.25448e+00
-2.239300E-004,1.05308e+01,9.25448e+00
-2.239000E-004,1.09328e+01,9.25448e+00
-2.238700E-004,1.09328e+01,9.25448e+00
-2.238400E-004,1.09328e+01,9.45549e+00
-2.238100E-004,1.05308e+01,9.25448e+00
-2.237800E-004,1.05308e+01,9.25448e+00
-2.237500E-004,1.09328e+01,9.25448e+00
-2.237200E-004,1.09328e+01,9.25448e+00
-2.236900E-004,1.05308e+01,9.05348e+00
-2.236600E-004,1.09328e+01,9.25448e+00
-2.236300E-004,1.05308e+01,9.25448e+00
-2.236000E-004,1.09328e+01,9.25448e+00
-2.235700E-004,1.05308e+01,9.25448e+00
-2.235400E-004,1.05308e+01,9.25448e+00
-2.235100E-004,1.09328e+01,9.25448e+00
-2.234800E-004,1.05308e+01,9.45549e+00
-2.234500E-004,1.05308e+01,9.25448e+00
-2.234200E-004,1.09328e+01,9.25448e+00
-2.233900E-004,1.05308e+01,9.25448e+00
-2.233600E-004,1.09328e+01,9.25448e+00
-2.233300E-004,1.09328e+01,9.25448e+00
-2.233000E-004,1.05308e+01,9.25448e+00
-2.232700E-004,1.05308e+01,9.05348e+00
-2.232400E-004,1.09328e+01,9.25448e+00
-2.232100E-004,1.05308e+01,9.25448e+00
-2.231800E-004,1.05308e+01,9.45549e+00
-2.231500E-004,1.05308e+01,9.25448e+00
-2.231200E-004,1.09328e+01,9.45549e+00
-2.230900E-004,1.09328e+01,9.25448e+00
-2.230600E-004,1.09328e+01,9.45549e+00
-2.230300E-004,1.09328e+01,9.25448e+00
-2.230000E-004,1.05308e+01,9.25448e+00
-2.229700E-004,1.05308e+01,9.25448e+00
-2.229400E-004,1.09328e+01,9.25448e+00
-2.229100E-004,1.09328e+01,9.25448e+00
-2.228800E-004,1.05308e+01,9.25448e+00
-2.228500E-004,1.09328e+01,9.25448e+00
-2.228200E-004,1.05308e+01,9.45549e+00
-2.227900E-004,1.09328e+01,9.05348e+00
-2.227600E-004,1.09328e+01,9.25448e+00
-2.227300E-004,1.05308e+01,9.25448e+00
-2.227000E-004,1.05308e+01,9.25448e+00
-2.226700E-004,1.05308e+01,9.25448e+00
-2.226400E-004,1.09328e+01,9.25448e+00
-2.226100E-004,1.05308e+01,9.25448e+00
-2.225800E-004,1.09328e+01,9.25448e+00
-2.225500E-004,1.05308e+01,9.25448e+00
-2.225200E-004,1.09328e+01,9.25448e+00
-2.224900E-004,1.05308e+01,9.25448e+00
-2.224600E-004,1.09328e+01,9.25448e+00
-2.224300E-004,1.09328e+01,9.25448e+00
-2.224000E-004,1.05308e+01,9.45549e+00
-2.223700E-004,1.09328e+01,9.25448e+00
-2.223400E-004,1.05308e+01,9.25448e+00
-2.223100E-004,1.05308e+01,9.45549e+00
-2.222800E-004,1.09328e+01,9.25448e+00
-2.222500E-004,1.05308e+01,9.25448e+00
-2.222200E-004,1.09328e+01,9.45549e+00
-2.221900E-004,1.09328e+01,9.25448e+00
-2.221600E-004,1.09328e+01,9.25448e+00
-2.221300E-004,1.09328e+01,9.25448e+00
-2.221000E-004,1.09328e+01,9.05348e+00
-2.220700E-004,1.09328e+01,9.25448e+00
-2.220400E-004,1.05308e+01,9.25448e+00
-2.220100E-004,1.05308e+01,9.25448e+00
-2.219800E-004,1.05308e+01,9.25448e+00
-2.219500E-004,1.09328e+01,9.25448e+00
-2.219200E-004,1.05308e+01,9.25448e+00
-2.218900E-004,1.05308e+01,9.25448e+00
-2.218600E-004,1.09328e+01,9.25448e+00
-2.218300E-004,1.05308e+01,9.25448e+00
-2.218000E-004,1.05308e+01,9.25448e+00
-2.217700E-004,1.05308e+01,9.25448e+00
-2.217400E-004,1.09328e+01,9.25448e+00
-2.217100E-004,1.05308e+01,9.45549e+00
-2.216800E-004,1.05308e+01,9.25448e+00
-2.216500E-004,1.05308e+01,9.25448e+00
-2.216200E-004,1.09328e+01,9.25448e+00
-2.215900E-004,1.05308e+01,9.25448e+00
-2.215600E-004,1.05308e+01,9.25448e+00
-2.215300E-004,1.05308e+01,9.25448e+00
-2.215000E-004,1.05308e+01,9.25448e+00
-2.214700E-004,1.09328e+01,9.45549e+00
-2.214400E-004,1.09328e+01,9.45549e+00
-2.214100E-004,1.09328e+01,9.25448e+00
-2.213800E-004,1.09328e+01,9.25448e+00
-2.213500E-004,1.05308e+01,9.25448e+00
-2.213200E-004,1.05308e+01,9.25448e+00
-2.212900E-004,1.05308e+01,9.25448e+00
-2.212600E-004,1.09328e+01,9.25448e+00
-2.212300E-004,1.09328e+01,9.25448e+00
-2.212000E-004,1.09328e+01,9.25448e+00
-2.211700E-004,1.09328e+01,9.25448e+00
-2.211400E-004,1.09328e+01,9.25448e+00
-2.211100E-004,1.09328e+01,9.25448e+00
-2.210800E-004,1.09328e+01,9.05348e+00
-2.210500E-004,1.05308e+01,9.25448e+00
-2.210200E-004,1.05308e+01,9.25448e+00
-2.209900E-004,1.05308e+01,9.25448e+00
-2.209600E-004,1.05308e+01,9.25448e+00
-2.209300E-004,1.09328e+01,9.25448e+00
-2.209000E-004,1.05308e+01,9.45549e+00
-2.208700E-004,1.05308e+01,9.25448e+00
-2.208400E-004,1.05308e+01,9.25448e+00
-2.208100E-004,1.05308e+01,9.45549e+00
-2.207800E-004,1.05308e+01,9.25448e+00
-2.207500E-004,1.09328e+01,9.25448e+00
-2.207200E-004,1.09328e+01,9.25448e+00
-2.206900E-004,1.05308e+01,9.25448e+00
-2.206600E-004,1.09328e+01,9.45549e+00
-2.206300E-004,1.05308e+01,9.45549e+00
-2.206000E-004,1.05308e+01,9.25448e+00
-2.205700E-004,1.05308e+01,9.25448e+00
-2.205400E-004,1.09328e+01,9.25448e+00
-2.205100E-004,1.05308e+01,9.45549e+00
-2.204800E-004,1.09328e+01,9.45549e+00
-2.204500E-004,1.05308e+01,9.25448e+00
-2.204200E-004,1.05308e+01,9.25448e+00
-2.203900E-004,1.09328e+01,9.25448e+00
-2.203600E-004,1.09328e+01,9.25448e+00
-2.203300E-004,1.09328e+01,9.25448e+00
-2.203000E-004,1.09328e+01,9.45549e+00
-2.202700E-004,1.05308e+01,9.25448e+00
-2.202400E-004,1.05308e+01,9.25448e+00
-2.202100E-004,1.05308e+01,9.25448e+00
-2.201800E-004,1.05308e+01,9.45549e+00
-2.201500E-004,1.05308e+01,9.45549e+00
-2.201200E-004,1.05308e+01,9.25448e+00
-2.200900E-004,1.05308e+01,9.25448e+00
-2.200600E-004,1.05308e+01,9.25448e+00
-2.200300E-004,1.09328e+01,9.25448e+00
-2.200000E-004,1.09328e+01,9.45549e+00
-2.199700E-004,1.05308e+01,9.25448e+00
-2.199400E-004,1.05308e+01,9.25448e+00
-2.199100E-004,1.09328e+01,9.45549e+00
-2.198800E-004,1.05308e+01,9.25448e+00
-2.198500E-004,1.09328e+01,9.25448e+00
-2.198200E-004,1.05308e+01,9.25448e+00
-2.197900E-004,1.05308e+01,9.25448e+00
-2.197600E-004,1.09328e+01,9.25448e+00
-2.197300E-004,1.09328e+01,9.25448e+00
-2.197000E-004,1.05308e+01,9.05348e+00
-2.196700E-004,1.05308e+01,9.25448e+00
-2.196400E-004,1.05308e+01,9.25448e+00
-2.196100E-004,1.09328e+01,9.25448e+00
-2.195800E-004,1.05308e+01,9.25448e+00
-2.195500E-004,1.09328e+01,9.25448e+00
-2.195200E-004,1.05308e+01,9.25448e+00
-2.194900E-004,1.09328e+01,9.25448e+00
-2.194600E-004,1.09328e+01,9.45549e+00
-2.194300E-004,1.05308e+01,9.05348e+00
-2.194000E-004,1.09328e+01,9.25448e+00
-2.193700E-004,1.05308e+01,9.25448e+00
-2.193400E-004,1.05308e+01,9.25448e+00
-2.193100E-004,1.05308e+01,9.25448e+00
-2.192800E-004,1.09328e+01,9.25448e+00
-2.192500E-004,1.09328e+01,9.25448e+00
-2.192200E-004,1.09328e+01,9.25448e+00
-2.191900E-004,1.09328e+01,9.25448e+00
-2.191600E-004,1.09328e+01,9.45549e+00
-2.191300E-004,1.13348e+01,9.25448e+00
-2.191000E-004,1.09328e+01,9.45549e+00
-2.190700E-004,1.05308e+01,9.25448e+00
-2.190400E-004,1.09328e+01,9.25448e+00
-2.190100E-004,1.05308e+01,9.45549e+00
-2.189800E-004,1.09328e+01,9.25448e+00
-2.189500E-004,1.09328e+01,9.25448e+00
-2.189200E-004,1.09328e+01,9.25448e+00
-2.188900E-004,1.05308e+01,9.25448e+00
-2.188600E-004,1.05308e+01,9.25448e+00
-2.188300E-004,1.05308e+01,9.25448e+00
-2.188000E-004,1.05308e+01,9.45549e+00
-2.187700E-004,1.09328e+01,9.25448e+00
-2.187400E-004,1.09328e+01,9.25448e+00
-2.187100E-004,1.09328e+01,9.25448e+00
-2.186800E-004,1.05308e+01,9.45549e+00
-2.186500E-004,1.05308e+01,9.25448e+00
-2.186200E-004,1.05308e+01,9.25448e+00
-2.185900E-004,1.09328e+01,9.45549e+00
-2.185600E-004,1.05308e+01,9.25448e+00
-2.185300E-004,1.09328e+01,9.45549e+00
-2.185000E-004,1.05308e+01,9.45549e+00
-2.184700E-004,1.05308e+01,9.25448e+00
-2.184400E-004,1.09328e+01,9.25448e+00
-2.184100E-004,1.05308e+01,9.25448e+00
-2.183800E-004,1.05308e+01,9.25448e+00
-2.183500E-004,1.09328e+01,9.25448e+00
-2.183200E-004,1.09328e+01,9.25448e+00
-2.182900E-004,1.05308e+01,9.25448e+00
-2.182600E-004,1.05308e+01,9.25448e+00
-2.182300E-004,1.09328e+01,9.45549e+00
-2.182000E-004,1.05308e+01,9.45549e+00
-2.181700E-004,1.05308e+01,9.45549e+00
-2.181400E-004,1.05308e+01,9.45549e+00
-2.181100E-004,1.05308e+01,9.45549e+00
-2.180800E-004,1.05308e+01,9.45549e+00
-2.180500E-004,1.05308e+01,9.25448e+00
-2.180200E-004,1.05308e+01,9.25448e+00
-2.179900E-004,1.05308e+01,9.45549e+00
-2.179600E-004,1.05308e+01,9.25448e+00
-2.179300E-004,1.09328e+01,9.25448e+00
-2.179000E-004,1.05308e+01,9.45549e+00
-2.178700E-004,1.05308e+01,9.25448e+00
-2.178400E-004,1.05308e+01,9.25448e+00
-2.178100E-004,1.09328e+01,9.25448e+00
-2.177800E-004,1.09328e+01,9.25448e+00
-2.177500E-004,1.09328e+01,9.25448e+00
-2.177200E-004,1.09328e+01,9.45549e+00
-2.176900E-004,1.09328e+01,9.25448e+00
-2.176600E-004,1.05308e+01,9.45549e+00
-2.176300E-004,1.09328e+01,9.25448e+00
-2.176000E-004,1.09328e+01,9.25448e+00
-2.175700E-004,1.05308e+01,9.45549e+00
-2.175400E-004,1.05308e+01,9.25448e+00
-2.175100E-004,1.05308e+01,9.25448e+00
-2.174800E-004,1.05308e+01,9.25448e+00
-2.174500E-004,1.05308e+01,9.25448e+00
-2.174200E-004,1.09328e+01,9.45549e+00
-2.173900E-004,1.05308e+01,9.25448e+00
-2.173600E-004,1.09328e+01,9.25448e+00
-2.173300E-004,1.09328e+01,9.45549e+00
-2.173000E-004,1.09328e+01,9.45549e+00
-2.172700E-004,1.09328e+01,9.45549e+00
-2.172400E-004,1.05308e+01,9.25448e+00
-2.172100E-004,1.05308e+01,9.25448e+00
-2.171800E-004,1.09328e+01,9.25448e+00
-2.171500E-004,1.05308e+01,9.25448e+00
-2.171200E-004,1.05308e+01,9.45549e+00
-2.170900E-004,1.09328e+01,9.45549e+00
-2.170600E-004,1.05308e+01,9.45549e+00
-2.170300E-004,1.09328e+01,9.45549e+00
-2.170000E-004,1.05308e+01,9.25448e+00
-2.169700E-004,1.05308e+01,9.25448e+00
-2.169400E-004,1.09328e+01,9.45549e+00
-2.169100E-004,1.05308e+01,9.45549e+00
-2.168800E-004,1.09328e+01,9.25448e+00
-2.168500E-004,1.05308e+01,9.45549e+00
-2.168200E-004,1.05308e+01,9.45549e+00
-2.167900E-004,1.05308e+01,9.45549e+00
-2.167600E-004,1.05308e+01,9.45549e+00
-2.167300E-004,1.05308e+01,9.25448e+00
-2.167000E-004,1.09328e+01,9.45549e+00
-2.166700E-004,1.09328e+01,9.25448e+00
-2.166400E-004,1.05308e+01,9.25448e+00
-2.166100E-004,1.09328e+01,9.25448e+00
-2.165800E-004,1.09328e+01,9.45549e+00
-2.165500E-004,1.09328e+01,9.45549e+00
-2.165200E-004,1.05308e+01,9.25448e+00
-2.164900E-004,1.05308e+01,9.25448e+00
-2.164600E-004,1.05308e+01,9.25448e+00
-2.164300E-004,1.05308e+01,9.25448e+00
-2.164000E-004,1.09328e+01,9.25448e+00
-2.163700E-004,1.05308e+01,9.45549e+00
-2.163400E-004,1.05308e+01,9.45549e+00
-2.163100E-004,1.09328e+01,9.25448e+00
-2.162800E-004,1.09328e+01,9.45549e+00
-2.162500E-004,1.05308e+01,9.45549e+00
-2.162200E-004,1.09328e+01,9.25448e+00
-2.161900E-004,1.09328e+01,9.45549e+00
-2.161600E-004,1.05308e+01,9.45549e+00
-2.161300E-004,1.09328e+01,9.45549e+00
-2.161000E-004,1.05308e+01,9.25448e+00
-2.160700E-004,1.09328e+01,9.25448e+00
-2.160400E-004,1.09328e+01,9.25448e+00
-2.160100E-004,1.05308e+01,9.25448e+00
-2.159800E-004,1.09328e+01,9.25448e+00
-2.159500E-004,1.05308e+01,9.25448e+00
-2.159200E-004,1.09328e+01,9.05348e+00
-2.158900E-004,1.05308e+01,9.25448e+00
-2.158600E-004,1.09328e+01,9.45549e+00
-2.158300E-004,1.05308e+01,9.45549e+00
-2.158000E-004,1.09328e+01,9.25448e+00
-2.157700E-004,1.05308e+01,9.45549e+00
-2.157400E-004,1.09328e+01,9.25448e+00
-2.157100E-004,1.09328e+01,9.25448e+00
-2.156800E-004,1.05308e+01,9.25448e+00
-2.156500E-004,1.05308e+01,9.25448e+00
-2.156200E-004,1.05308e+01,9.25448e+00
-2.155900E-004,1.09328e+01,9.45549e+00
-2.155600E-004,1.05308e+01,9.25448e+00
-2.155300E-004,1.09328e+01,9.25448e+00
-2.155000E-004,1.05308e+01,9.25448e+00
-2.154700E-004,1.09328e+01,9.45549e+00
-2.154400E-004,1.09328e+01,9.25448e+00
-2.154100E-004,1.09328e+01,9.45549e+00
-2.153800E-004,1.09328e+01,9.25448e+00
-2.153500E-004,1.09328e+01,9.45549e+00
-2.153200E-004,1.09328e+01,9.45549e+00
-2.152900E-004,1.05308e+01,9.45549e+00
-2.152600E-004,1.05308e+01,9.25448e+00
-2.152300E-004,1.09328e+01,9.25448e+00
-2.152000E-004,1.09328e+01,9.25448e+00
-2.151700E-004,1.09328e+01,9.45549e+00
-2.151400E-004,1.09328e+01,9.45549e+00
-2.151100E-004,1.05308e+01,9.25448e+00
-2.150800E-004,1.09328e+01,9.25448e+00
-2.150500E-004,1.09328e+01,9.45549e+00
-2.150200E-004,1.05308e+01,9.45549e+00
-2.149900E-004,1.13348e+01,9.25448e+00
-2.149600E-004,1.05308e+01,9.25448e+00
-2.149300E-004,1.05308e+01,9.45549e+00
-2.149000E-004,1.09328e+01,9.25448e+00
-2.148700E-004,1.09328e+01,9.45549e+00
-2.148400E-004,1.05308e+01,9.25448e+00
-2.148100E-004,1.09328e+01,9.25448e+00
-2.147800E-004,1.05308e+01,9.25448e+00
-2.147500E-004,1.05308e+01,9.45549e+00
-2.147200E-004,1.09328e+01,9.45549e+00
-2.146900E-004,1.09328e+01,9.45549e+00
-2.146600E-004,1.09328e+01,9.25448e+00
-2.146300E-004,1.05308e+01,9.25448e+00
-2.146000E-004,1.09328e+01,9.25448e+00
-2.145700E-004,1.09328e+01,9.25448e+00
-2.145400E-004,1.09328e+01,9.45549e+00
-2.145100E-004,1.05308e+01,9.25448e+00
-2.144800E-004,1.09328e+01,9.45549e+00
-2.144500E-004,1.09328e+01,9.25448e+00
-2.144200E-004,1.09328e+01,9.45549e+00
-2.143900E-004,1.05308e+01,9.25448e+00
-2.143600E-004,1.09328e+01,9.45549e+00
-2.143300E-004,1.05308e+01,9.45549e+00
-2.143000E-004,1.09328e+01,9.45549e+00
-2.142700E-004,1.09328e+01,9.25448e+00
-2.142400E-004,1.05308e+01,9.25448e+00
-2.142100E-004,1.09328e+01,9.25448e+00
-2.141800E-004,1.09328e+01,9.25448e+00
-2.141500E-004,1.05308e+01,9.25448e+00
-2.141200E-004,1.05308e+01,9.45549e+00
-2.140900E-004,1.05308e+01,9.45549e+00
-2.140600E-004,1.05308e+01,9.25448e+00
-2.140300E-004,1.05308e+01,9.25448e+00
-2.140000E-004,1.05308e+01,9.25448e+00
-2.139700E-004,1.05308e+01,9.25448e+00
-2.139400E-004,1.09328e+01,9.45549e+00
-2.139100E-004,1.09328e+01,9.45549e+00
-2.138800E-004,1.13348e+01,9.25448e+00
-2.138500E-004,1.09328e+01,9.45549e+00
-2.138200E-004,1.09328e+01,9.45549e+00
-2.137900E-004,1.05308e+01,9.45549e+00
-2.137600E-004,1.09328e+01,9.45549e+00
-2.137300E-004,1.09328e+01,9.25448e+00
-2.137000E-004,1.09328e+01,9.25448e+00
-2.136700E-004,1.05308e+01,9.45549e+00
-2.136400E-004,1.09328e+01,9.25448e+00
-2.136100E-004,1.09328e+01,9.45549e+00
-2.135800E-004,1.09328e+01,9.25448e+00
-2.135500E-004,1.09328e+01,9.25448e+00
-2.135200E-004,1.05308e+01,9.25448e+00
-2.134900E-004,1.05308e+01,9.25448e+00
-2.134600E-004,1.13348e+01,9.05348e+00
-2.134300E-004,1.09328e+01,9.45549e+00
-2.134000E-004,1.05308e+01,9.25448e+00
-2.133700E-004,1.09328e+01,9.45549e+00
-2.133400E-004,1.05308e+01,9.45549e+00
-2.133100E-004,1.09328e+01,9.45549e+00
-2.132800E-004,1.05308e+01,9.45549e+00
-2.132500E-004,1.05308e+01,9.45549e+00
-2.132200E-004,1.09328e+01,9.25448e+00
-2.131900E-004,1.05308e+01,9.25448e+00
-2.131600E-004,1.05308e+01,9.45549e+00
-2.131300E-004,1.09328e+01,9.25448e+00
-2.131000E-004,1.09328e+01,9.25448e+00
-2.130700E-004,1.05308e+01,9.25448e+00
-2.130400E-004,1.05308e+01,9.25448e+00
-2.130100E-004,1.09328e+01,9.25448e+00
-2.129800E-004,1.05308e+01,9.25448e+00
-2.129500E-004,1.05308e+01,9.45549e+00
-2.129200E-004,1.05308e+01,9.45549e+00
-2.128900E-004,1.05308e+01,9.25448e+00
-2.128600E-004,1.09328e+01,9.25448e+00
-2.128300E-004,1.09328e+01,9.45549e+00
-2.128000E-004,1.09328e+01,9.45549e+00
-2.127700E-004,1.09328e+01,9.25448e+00
-2.127400E-004,1.09328e+01,9.45549e+00
-2.127100E-004,1.05308e+01,9.45549e+00
-2.126800E-004,1.05308e+01,9.45549e+00
-2.126500E-004,1.05308e+01,9.45549e+00
-2.126200E-004,1.09328e+01,9.25448e+00
-2.125900E-004,1.09328e+01,9.45549e+00
-2.125600E-004,1.09328e+01,9.25448e+00
-2.125300E-004,1.05308e+01,9.45549e+00
-2.125000E-004,1.05308e+01,9.25448e+00
-2.124700E-004,1.09328e+01,9.25448e+00
-2.124400E-004,1.09328e+01,9.25448e+00
-2.124100E-004,1.09328e+01,9.25448e+00
-2.123800E-004,1.09328e+01,9.45549e+00
-2.123500E-004,1.09328e+01,9.45549e+00
-2.123200E-004,1.05308e+01,9.25448e+00
-2.122900E-004,1.09328e+01,9.25448e+00
-2.122600E-004,1.05308e+01,9.25448e+00
-2.122300E-004,1.09328e+01,9.45549e+00
-2.122000E-004,1.05308e+01,9.45549e+00
-2.121700E-004,1.05308e+01,9.25448e+00
-2.121400E-004,1.09328e+01,9.25448e+00
-2.121100E-004,1.09328e+01,9.25448e+00
-2.120800E-004,1.09328e+01,9.45549e+00
-2.120500E-004,1.09328e+01,9.25448e+00
-2.120200E-004,1.09328e+01,9.25448e+00
-2.119900E-004,1.05308e+01,9.25448e+00
-2.119600E-004,1.09328e+01,9.45549e+00
-2.119300E-004,1.05308e+01,9.45549e+00
-2.119000E-004,1.05308e+01,9.25448e+00
-2.118700E-004,1.09328e+01,9.65649e+00
-2.118400E-004,1.09328e+01,9.25448e+00
-2.118100E-004,1.05308e+01,9.45549e+00
-2.117800E-004,1.05308e+01,9.45549e+00
-2.117500E-004,1.09328e+01,9.45549e+00
-2.117200E-004,1.09328e+01,9.45549e+00
-2.116900E-004,1.01287e+01,9.25448e+00
-2.116600E-004,1.09328e+01,9.65649e+00
-2.116300E-004,1.09328e+01,9.45549e+00
-2.116000E-004,1.09328e+01,9.45549e+00
-2.115700E-004,1.09328e+01,9.45549e+00
-2.115400E-004,1.09328e+01,9.45549e+00
-2.115100E-004,1.09328e+01,9.25448e+00
-2.114800E-004,1.05308e+01,9.25448e+00
-2.114500E-004,1.05308e+01,9.25448e+00
-2.114200E-004,1.05308e+01,9.25448e+00
-2.113900E-004,1.05308e+01,9.45549e+00
-2.113600E-004,1.09328e+01,9.25448e+00
-2.113300E-004,1.09328e+01,9.45549e+00
-2.113000E-004,1.09328e+01,9.45549e+00
-2.112700E-004,1.09328e+01,9.45549e+00
-2.112400E-004,1.09328e+01,9.25448e+00
-2.112100E-004,1.05308e+01,9.25448e+00
-2.111800E-004,1.09328e+01,9.45549e+00
-2.111500E-004,1.05308e+01,9.25448e+00
-2.111200E-004,1.09328e+01,9.25448e+00
-2.110900E-004,1.09328e+01,9.25448e+00
-2.110600E-004,1.09328e+01,9.25448e+00
-2.110300E-004,1.09328e+01,9.45549e+00
-2.110000E-004,1.09328e+01,9.45549e+00
-2.109700E-004,1.09328e+01,9.25448e+00
-2.109400E-004,1.09328e+01,9.45549e+00
-2.109100E-004,1.05308e+01,9.45549e+00
-2.108800E-004,1.05308e+01,9.45549e+00
-2.108500E-004,1.05308e+01,9.25448e+00
-2.108200E-004,1.09328e+01,9.45549e+00
-2.107900E-004,1.09328e+01,9.45549e+00
-2.107600E-004,1.09328e+01,9.25448e+00
-2.107300E-004,1.09328e+01,9.25448e+00
-2.107000E-004,1.05308e+01,9.45549e+00
-2.106700E-004,1.09328e+01,9.45549e+00
-2.106400E-004,1.09328e+01,9.45549e+00
-2.106100E-004,1.09328e+01,9.45549e+00
-2.105800E-004,1.09328e+01,9.45549e+00
-2.105500E-004,1.09328e+01,9.25448e+00
-2.105200E-004,1.05308e+01,9.45549e+00
-2.104900E-004,1.05308e+01,9.45549e+00
-2.104600E-004,1.09328e+01,9.25448e+00
-2.104300E-004,1.09328e+01,9.45549e+00
-2.104000E-004,1.05308e+01,9.45549e+00
-2.103700E-004,1.09328e+01,9.25448e+00
-2.103400E-004,1.05308e+01,9.25448e+00
-2.103100E-004,1.05308e+01,9.45549e+00
-2.102800E-004,1.09328e+01,9.25448e+00
-2.102500E-004,1.09328e+01,9.45549e+00
-2.102200E-004,1.09328e+01,9.25448e+00
-2.101900E-004,1.09328e+01,9.25448e+00
-2.101600E-004,1.05308e+01,9.45549e+00
-2.101300E-004,1.09328e+01,9.45549e+00
-2.101000E-004,1.09328e+01,9.45549e+00
-2.100700E-004,1.09328e+01,9.25448e+00
-2.100400E-004,1.09328e+01,9.25448e+00
-2.100100E-004,1.05308e+01,9.25448e+00
-2.099800E-004,1.09328e+01,9.25448e+00
-2.099500E-004,1.05308e+01,9.25448e+00
-2.099200E-004,1.09328e+01,9.45549e+00
-2.098900E-004,1.09328e+01,9.45549e+00
-2.098600E-004,1.09328e+01,9.25448e+00
-2.098300E-004,1.09328e+01,9.25448e+00
-2.098000E-004,1.09328e+01,9.25448e+00
-2.097700E-004,1.09328e+01,9.25448e+00
-2.097400E-004,1.05308e+01,9.25448e+00
-2.097100E-004,1.09328e+01,9.45549e+00
-2.096800E-004,1.09328e+01,9.25448e+00
-2.096500E-004,1.05308e+01,9.45549e+00
-2.096200E-004,1.09328e+01,9.25448e+00
-2.095900E-004,1.05308e+01,9.45549e+00
-2.095600E-004,1.09328e+01,9.45549e+00
-2.095300E-004,1.09328e+01,9.25448e+00
-2.095000E-004,1.09328e+01,9.25448e+00
-2.094700E-004,1.09328e+01,9.25448e+00
-2.094400E-004,1.09328e+01,9.25448e+00
-2.094100E-004,1.09328e+01,9.25448e+00
-2.093800E-004,1.09328e+01,9.45549e+00
-2.093500E-004,1.05308e+01,9.45549e+00
-2.093200E-004,1.09328e+01,9.25448e+00
-2.092900E-004,1.09328e+01,9.45549e+00
-2.092600E-004,1.09328e+01,9.45549e+00
-2.092300E-004,1.09328e+01,9.25448e+00
-2.092000E-004,1.09328e+01,9.45549e+00
-2.091700E-004,1.05308e+01,9.45549e+00
-2.091400E-004,1.09328e+01,9.45549e+00
-2.091100E-004,1.09328e+01,9.45549e+00
-2.090800E-004,1.09328e+01,9.25448e+00
-2.090500E-004,1.09328e+01,9.45549e+00
-2.090200E-004,1.09328e+01,9.45549e+00
-2.089900E-004,1.09328e+01,9.45549e+00
-2.089600E-004,1.05308e+01,9.25448e+00
-2.089300E-004,1.09328e+01,9.25448e+00
-2.089000E-004,1.09328e+01,9.25448e+00
-2.088700E-004,1.09328e+01,9.45549e+00
-2.088400E-004,1.05308e+01,9.45549e+00
-2.088100E-004,1.05308e+01,9.45549e+00
-2.087800E-004,1.09328e+01,9.45549e+00
-2.087500E-004,1.09328e+01,9.45549e+00
-2.087200E-004,1.09328e+01,9.45549e+00
-2.086900E-004,1.09328e+01,9.25448e+00
-2.086600E-004,1.05308e+01,9.25448e+00
-2.086300E-004,1.09328e+01,9.25448e+00
-2.086000E-004,1.09328e+01,9.25448e+00
-2.085700E-004,1.09328e+01,9.45549e+00
-2.085400E-004,1.09328e+01,9.25448e+00
-2.085100E-004,1.05308e+01,9.45549e+00
-2.084800E-004,1.09328e+01,9.25448e+00
-2.084500E-004,1.09328e+01,9.45549e+00
-2.084200E-004,1.09328e+01,9.45549e+00
-2.083900E-004,1.05308e+01,9.25448e+00
-2.083600E-004,1.05308e+01,9.45549e+00
-2.083300E-004,1.09328e+01,9.45549e+00
-2.083000E-004,1.05308e+01,9.45549e+00
-2.082700E-004,1.09328e+01,9.45549e+00
-2.082400E-004,1.09328e+01,9.45549e+00
-2.082100E-004,1.05308e+01,9.45549e+00
-2.081800E-004,1.05308e+01,9.45549e+00
-2.081500E-004,1.05308e+01,9.25448e+00
-2.081200E-004,1.09328e+01,9.25448e+00
-2.080900E-004,1.05308e+01,9.45549e+00
-2.080600E-004,1.09328e+01,9.25448e+00
-2.080300E-004,1.09328e+01,9.25448e+00
-2.080000E-004,1.09328e+01,9.45549e+00
-2.079700E-004,1.09328e+01,9.45549e+00
-2.079400E-004,1.09328e+01,9.45549e+00
-2.079100E-004,1.09328e+01,9.25448e+00
-2.078800E-004,1.09328e+01,9.25448e+00
-2.078500E-004,1.09328e+01,9.45549e+00
-2.078200E-004,1.09328e+01,9.25448e+00
-2.077900E-004,1.09328e+01,9.45549e+00
-2.077600E-004,1.09328e+01,9.25448e+00
-2.077300E-004,1.05308e+01,9.45549e+00
-2.077000E-004,1.09328e+01,9.45549e+00
-2.076700E-004,1.05308e+01,9.25448e+00
-2.076400E-004,1.05308e+01,9.25448e+00
-2.076100E-004,1.05308e+01,9.45549e+00
-2.075800E-004,1.05308e+01,9.45549e+00
-2.075500E-004,1.05308e+01,9.45549e+00
-2.075200E-004,1.09328e+01,9.25448e+00
-2.074900E-004,1.09328e+01,9.45549e+00
-2.074600E-004,1.09328e+01,9.45549e+00
-2.074300E-004,1.09328e+01,9.45549e+00
-2.074000E-004,1.09328e+01,9.45549e+00
-2.073700E-004,1.05308e+01,9.45549e+00
-2.073400E-004,1.09328e+01,9.45549e+00
-2.073100E-004,1.09328e+01,9.25448e+00
-2.072800E-004,1.09328e+01,9.25448e+00
-2.072500E-004,1.09328e+01,9.45549e+00
-2.072200E-004,1.09328e+01,9.45549e+00
-2.071900E-004,1.09328e+01,9.25448e+00
-2.071600E-004,1.05308e+01,9.25448e+00
-2.071300E-004,1.09328e+01,9.25448e+00
-2.071000E-004,1.05308e+01,9.45549e+00
-2.070700E-004,1.09328e+01,9.25448e+00
-2.070400E-004,1.09328e+01,9.45549e+00
-2.070100E-004,1.09328e+01,9.25448e+00
-2.069800E-004,1.05308e+01,9.45549e+00
-2.069500E-004,1.09328e+01,9.45549e+00
-2.069200E-004,1.09328e+01,9.45549e+00
-2.068900E-004,1.09328e+01,9.45549e+00
-2.068600E-004,1.09328e+01,9.45549e+00
-2.068300E-004,1.09328e+01,9.25448e+00
-2.068000E-004,1.09328e+01,9.45549e+00
-2.067700E-004,1.05308e+01,9.45549e+00
-2.067400E-004,1.05308e+01,9.45549e+00
-2.067100E-004,1.09328e+01,9.45549e+00
-2.066800E-004,1.09328e+01,9.45549e+00
-2.066500E-004,1.09328e+01,9.25448e+00
-2.066200E-004,1.09328e+01,9.45549e+00
-2.065900E-004,1.09328e+01,9.45549e+00
-2.065600E-004,1.09328e+01,9.45549e+00
-2.065300E-004,1.01287e+01,9.45549e+00
-2.065000E-004,1.09328e+01,9.25448e+00
-2.064700E-004,1.09328e+01,9.45549e+00
-2.064400E-004,1.05308e+01,9.25448e+00
-2.064100E-004,1.09328e+01,9.25448e+00
-2.063800E-004,1.09328e+01,9.45549e+00
-2.063500E-004,1.09328e+01,9.25448e+00
-2.063200E-004,1.09328e+01,9.25448e+00
-2.062900E-004,1.09328e+01,9.45549e+00
-2.062600E-004,1.09328e+01,9.45549e+00
-2.062300E-004,1.09328e+01,9.25448e+00
-2.062000E-004,1.09328e+01,9.45549e+00
-2.061700E-004,1.09328e+01,9.45549e+00
-2.061400E-004,1.09328e+01,9.45549e+00
-2.061100E-004,1.09328e+01,9.45549e+00
-2.060800E-004,1.09328e+01,9.25448e+00
-2.060500E-004,1.09328e+01,9.45549e+00
-2.060200E-004,1.09328e+01,9.45549e+00
-2.059900E-004,1.09328e+01,9.45549e+00
-2.059600E-004,1.05308e+01,9.45549e+00
-2.059300E-004,1.09328e+01,9.25448e+00
-2.059000E-004,1.09328e+01,9.25448e+00
-2.058700E-004,1.09328e+01,9.25448e+00
-2.058400E-004,1.09328e+01,9.25448e+00
-2.058100E-004,1.09328e+01,9.45549e+00
-2.057800E-004,1.05308e+01,9.25448e+00
-2.057500E-004,1.05308e+01,9.25448e+00
-2.057200E-004,1.05308e+01,9.45549e+00
-2.056900E-004,1.13348e+01,9.45549e+00
-2.056600E-004,1.09328e+01,9.25448e+00
-2.056300E-004,1.09328e+01,9.25448e+00
-2.056000E-004,1.05308e+01,9.25448e+00
-2.055700E-004,1.09328e+01,9.25448e+00
-2.055400E-004,1.09328e+01,9.65649e+00
-2.055100E-004,1.05308e+01,9.45549e+00
-2.054800E-004,1.05308e+01,9.45549e+00
-2.054500E-004,1.09328e+01,9.45549e+00
-2.054200E-004,1.05308e+01,9.45549e+00
-2.053900E-004,1.09328e+01,9.25448e+00
-2.053600E-004,1.09328e+01,9.45549e+00
-2.053300E-004,1.09328e+01,9.45549e+00
-2.053000E-004,1.09328e+01,9.45549e+00
-2.052700E-004,1.05308e+01,9.45549e+00
-2.052400E-004,1.09328e+01,9.45549e+00
-2.052100E-004,1.09328e+01,9.45549e+00
-2.051800E-004,1.05308e+01,9.45549e+00
-2.051500E-004,1.09328e+01,9.25448e+00
-2.051200E-004,1.09328e+01,9.45549e+00
-2.050900E-004,1.09328e+01,9.25448e+00
-2.050600E-004,1.05308e+01,9.25448e+00
-2.050300E-004,1.09328e+01,9.25448e+00
-2.050000E-004,1.09328e+01,9.25448e+00
-2.049700E-004,1.05308e+01,9.45549e+00
-2.049400E-004,1.05308e+01,9.25448e+00
-2.049100E-004,1.09328e+01,9.45549e+00
-2.048800E-004,1.09328e+01,9.45549e+00
-2.048500E-004,1.09328e+01,9.45549e+00
-2.048200E-004,1.05308e+01,9.25448e+00
-2.047900E-004,1.05308e+01,9.25448e+00
-2.047600E-004,1.09328e+01,9.45549e+00
-2.047300E-004,1.09328e+01,9.45549e+00
-2.047000E-004,1.05308e+01,9.45549e+00
-2.046700E-004,1.09328e+01,9.25448e+00
-2.046400E-004,1.05308e+01,9.45549e+00
-2.046100E-004,1.09328e+01,9.25448e+00
-2.045800E-004,1.05308e+01,9.25448e+00
-2.045500E-004,1.09328e+01,9.45549e+00
-2.045200E-004,1.09328e+01,9.45549e+00
-2.044900E-004,1.05308e+01,9.45549e+00
-2.044600E-004,1.05308e+01,9.25448e+00
-2.044300E-004,1.09328e+01,9.45549e+00
-2.044000E-004,1.09328e+01,9.45549e+00
-2.043700E-004,1.09328e+01,9.45549e+00
-2.043400E-004,1.09328e+01,9.45549e+00
-2.043100E-004,1.09328e+01,9.25448e+00
-2.042800E-004,1.05308e+01,9.45549e+00
-2.042500E-004,1.05308e+01,9.25448e+00
-2.042200E-004,1.09328e+01,9.45549e+00
-2.041900E-004,1.09328e+01,9.45549e+00
-2.041600E-004,1.05308e+01,9.45549e+00
-2.041300E-004,1.09328e+01,9.45549e+00
-2.041000E-004,1.05308e+01,9.45549e+00
-2.040700E-004,1.09328e+01,9.45549e+00
-2.040400E-004,1.13348e+01,9.45549e+00
-2.040100E-004,1.05308e+01,9.45549e+00
-2.039800E-004,1.09328e+01,9.45549e+00
-2.039500E-004,1.09328e+01,9.45549e+00
-2.039200E-004,1.05308e+01,9.25448e+00
-2.038900E-004,1.05308e+01,9.25448e+00
-2.038600E-004,1.05308e+01,9.45549e+00
-2.038300E-004,1.05308e+01,9.45549e+00
-2.038000E-004,1.13348e+01,9.45549e+00
-2.037700E-004,1.09328e+01,9.45549e+00
-2.037400E-004,1.05308e+01,9.45549e+00
-2.037100E-004,1.05308e+01,9.45549e+00
-2.036800E-004,1.09328e+01,9.25448e+00
-2.036500E-004,1.09328e+01,9.25448e+00
-2.036200E-004,1.05308e+01,9.25448e+00
-2.035900E-004,1.09328e+01,9.45549e+00
-2.035600E-004,1.05308e+01,9.45549e+00
-2.035300E-004,1.09328e+01,9.25448e+00
-2.035000E-004,1.09328e+01,9.45549e+00
-2.034700E-004,1.05308e+01,9.45549e+00
-2.034400E-004,1.09328e+01,9.25448e+00
-2.034100E-004,1.09328e+01,9.25448e+00
-2.033800E-004,1.05308e+01,9.45549e+00
-2.033500E-004,1.09328e+01,9.45549e+00
-2.033200E-004,1.09328e+01,9.25448e+00
-2.032900E-004,1.09328e+01,9.45549e+00
-2.032600E-004,1.09328e+01,9.45549e+00
-2.032300E-004,1.09328e+01,9.45549e+00
-2.032000E-004,1.09328e+01,9.25448e+00
-2.031700E-004,1.05308e+01,9.25448e+00
-2.031400E-004,1.05308e+01,9.45549e+00
-2.031100E-004,1.09328e+01,9.45549e+00
-2.030800E-004,1.09328e+01,9.45549e+00
-2.030500E-004,1.05308e+01,9.45549e+00
-2.030200E-004,1.05308e+01,9.45549e+00
-2.029900E-004,1.09328e+01,9.45549e+00
-2.029600E-004,1.09328e+01,9.25448e+00
-2.029300E-004,1.05308e+01,9.45549e+00
-2.029000E-004,1.09328e+01,9.45549e+00
-2.028700E-004,1.09328e+01,9.45549e+00
-2.028400E-004,1.09328e+01,9.45549e+00
-2.028100E-004,1.05308e+01,9.25448e+00
-2.027800E-004,1.09328e+01,9.45549e+00
-2.027500E-004,1.09328e+01,9.25448e+00
-2.027200E-004,1.09328e+01,9.45549e+00
-2.026900E-004,1.09328e+01,9.45549e+00
-2.026600E-004,1.05308e+01,9.45549e+00
-2.026300E-004,1.09328e+01,9.25448e+00
-2.026000E-004,1.05308e+01,9.45549e+00
-2.025700E-004,1.05308e+01,9.25448e+00
-2.025400E-004,1.09328e+01,9.25448e+00
-2.025100E-004,1.09328e+01,9.45549e+00
-2.024800E-004,1.13348e+01,9.25448e+00
-2.024500E-004,1.09328e+01,9.45549e+00
-2.024200E-004,1.05308e+01,9.25448e+00
-2.023900E-004,1.09328e+01,9.45549e+00
-2.023600E-004,1.09328e+01,9.45549e+00
-2.023300E-004,1.05308e+01,9.25448e+00
-2.023000E-004,1.09328e+01,9.25448e+00
-2.022700E-004,1.09328e+01,9.45549e+00
-2.022400E-004,1.09328e+01,9.45549e+00
-2.022100E-004,1.09328e+01,9.25448e+00
-2.021800E-004,1.09328e+01,9.45549e+00
-2.021500E-004,1.09328e+01,9.25448e+00
-2.021200E-004,1.09328e+01,9.45549e+00
-2.020900E-004,1.09328e+01,9.45549e+00
-2.020600E-004,1.09328e+01,9.45549e+00
-2.020300E-004,1.09328e+01,9.45549e+00
-2.020000E-004,1.09328e+01,9.45549e+00
-2.019700E-004,1.09328e+01,9.45549e+00
-2.019400E-004,1.09328e+01,9.45549e+00
-2.019100E-004,1.09328e+01,9.45549e+00
-2.018800E-004,1.09328e+01,9.45549e+00
-2.018500E-004,1.09328e+01,9.25448e+00
-2.018200E-004,1.05308e+01,9.45549e+00
-2.017900E-004,1.09328e+01,9.45549e+00
-2.017600E-004,1.05308e+01,9.25448e+00
-2.017300E-004,1.05308e+01,9.45549e+00
-2.017000E-004,1.05308e+01,9.25448e+00
-2.016700E-004,1.09328e+01,9.25448e+00
-2.016400E-004,1.09328e+01,9.25448e+00
-2.016100E-004,1.09328e+01,9.25448e+00
-2.015800E-004,1.09328e+01,9.45549e+00
-2.015500E-004,1.05308e+01,9.65649e+00
-2.015200E-004,1.09328e+01,9.45549e+00
-2.014900E-004,1.09328e+01,9.45549e+00
-2.014600E-004,1.05308e+01,9.45549e+00
-2.014300E-004,1.09328e+01,9.25448e+00
-2.014000E-004,1.09328e+01,9.45549e+00
-2.013700E-004,1.09328e+01,9.45549e+00
-2.013400E-004,1.05308e+01,9.45549e+00
-2.013100E-004,1.09328e+01,9.45549e+00
-2.012800E-004,1.09328e+01,9.45549e+00
-2.012500E-004,1.09328e+01,9.25448e+00
-2.012200E-004,1.05308e+01,9.45549e+00
-2.011900E-004,1.09328e+01,9.45549e+00
-2.011600E-004,1.09328e+01,9.25448e+00
-2.011300E-004,1.09328e+01,9.45549e+00
-2.011000E-004,1.09328e+01,9.45549e+00
-2.010700E-004,1.09328e+01,9.25448e+00
-2.010400E-004,1.09328e+01,9.25448e+00
-2.010100E-004,1.09328e+01,9.45549e+00
-2.009800E-004,1.09328e+01,9.45549e+00
-2.009500E-004,1.05308e+01,9.45549e+00
-2.009200E-004,1.05308e+01,9.45549e+00
-2.008900E-004,1.05308e+01,9.45549e+00
-2.008600E-004,1.09328e+01,9.45549e+00
-2.008300E-004,1.05308e+01,9.45549e+00
-2.008000E-004,1.09328e+01,9.25448e+00
-2.007700E-004,1.09328e+01,9.45549e+00
-2.007400E-004,1.09328e+01,9.45549e+00
-2.007100E-004,1.09328e+01,9.45549e+00
-2.006800E-004,1.09328e+01,9.25448e+00
-2.006500E-004,1.13348e+01,9.45549e+00
-2.006200E-004,1.09328e+01,9.25448e+00
-2.005900E-004,1.09328e+01,9.25448e+00
-2.005600E-004,1.05308e+01,9.45549e+00
-2.005300E-004,1.09328e+01,9.45549e+00
-2.005000E-004,1.09328e+01,9.25448e+00
-2.004700E-004,1.09328e+01,9.45549e+00
-2.004400E-004,1.05308e+01,9.45549e+00
-2.004100E-004,1.09328e+01,9.65649e+00
-2.003800E-004,1.09328e+01,9.45549e+00
-2.003500E-004,1.05308e+01,9.45549e+00
-2.003200E-004,1.05308e+01,9.45549e+00
-2.002900E-004,1.05308e+01,9.25448e+00
-2.002600E-004,1.05308e+01,9.45549e+00
-2.002300E-004,1.05308e+01,9.25448e+00
-2.002000E-004,1.05308e+01,9.45549e+00
-2.001700E-004,1.09328e+01,9.45549e+00
-2.001400E-004,1.09328e+01,9.45549e+00
-2.001100E-004,1.05308e+01,9.45549e+00
-2.000800E-004,1.09328e+01,9.45549e+00
-2.000500E-004,1.09328e+01,9.45549e+00
-2.000200E-004,1.09328e+01,9.25448e+00
-1.999900E-004,1.09328e+01,9.45549e+00
-1.999600E-004,1.09328e+01,9.45549e+00
-1.999300E-004,1.05308e+01,9.45549e+00
-1.999000E-004,1.09328e+01,9.45549e+00
-1.998700E-004,1.09328e+01,9.45549e+00
-1.998400E-004,1.05308e+01,9.45549e+00
-1.998100E-004,1.05308e+01,9.25448e+00
-1.997800E-004,1.09328e+01,9.45549e+00
-1.997500E-004,1.09328e+01,9.25448e+00
-1.997200E-004,1.09328e+01,9.45549e+00
-1.996900E-004,1.05308e+01,9.45549e+00
-1.996600E-004,1.09328e+01,9.45549e+00
-1.996300E-004,1.05308e+01,9.25448e+00
-1.996000E-004,1.05308e+01,9.45549e+00
-1.995700E-004,1.09328e+01,9.45549e+00
-1.995400E-004,1.05308e+01,9.45549e+00
-1.995100E-004,1.05308e+01,9.45549e+00
-1.994800E-004,1.05308e+01,9.45549e+00
-1.994500E-004,1.05308e+01,9.45549e+00
-1.994200E-004,1.09328e+01,9.65649e+00
-1.993900E-004,1.09328e+01,9.45549e+00
-1.993600E-004,1.05308e+01,9.45549e+00
-1.993300E-004,1.09328e+01,9.25448e+00
-1.993000E-004,1.09328e+01,9.45549e+00
-1.992700E-004,1.09328e+01,9.45549e+00
-1.992400E-004,1.09328e+01,9.25448e+00
-1.992100E-004,1.05308e+01,9.45549e+00
-1.991800E-004,1.09328e+01,9.45549e+00
-1.991500E-004,1.09328e+01,9.25448e+00
-1.991200E-004,1.09328e+01,9.45549e+00
-1.990900E-004,1.09328e+01,9.45549e+00
-1.990600E-004,1.09328e+01,9.45549e+00
-1.990300E-004,1.09328e+01,9.45549e+00
-1.990000E-004,1.09328e+01,9.25448e+00
-1.989700E-004,1.09328e+01,9.45549e+00
-1.989400E-004,1.09328e+01,9.45549e+00
-1.989100E-004,1.09328e+01,9.45549e+00
-1.988800E-004,1.05308e+01,9.25448e+00
-1.988500E-004,1.09328e+01,9.45549e+00
-1.988200E-004,1.09328e+01,9.45549e+00
-1.987900E-004,1.09328e+01,9.45549e+00
-1.987600E-004,1.05308e+01,9.45549e+00
-1.987300E-004,1.09328e+01,9.45549e+00
-1.987000E-004,1.09328e+01,9.45549e+00
-1.986700E-004,1.05308e+01,9.45549e+00
-1.986400E-004,1.09328e+01,9.45549e+00
-1.986100E-004,1.05308e+01,9.45549e+00
-1.985800E-004,1.09328e+01,9.45549e+00
-1.985500E-004,1.09328e+01,9.45549e+00
-1.985200E-004,1.09328e+01,9.25448e+00
-1.984900E-004,1.09328e+01,9.45549e+00
-1.984600E-004,1.09328e+01,9.45549e+00
-1.984300E-004,1.09328e+01,9.45549e+00
-1.984000E-004,1.09328e+01,9.45549e+00
-1.983700E-004,1.09328e+01,9.45549e+00
-1.983400E-004,1.09328e+01,9.25448e+00
-1.983100E-004,1.05308e+01,9.45549e+00
-1.982800E-004,1.09328e+01,9.25448e+00
-1.982500E-004,1.05308e+01,9.45549e+00
-1.982200E-004,1.09328e+01,9.45549e+00
-1.981900E-004,1.09328e+01,9.45549e+00
-1.981600E-004,1.09328e+01,9.45549e+00
-1.981300E-004,1.05308e+01,9.25448e+00
-1.981000E-004,1.09328e+01,9.25448e+00
-1.980700E-004,1.09328e+01,9.45549e+00
-1.980400E-004,1.09328e+01,9.45549e+00
-1.980100E-004,1.05308e+01,9.45549e+00
-1.979800E-004,1.05308e+01,9.45549e+00
-1.979500E-004,1.05308e+01,9.45549e+00
-1.979200E-004,1.09328e+01,9.45549e+00
-1.978900E-004,1.05308e+01,9.45549e+00
-1.978600E-004,1.09328e+01,9.45549e+00
-1.978300E-004,1.09328e+01,9.45549e+00
-1.978000E-004,1.09328e+01,9.45549e+00
-1.977700E-004,1.09328e+01,9.45549e+00
-1.977400E-004,1.09328e+01,9.45549e+00
-1.977100E-004,1.09328e+01,9.45549e+00
-1.976800E-004,1.09328e+01,9.25448e+00
-1.976500E-004,1.09328e+01,9.45549e+00
-1.976200E-004,1.09328e+01,9.25448e+00
-1.975900E-004,1.09328e+01,9.25448e+00
-1.975600E-004,1.09328e+01,9.45549e+00
-1.975300E-004,1.09328e+01,9.45549e+00
-1.975000E-004,1.09328e+01,9.45549e+00
-1.974700E-004,1.09328e+01,9.45549e+00
-1.974400E-004,1.13348e+01,9.45549e+00
-1.974100E-004,1.05308e+01,9.45549e+00
-1.973800E-004,1.09328e+01,9.45549e+00
-1.973500E-004,1.09328e+01,9.45549e+00
-1.973200E-004,1.09328e+01,9.65649e+00
-1.972900E-004,1.09328e+01,9.45549e+00
-1.972600E-004,1.09328e+01,9.65649e+00
-1.972300E-004,1.05308e+01,9.45549e+00
-1.972000E-004,1.05308e+01,9.45549e+00
-1.971700E-004,1.05308e+01,9.45549e+00
-1.971400E-004,1.09328e+01,9.45549e+00
-1.971100E-004,1.05308e+01,9.45549e+00
-1.970800E-004,1.09328e+01,9.45549e+00
-1.970500E-004,1.05308e+01,9.45549e+00
-1.970200E-004,1.09328e+01,9.45549e+00
-1.969900E-004,1.05308e+01,9.25448e+00
-1.969600E-004,1.09328e+01,9.45549e+00
-1.969300E-004,1.09328e+01,9.45549e+00
-1.969000E-004,1.13348e+01,9.25448e+00
-1.968700E-004,1.05308e+01,9.45549e+00
-1.968400E-004,1.09328e+01,9.45549e+00
-1.968100E-004,1.09328e+01,9.45549e+00
-1.967800E-004,1.05308e+01,9.45549e+00
-1.967500E-004,1.05308e+01,9.45549e+00
-1.967200E-004,1.09328e+01,9.45549e+00
-1.966900E-004,1.09328e+01,9.45549e+00
-1.966600E-004,1.09328e+01,9.45549e+00
-1.966300E-004,1.09328e+01,9.45549e+00
-1.966000E-004,1.05308e+01,9.45549e+00
-1.965700E-004,1.13348e+01,9.45549e+00
-1.965400E-004,1.05308e+01,9.45549e+00
-1.965100E-004,1.09328e+01,9.25448e+00
-1.964800E-004,1.09328e+01,9.45549e+00
-1.964500E-004,1.09328e+01,9.45549e+00
-1.964200E-004,1.09328e+01,9.45549e+00
-1.963900E-004,1.09328e+01,9.45549e+00
-1.963600E-004,1.09328e+01,9.45549e+00
-1.963300E-004,1.05308e+01,9.45549e+00
-1.963000E-004,1.05308e+01,9.45549e+00
-1.962700E-004,1.09328e+01,9.25448e+00
-1.962400E-004,1.09328e+01,9.25448e+00
-1.962100E-004,1.09328e+01,9.45549e+00
-1.961800E-004,1.09328e+01,9.45549e+00
-1.961500E-004,1.09328e+01,9.45549e+00
-1.961200E-004,1.09328e+01,9.25448e+00
-1.960900E-004,1.09328e+01,9.45549e+00
-1.960600E-004,1.09328e+01,9.45549e+00
-1.960300E-004,1.09328e+01,9.45549e+00
-1.960000E-004,1.09328e+01,9.25448e+00
-1.959700E-004,1.09328e+01,9.45549e+00
-1.959400E-004,1.09328e+01,9.45549e+00
-1.959100E-004,1.09328e+01,9.65649e+00
-1.958800E-004,1.09328e+01,9.45549e+00
-1.958500E-004,1.09328e+01,9.45549e+00
-1.958200E-004,1.09328e+01,9.45549e+00
-1.957900E-004,1.05308e+01,9.25448e+00
-1.957600E-004,1.09328e+01,9.25448e+00
-1.957300E-004,1.09328e+01,9.25448e+00
-1.957000E-004,1.09328e+01,9.45549e+00
-1.956700E-004,1.09328e+01,9.45549e+00
-1.956400E-004,1.05308e+01,9.25448e+00
-1.956100E-004,1.09328e+01,9.45549e+00
-1.955800E-004,1.09328e+01,9.45549e+00
-1.955500E-004,1.09328e+01,9.45549e+00
-1.955200E-004,1.09328e+01,9.45549e+00
-1.954900E-004,1.09328e+01,9.45549e+00
-1.954600E-004,1.09328e+01,9.45549e+00
-1.954300E-004,1.09328e+01,9.45549e+00
-1.954000E-004,1.09328e+01,9.45549e+00
-1.953700E-004,1.09328e+01,9.45549e+00
-1.953400E-004,1.05308e+01,9.65649e+00
-1.953100E-004,1.09328e+01,9.45549e+00
-1.952800E-004,1.09328e+01,9.65649e+00
-1.952500E-004,1.09328e+01,9.45549e+00
-1.952200E-004,1.09328e+01,9.25448e+00
-1.951900E-004,1.09328e+01,9.45549e+00
-1.951600E-004,1.09328e+01,9.45549e+00
-1.951300E-004,1.05308e+01,9.65649e+00
-1.951000E-004,1.09328e+01,9.45549e+00
-1.950700E-004,1.09328e+01,9.45549e+00
-1.950400E-004,1.09328e+01,9.45549e+00
-1.950100E-004,1.09328e+01,9.45549e+00
-1.949800E-004,1.09328e+01,9.25448e+00
-1.949500E-004,1.05308e+01,9.45549e+00
-1.949200E-004,1.05308e+01,9.45549e+00
-1.948900E-004,1.09328e+01,9.45549e+00
-1.948600E-004,1.09328e+01,9.45549e+00
-1.948300E-004,1.05308e+01,9.45549e+00
-1.948000E-004,1.09328e+01,9.65649e+00
-1.947700E-004,1.09328e+01,9.45549e+00
-1.947400E-004,1.09328e+01,9.45549e+00
-1.947100E-004,1.09328e+01,9.45549e+00
-1.946800E-004,1.05308e+01,9.25448e+00
-1.946500E-004,1.05308e+01,9.45549e+00
-1.946200E-004,1.09328e+01,9.45549e+00
-1.945900E-004,1.09328e+01,9.45549e+00
-1.945600E-004,1.09328e+01,9.45549e+00
-1.945300E-004,1.09328e+01,9.45549e+00
-1.945000E-004,1.09328e+01,9.45549e+00
-1.944700E-004,1.05308e+01,9.45549e+00
-1.944400E-004,1.09328e+01,9.45549e+00
-1.944100E-004,1.09328e+01,9.45549e+00
-1.943800E-004,1.05308e+01,9.25448e+00
-1.943500E-004,1.09328e+01,9.45549e+00
-1.943200E-004,1.09328e+01,9.45549e+00
-1.942900E-004,1.09328e+01,9.45549e+00
-1.942600E-004,1.05308e+01,9.45549e+00
-1.942300E-004,1.09328e+01,9.25448e+00
-1.942000E-004,1.09328e+01,9.45549e+00
-1.941700E-004,1.09328e+01,9.45549e+00
-1.941400E-004,1.09328e+01,9.45549e+00
-1.941100E-004,1.09328e+01,9.45549e+00
-1.940800E-004,1.09328e+01,9.45549e+00
-1.940500E-004,1.09328e+01,9.25448e+00
-1.940200E-004,1.05308e+01,9.25448e+00
-1.939900E-004,1.09328e+01,9.25448e+00
-1.939600E-004,1.05308e+01,9.25448e+00
-1.939300E-004,1.09328e+01,9.45549e+00
-1.939000E-004,1.09328e+01,9.65649e+00
-1.938700E-004,1.09328e+01,9.25448e+00
-1.938400E-004,1.09328e+01,9.25448e+00
-1.938100E-004,1.05308e+01,9.45549e+00
-1.937800E-004,1.09328e+01,9.25448e+00
-1.937500E-004,1.09328e+01,9.45549e+00
-1.937200E-004,1.09328e+01,9.45549e+00
-1.936900E-004,1.09328e+01,9.45549e+00
-1.936600E-004,1.05308e+01,9.45549e+00
-1.936300E-004,1.05308e+01,9.45549e+00
-1.936000E-004,1.09328e+01,9.25448e+00
-1.935700E-004,1.09328e+01,9.45549e+00
-1.935400E-004,1.09328e+01,9.45549e+00
-1.935100E-004,1.09328e+01,9.45549e+00
-1.934800E-004,1.09328e+01,9.45549e+00
-1.934500E-004,1.05308e+01,9.45549e+00
-1.934200E-004,1.05308e+01,9.45549e+00
-1.933900E-004,1.09328e+01,9.45549e+00
-1.933600E-004,1.09328e+01,9.45549e+00
-1.933300E-004,1.09328e+01,9.25448e+00
-1.933000E-004,1.09328e+01,9.45549e+00
-1.932700E-004,1.09328e+01,9.45549e+00
-1.932400E-004,1.09328e+01,9.45549e+00
-1.932100E-004,1.09328e+01,9.25448e+00
-1.931800E-004,1.09328e+01,9.45549e+00
-1.931500E-004,1.09328e+01,9.45549e+00
-1.931200E-004,1.09328e+01,9.45549e+00
-1.930900E-004,1.05308e+01,9.45549e+00
-1.930600E-004,1.09328e+01,9.25448e+00
-1.930300E-004,1.05308e+01,9.45549e+00
-1.930000E-004,1.09328e+01,9.45549e+00
-1.929700E-004,1.09328e+01,9.45549e+00
-1.929400E-004,1.09328e+01,9.25448e+00
-1.929100E-004,1.05308e+01,9.45549e+00
-1.928800E-004,1.09328e+01,9.45549e+00
-1.928500E-004,1.05308e+01,9.45549e+00
-1.928200E-004,1.09328e+01,9.45549e+00
-1.927900E-004,1.09328e+01,9.45549e+00
-1.927600E-004,1.09328e+01,9.45549e+00
-1.927300E-004,1.05308e+01,9.25448e+00
-1.927000E-004,1.09328e+01,9.45549e+00
-1.926700E-004,1.09328e+01,9.45549e+00
-1.926400E-004,1.09328e+01,9.45549e+00
-1.926100E-004,1.05308e+01,9.45549e+00
-1.925800E-004,1.09328e+01,9.45549e+00
-1.925500E-004,1.05308e+01,9.25448e+00
-1.925200E-004,1.09328e+01,9.45549e+00
-1.924900E-004,1.05308e+01,9.45549e+00
-1.924600E-004,1.09328e+01,9.45549e+00
-1.924300E-004,1.09328e+01,9.45549e+00
-1.924000E-004,1.09328e+01,9.25448e+00
-1.923700E-004,1.09328e+01,9.45549e+00
-1.923400E-004,1.09328e+01,9.45549e+00
-1.923100E-004,1.09328e+01,9.45549e+00
-1.922800E-004,1.09328e+01,9.45549e+00
-1.922500E-004,1.09328e+01,9.45549e+00
-1.922200E-004,1.09328e+01,9.25448e+00
-1.921900E-004,1.09328e+01,9.25448e+00
-1.921600E-004,1.09328e+01,9.45549e+00
-1.921300E-004,1.09328e+01,9.45549e+00
-1.921000E-004,1.09328e+01,9.45549e+00
-1.920700E-004,1.09328e+01,9.45549e+00
-1.920400E-004,1.09328e+01,9.45549e+00
-1.920100E-004,1.09328e+01,9.45549e+00
-1.919800E-004,1.09328e+01,9.65649e+00
-1.919500E-004,1.09328e+01,9.45549e+00
-1.919200E-004,1.09328e+01,9.45549e+00
-1.918900E-004,1.05308e+01,9.25448e+00
-1.918600E-004,1.05308e+01,9.45549e+00
-1.918300E-004,1.09328e+01,9.25448e+00
-1.918000E-004,1.05308e+01,9.45549e+00
-1.917700E-004,1.09328e+01,9.25448e+00
-1.917400E-004,1.09328e+01,9.45549e+00
-1.917100E-004,1.09328e+01,9.25448e+00
-1.916800E-004,1.09328e+01,9.25448e+00
-1.916500E-004,1.09328e+01,9.45549e+00
-1.916200E-004,1.09328e+01,9.45549e+00
-1.915900E-004,1.09328e+01,9.45549e+00
-1.915600E-004,1.09328e+01,9.45549e+00
-1.915300E-004,1.09328e+01,9.45549e+00
-1.915000E-004,1.09328e+01,9.45549e+00
-1.914700E-004,1.09328e+01,9.65649e+00
-1.914400E-004,1.09328e+01,9.25448e+00
-1.914100E-004,1.09328e+01,9.45549e+00
-1.913800E-004,1.05308e+01,9.25448e+00
-1.913500E-004,1.05308e+01,9.45549e+00
-1.913200E-004,1.09328e+01,9.45549e+00
-1.912900E-004,1.09328e+01,9.25448e+00
-1.912600E-004,1.09328e+01,9.45549e+00
-1.912300E-004,1.09328e+01,9.45549e+00
-1.912000E-004,1.05308e+01,9.45549e+00
-1.911700E-004,1.09328e+01,9.45549e+00
-1.911400E-004,1.09328e+01,9.25448e+00
-1.911100E-004,1.05308e+01,9.25448e+00
-1.910800E-004,1.09328e+01,9.45549e+00
-1.910500E-004,1.09328e+01,9.45549e+00
-1.910200E-004,1.09328e+01,9.45549e+00
-1.909900E-004,1.09328e+01,9.45549e+00
-1.909600E-004,1.09328e+01,9.45549e+00
-1.909300E-004,1.13348e+01,9.45549e+00
-1.909000E-004,1.09328e+01,9.45549e+00
-1.908700E-004,1.09328e+01,9.25448e+00
-1.908400E-004,1.09328e+01,9.45549e+00
-1.908100E-004,1.09328e+01,9.45549e+00
-1.907800E-004,1.09328e+01,9.65649e+00
-1.907500E-004,1.09328e+01,9.25448e+00
-1.907200E-004,1.05308e+01,9.45549e+00
-1.906900E-004,1.09328e+01,9.45549e+00
-1.906600E-004,1.09328e+01,9.25448e+00
-1.906300E-004,1.09328e+01,9.45549e+00
-1.906000E-004,1.05308e+01,9.45549e+00
-1.905700E-004,1.05308e+01,9.45549e+00
-1.905400E-004,1.05308e+01,9.45549e+00
-1.905100E-004,1.05308e+01,9.25448e+00
-1.904800E-004,1.09328e+01,9.25448e+00
-1.904500E-004,1.09328e+01,9.45549e+00
-1.904200E-004,1.09328e+01,9.45549e+00
-1.903900E-004,1.09328e+01,9.45549e+00
-1.903600E-004,1.09328e+01,9.45549e+00
-1.903300E-004,1.05308e+01,9.45549e+00
-1.903000E-004,1.13348e+01,9.45549e+00
-1.902700E-004,1.09328e+01,9.45549e+00
-1.902400E-004,1.05308e+01,9.45549e+00
-1.902100E-004,1.05308e+01,9.45549e+00
-1.901800E-004,1.09328e+01,9.45549e+00
-1.901500E-004,1.09328e+01,9.45549e+00
-1.901200E-004,1.09328e+01,9.45549e+00
-1.900900E-004,1.09328e+01,9.45549e+00
-1.900600E-004,1.09328e+01,9.45549e+00
-1.900300E-004,1.09328e+01,9.45549e+00
-1.900000E-004,1.09328e+01,9.45549e+00
-1.899700E-004,1.05308e+01,9.45549e+00
-1.899400E-004,1.09328e+01,9.45549e+00
-1.899100E-004,1.09328e+01,9.45549e+00
-1.898800E-004,1.09328e+01,9.45549e+00
-1.898500E-004,1.09328e+01,9.45549e+00
-1.898200E-004,1.09328e+01,9.45549e+00
-1.897900E-004,1.05308e+01,9.45549e+00
-1.897600E-004,1.09328e+01,9.45549e+00
-1.897300E-004,1.09328e+01,9.45549e+00
-1.897000E-004,1.09328e+01,9.45549e+00
-1.896700E-004,1.09328e+01,9.45549e+00
-1.896400E-004,1.09328e+01,9.45549e+00
-1.896100E-004,1.09328e+01,9.45549e+00
-1.895800E-004,1.05308e+01,9.25448e+00
-1.895500E-004,1.09328e+01,9.25448e+00
-1.895200E-004,1.09328e+01,9.25448e+00
-1.894900E-004,1.09328e+01,9.45549e+00
-1.894600E-004,1.09328e+01,9.45549e+00
-1.894300E-004,1.09328e+01,9.45549e+00
-1.894000E-004,1.09328e+01,9.45549e+00
-1.893700E-004,1.09328e+01,9.45549e+00
-1.893400E-004,1.05308e+01,9.45549e+00
-1.893100E-004,1.05308e+01,9.45549e+00
-1.892800E-004,1.09328e+01,9.45549e+00
-1.892500E-004,1.09328e+01,9.25448e+00
-1.892200E-004,1.13348e+01,9.45549e+00
-1.891900E-004,1.05308e+01,9.45549e+00
-1.891600E-004,1.09328e+01,9.45549e+00
-1.891300E-004,1.09328e+01,9.45549e+00
-1.891000E-004,1.09328e+01,9.45549e+00
-1.890700E-004,1.09328e+01,9.45549e+00
-1.890400E-004,1.09328e+01,9.65649e+00
-1.890100E-004,1.09328e+01,9.45549e+00
-1.889800E-004,1.09328e+01,9.45549e+00
-1.889500E-004,1.09328e+01,9.45549e+00
-1.889200E-004,1.09328e+01,9.45549e+00
-1.888900E-004,1.05308e+01,9.45549e+00
-1.888600E-004,1.09328e+01,9.45549e+00
-1.888300E-004,1.09328e+01,9.45549e+00
-1.888000E-004,1.09328e+01,9.45549e+00
-1.887700E-004,1.09328e+01,9.45549e+00
-1.887400E-004,1.09328e+01,9.45549e+00
-1.887100E-004,1.09328e+01,9.45549e+00
-1.886800E-004,1.09328e+01,9.45549e+00
-1.886500E-004,1.05308e+01,9.45549e+00
-1.886200E-004,1.09328e+01,9.25448e+00
-1.885900E-004,1.05308e+01,9.45549e+00
-1.885600E-004,1.05308e+01,9.45549e+00
-1.885300E-004,1.05308e+01,9.45549e+00
-1.885000E-004,1.09328e+01,9.45549e+00
-1.884700E-004,1.09328e+01,9.45549e+00
-1.884400E-004,1.09328e+01,9.45549e+00
-1.884100E-004,1.05308e+01,9.45549e+00
-1.883800E-004,1.09328e+01,9.45549e+00
-1.883500E-004,1.05308e+01,9.45549e+00
-1.883200E-004,1.05308e+01,9.45549e+00
-1.882900E-004,1.09328e+01,9.45549e+00
-1.882600E-004,1.05308e+01,9.45549e+00
-1.882300E-004,1.05308e+01,9.45549e+00
-1.882000E-004,1.05308e+01,9.25448e+00
-1.881700E-004,1.05308e+01,9.45549e+00
-1.881400E-004,1.09328e+01,9.45549e+00
-1.881100E-004,1.09328e+01,9.45549e+00
-1.880800E-004,1.09328e+01,9.45549e+00
-1.880500E-004,1.09328e+01,9.45549e+00
-1.880200E-004,1.09328e+01,9.45549e+00
-1.879900E-004,1.09328e+01,9.45549e+00
-1.879600E-004,1.09328e+01,9.45549e+00
-1.879300E-004,1.05308e+01,9.45549e+00
-1.879000E-004,1.09328e+01,9.45549e+00
-1.878700E-004,1.05308e+01,9.45549e+00
-1.878400E-004,1.09328e+01,9.45549e+00
-1.878100E-004,1.05308e+01,9.45549e+00
-1.877800E-004,1.13348e+01,9.45549e+00
-1.877500E-004,1.09328e+01,9.45549e+00
-1.877200E-004,1.05308e+01,9.25448e+00
-1.876900E-004,1.05308e+01,9.45549e+00
-1.876600E-004,1.09328e+01,9.45549e+00
-1.876300E-004,1.09328e+01,9.45549e+00
-1.876000E-004,1.09328e+01,9.45549e+00
-1.875700E-004,1.09328e+01,9.45549e+00
-1.875400E-004,1.09328e+01,9.45549e+00
-1.875100E-004,1.09328e+01,9.25448e+00
-1.874800E-004,1.09328e+01,9.65649e+00
-1.874500E-004,1.09328e+01,9.45549e+00
-1.874200E-004,1.05308e+01,9.45549e+00
-1.873900E-004,1.05308e+01,9.45549e+00
-1.873600E-004,1.09328e+01,9.25448e+00
-1.873300E-004,1.05308e+01,9.25448e+00
-1.873000E-004,1.09328e+01,9.45549e+00
-1.872700E-004,1.09328e+01,9.45549e+00
-1.872400E-004,1.09328e+01,9.25448e+00
-1.872100E-004,1.05308e+01,9.25448e+00
-1.871800E-004,1.09328e+01,9.65649e+00
-1.871500E-004,1.09328e+01,9.25448e+00
-1.871200E-004,1.09328e+01,9.45549e+00
-1.870900E-004,1.09328e+01,9.45549e+00
-1.870600E-004,1.05308e+01,9.25448e+00
-1.870300E-004,1.09328e+01,9.45549e+00
-1.870000E-004,1.09328e+01,9.45549e+00
-1.869700E-004,1.09328e+01,9.45549e+00
-1.869400E-004,1.09328e+01,9.25448e+00
-1.869100E-004,1.09328e+01,9.45549e+00
-1.868800E-004,1.09328e+01,9.45549e+00
-1.868500E-004,1.09328e+01,9.45549e+00
-1.868200E-004,1.05308e+01,9.45549e+00
-1.867900E-004,1.09328e+01,9.45549e+00
-1.867600E-004,1.05308e+01,9.45549e+00
-1.867300E-004,1.05308e+01,9.45549e+00
-1.867000E-004,1.09328e+01,9.45549e+00
-1.866700E-004,1.05308e+01,9.45549e+00
-1.866400E-004,1.09328e+01,9.45549e+00
-1.866100E-004,1.09328e+01,9.45549e+00
-1.865800E-004,1.09328e+01,9.45549e+00
-1.865500E-004,1.09328e+01,9.45549e+00
-1.865200E-004,1.09328e+01,9.45549e+00
-1.864900E-004,1.09328e+01,9.25448e+00
-1.864600E-004,1.09328e+01,9.45549e+00
-1.864300E-004,1.09328e+01,9.45549e+00
-1.864000E-004,1.09328e+01,9.45549e+00
-1.863700E-004,1.09328e+01,9.45549e+00
-1.863400E-004,1.09328e+01,9.45549e+00
-1.863100E-004,1.05308e+01,9.45549e+00
-1.862800E-004,1.09328e+01,9.45549e+00
-1.862500E-004,1.05308e+01,9.45549e+00
-1.862200E-004,1.09328e+01,9.45549e+00
-1.861900E-004,1.09328e+01,9.45549e+00
-1.861600E-004,1.05308e+01,9.45549e+00
-1.861300E-004,1.05308e+01,9.45549e+00
-1.861000E-004,1.09328e+01,9.25448e+00
-1.860700E-004,1.09328e+01,9.45549e+00
-1.860400E-004,1.05308e+01,9.45549e+00
-1.860100E-004,1.09328e+01,9.45549e+00
-1.859800E-004,1.09328e+01,9.45549e+00
-1.859500E-004,1.09328e+01,9.25448e+00
-1.859200E-004,1.09328e+01,9.65649e+00
-1.858900E-004,1.09328e+01,9.45549e+00
-1.858600E-004,1.09328e+01,9.45549e+00
-1.858300E-004,1.05308e+01,9.45549e+00
-1.858000E-004,1.05308e+01,9.45549e+00
-1.857700E-004,1.09328e+01,9.45549e+00
-1.857400E-004,1.09328e+01,9.45549e+00
-1.857100E-004,1.09328e+01,9.45549e+00
-1.856800E-004,1.05308e+01,9.45549e+00
-1.856500E-004,1.09328e+01,9.45549e+00
-1.856200E-004,1.05308e+01,9.45549e+00
-1.855900E-004,1.09328e+01,9.45549e+00
-1.855600E-004,1.05308e+01,9.45549e+00
-1.855300E-004,1.09328e+01,9.45549e+00
-1.855000E-004,1.09328e+01,9.45549e+00
-1.854700E-004,1.05308e+01,9.45549e+00
-1.854400E-004,1.13348e+01,9.45549e+00
-1.854100E-004,1.05308e+01,9.65649e+00
-1.853800E-004,1.09328e+01,9.45549e+00
-1.853500E-004,1.13348e+01,9.45549e+00
-1.853200E-004,1.05308e+01,9.45549e+00
-1.852900E-004,1.09328e+01,9.45549e+00
-1.852600E-004,1.09328e+01,9.45549e+00
-1.852300E-004,1.09328e+01,9.45549e+00
-1.852000E-004,1.09328e+01,9.25448e+00
-1.851700E-004,1.09328e+01,9.45549e+00
-1.851400E-004,1.05308e+01,9.45549e+00
-1.851100E-004,1.09328e+01,9.45549e+00
-1.850800E-004,1.09328e+01,9.25448e+00
-1.850500E-004,1.09328e+01,9.45549e+00
-1.850200E-004,1.05308e+01,9.65649e+00
-1.849900E-004,1.09328e+01,9.45549e+00
-1.849600E-004,1.09328e+01,9.45549e+00
-1.849300E-004,1.05308e+01,9.25448e+00
-1.849000E-004,1.09328e+01,9.25448e+00
-1.848700E-004,1.09328e+01,9.45549e+00
-1.848400E-004,1.05308e+01,9.45549e+00
-1.848100E-004,1.09328e+01,9.45549e+00
-1.847800E-004,1.09328e+01,9.45549e+00
-1.847500E-004,1.09328e+01,9.25448e+00
-1.847200E-004,1.09328e+01,9.45549e+00
-1.846900E-004,1.09328e+01,9.45549e+00
-1.846600E-004,1.09328e+01,9.45549e+00
-1.846300E-004,1.09328e+01,9.45549e+00
-1.846000E-004,1.09328e+01,9.45549e+00
-1.845700E-004,1.09328e+01,9.45549e+00
-1.845400E-004,1.09328e+01,9.45549e+00
-1.845100E-004,1.09328e+01,9.45549e+00
-1.844800E-004,1.09328e+01,9.45549e+00
-1.844500E-004,1.09328e+01,9.65649e+00
-1.844200E-004,1.09328e+01,9.45549e+00
-1.843900E-004,1.09328e+01,9.45549e+00
-1.843600E-004,1.09328e+01,9.45549e+00
-1.843300E-004,1.09328e+01,9.25448e+00
-1.843000E-004,1.09328e+01,9.45549e+00
-1.842700E-004,1.09328e+01,9.25448e+00
-1.842400E-004,1.09328e+01,9.45549e+00
-1.842100E-004,1.09328e+01,9.45549e+00
-1.841800E-004,1.09328e+01,9.45549e+00
-1.841500E-004,1.09328e+01,9.45549e+00
-1.841200E-004,1.09328e+01,9.45549e+00
-1.840900E-004,1.09328e+01,9.45549e+00
-1.840600E-004,1.09328e+01,9.45549e+00
-1.840300E-004,1.09328e+01,9.45549e+00
-1.840000E-004,1.09328e+01,9.45549e+00
-1.839700E-004,1.05308e+01,9.45549e+00
-1.839400E-004,1.09328e+01,9.45549e+00
-1.839100E-004,1.09328e+01,9.45549e+00
-1.838800E-004,1.09328e+01,9.45549e+00
-1.838500E-004,1.05308e+01,9.45549e+00
-1.838200E-004,1.09328e+01,9.45549e+00
-1.837900E-004,1.09328e+01,9.25448e+00
-1.837600E-004,1.09328e+01,9.45549e+00
-1.837300E-004,1.05308e+01,9.45549e+00
-1.837000E-004,1.09328e+01,9.45549e+00
-1.836700E-004,1.09328e+01,9.45549e+00
-1.836400E-004,1.05308e+01,9.45549e+00
-1.836100E-004,1.09328e+01,9.45549e+00
-1.835800E-004,1.05308e+01,9.45549e+00
-1.835500E-004,1.09328e+01,9.45549e+00
-1.835200E-004,1.05308e+01,9.45549e+00
-1.834900E-004,1.09328e+01,9.45549e+00
-1.834600E-004,1.09328e+01,9.45549e+00
-1.834300E-004,1.09328e+01,9.45549e+00
-1.834000E-004,1.09328e+01,9.45549e+00
-1.833700E-004,1.09328e+01,9.45549e+00
-1.833400E-004,1.09328e+01,9.45549e+00
-1.833100E-004,1.05308e+01,9.25448e+00
-1.832800E-004,1.13348e+01,9.45549e+00
-1.832500E-004,1.09328e+01,9.45549e+00
-1.832200E-004,1.09328e+01,9.45549e+00
-1.831900E-004,1.09328e+01,9.45549e+00
-1.831600E-004,1.09328e+01,9.45549e+00
-1.831300E-004,1.09328e+01,9.45549e+00
-1.831000E-004,1.09328e+01,9.45549e+00
-1.830700E-004,1.05308e+01,9.45549e+00
-1.830400E-004,1.09328e+01,9.45549e+00
-1.830100E-004,1.09328e+01,9.45549e+00
-1.829800E-004,1.05308e+01,9.45549e+00
-1.829500E-004,1.05308e+01,9.45549e+00
-1.829200E-004,1.09328e+01,9.45549e+00
-1.828900E-004,1.09328e+01,9.45549e+00
-1.828600E-004,1.09328e+01,9.45549e+00
-1.828300E-004,1.09328e+01,9.45549e+00
-1.828000E-004,1.05308e+01,9.45549e+00
-1.827700E-004,1.09328e+01,9.45549e+00
-1.827400E-004,1.05308e+01,9.45549e+00
-1.827100E-004,1.09328e+01,9.45549e+00
-1.826800E-004,1.09328e+01,9.25448e+00
-1.826500E-004,1.05308e+01,9.45549e+00
-1.826200E-004,1.05308e+01,9.45549e+00
-1.825900E-004,1.09328e+01,9.45549e+00
-1.825600E-004,1.05308e+01,9.45549e+00
-1.825300E-004,1.09328e+01,9.45549e+00
-1.825000E-004,1.09328e+01,9.45549e+00
-1.824700E-004,1.13348e+01,9.45549e+00
-1.824400E-004,1.05308e+01,9.45549e+00
-1.824100E-004,1.09328e+01,9.45549e+00
-1.823800E-004,1.09328e+01,9.45549e+00
-1.823500E-004,1.05308e+01,9.45549e+00
-1.823200E-004,1.05308e+01,9.45549e+00
-1.822900E-004,1.09328e+01,9.65649e+00
-1.822600E-004,1.05308e+01,9.45549e+00
-1.822300E-004,1.09328e+01,9.45549e+00
-1.822000E-004,1.05308e+01,9.45549e+00
-1.821700E-004,1.09328e+01,9.45549e+00
-1.821400E-004,1.09328e+01,9.45549e+00
-1.821100E-004,1.05308e+01,9.45549e+00
-1.820800E-004,1.09328e+01,9.45549e+00
-1.820500E-004,1.09328e+01,9.65649e+00
-1.820200E-004,1.09328e+01,9.45549e+00
-1.819900E-004,1.09328e+01,9.45549e+00
-1.819600E-004,1.05308e+01,9.45549e+00
-1.819300E-004,1.09328e+01,9.45549e+00
-1.819000E-004,1.05308e+01,9.45549e+00
-1.818700E-004,1.09328e+01,9.65649e+00
-1.818400E-004,1.09328e+01,9.45549e+00
-1.818100E-004,1.09328e+01,9.45549e+00
-1.817800E-004,1.09328e+01,9.45549e+00
-1.817500E-004,1.09328e+01,9.45549e+00
-1.817200E-004,1.09328e+01,9.45549e+00
-1.816900E-004,1.09328e+01,9.45549e+00
-1.816600E-004,1.05308e+01,9.45549e+00
-1.816300E-004,1.09328e+01,9.45549e+00
-1.816000E-004,1.09328e+01,9.65649e+00
-1.815700E-004,1.09328e+01,9.25448e+00
-1.815400E-004,1.09328e+01,9.45549e+00
-1.815100E-004,1.13348e+01,9.65649e+00
-1.814800E-004,1.09328e+01,9.45549e+00
-1.814500E-004,1.09328e+01,9.45549e+00
-1.814200E-004,1.05308e+01,9.45549e+00
-1.813900E-004,1.09328e+01,9.45549e+00
-1.813600E-004,1.09328e+01,9.45549e+00
-1.813300E-004,1.09328e+01,9.45549e+00
-1.813000E-004,1.05308e+01,9.45549e+00
-1.812700E-004,1.09328e+01,9.25448e+00
-1.812400E-004,1.05308e+01,9.45549e+00
-1.812100E-004,1.05308e+01,9.45549e+00
-1.811800E-004,1.09328e+01,9.45549e+00
-1.811500E-004,1.09328e+01,9.45549e+00
-1.811200E-004,1.09328e+01,9.25448e+00
-1.810900E-004,1.09328e+01,9.45549e+00
-1.810600E-004,1.13348e+01,9.45549e+00
-1.810300E-004,1.09328e+01,9.25448e+00
-1.810000E-004,1.09328e+01,9.45549e+00
-1.809700E-004,1.09328e+01,9.45549e+00
-1.809400E-004,1.09328e+01,9.45549e+00
-1.809100E-004,1.09328e+01,9.45549e+00
-1.808800E-004,1.09328e+01,9.45549e+00
-1.808500E-004,1.09328e+01,9.45549e+00
-1.808200E-004,1.09328e+01,9.45549e+00
-1.807900E-004,1.09328e+01,9.45549e+00
-1.807600E-004,1.09328e+01,9.45549e+00
-1.807300E-004,1.09328e+01,9.45549e+00
-1.807000E-004,1.13348e+01,9.45549e+00
-1.806700E-004,1.09328e+01,9.45549e+00
-1.806400E-004,1.09328e+01,9.45549e+00
-1.806100E-004,1.09328e+01,9.45549e+00
-1.805800E-004,1.05308e+01,9.45549e+00
-1.805500E-004,1.05308e+01,9.45549e+00
-1.805200E-004,1.09328e+01,9.45549e+00
-1.804900E-004,1.09328e+01,9.45549e+00
-1.804600E-004,1.05308e+01,9.45549e+00
-1.804300E-004,1.09328e+01,9.45549e+00
-1.804000E-004,1.09328e+01,9.45549e+00
-1.803700E-004,1.09328e+01,9.45549e+00
-1.803400E-004,1.09328e+01,9.45549e+00
-1.803100E-004,1.09328e+01,9.45549e+00
-1.802800E-004,1.09328e+01,9.45549e+00
-1.802500E-004,1.09328e+01,9.45549e+00
-1.802200E-004,1.09328e+01,9.65649e+00
-1.801900E-004,1.13348e+01,9.45549e+00
-1.801600E-004,1.09328e+01,9.45549e+00
-1.801300E-004,1.09328e+01,9.45549e+00
-1.801000E-004,1.09328e+01,9.45549e+00
-1.800700E-004,1.09328e+01,9.45549e+00
-1.800400E-004,1.09328e+01,9.45549e+00
-1.800100E-004,1.09328e+01,9.45549e+00
-1.799800E-004,1.09328e+01,9.45549e+00
-1.799500E-004,1.05308e+01,9.45549e+00
-1.799200E-004,1.09328e+01,9.65649e+00
-1.798900E-004,1.09328e+01,9.45549e+00
-1.798600E-004,1.09328e+01,9.45549e+00
-1.798300E-004,1.09328e+01,9.45549e+00
-1.798000E-004,1.09328e+01,9.45549e+00
-1.797700E-004,1.09328e+01,9.45549e+00
-1.797400E-004,1.09328e+01,9.45549e+00
-1.797100E-004,1.13348e+01,9.45549e+00
-1.796800E-004,1.05308e+01,9.45549e+00
-1.796500E-004,1.09328e+01,9.45549e+00
-1.796200E-004,1.09328e+01,9.45549e+00
-1.795900E-004,1.05308e+01,9.45549e+00
-1.795600E-004,1.09328e+01,9.65649e+00
-1.795300E-004,1.05308e+01,9.45549e+00
-1.795000E-004,1.09328e+01,9.45549e+00
-1.794700E-004,1.09328e+01,9.45549e+00
-1.794400E-004,1.09328e+01,9.45549e+00
-1.794100E-004,1.09328e+01,9.45549e+00
-1.793800E-004,1.09328e+01,9.45549e+00
-1.793500E-004,1.09328e+01,9.45549e+00
-1.793200E-004,1.09328e+01,9.45549e+00
-1.792900E-004,1.09328e+01,9.45549e+00
-1.792600E-004,1.13348e+01,9.45549e+00
-1.792300E-004,1.09328e+01,9.45549e+00
-1.792000E-004,1.09328e+01,9.45549e+00
-1.791700E-004,1.13348e+01,9.45549e+00
-1.791400E-004,1.09328e+01,9.45549e+00
-1.791100E-004,1.09328e+01,9.45549e+00
-1.790800E-004,1.09328e+01,9.45549e+00
-1.790500E-004,1.09328e+01,9.65649e+00
-1.790200E-004,1.09328e+01,9.65649e+00
-1.789900E-004,1.09328e+01,9.45549e+00
-1.789600E-004,1.09328e+01,9.45549e+00
-1.789300E-004,1.09328e+01,9.45549e+00
-1.789000E-004,1.09328e+01,9.45549e+00
-1.788700E-004,1.09328e+01,9.45549e+00
-1.788400E-004,1.05308e+01,9.45549e+00
-1.788100E-004,1.09328e+01,9.45549e+00
-1.787800E-004,1.09328e+01,9.45549e+00
-1.787500E-004,1.05308e+01,9.45549e+00
-1.787200E-004,1.09328e+01,9.45549e+00
-1.786900E-004,1.09328e+01,9.65649e+00
-1.786600E-004,1.09328e+01,9.45549e+00
-1.786300E-004,1.09328e+01,9.45549e+00
-1.786000E-004,1.09328e+01,9.25448e+00
-1.785700E-004,1.09328e+01,9.25448e+00
-1.785400E-004,1.13348e+01,9.65649e+00
-1.785100E-004,1.09328e+01,9.45549e+00
-1.784800E-004,1.09328e+01,9.45549e+00
-1.784500E-004,1.09328e+01,9.45549e+00
-1.784200E-004,1.09328e+01,9.25448e+00
-1.783900E-004,1.09328e+01,9.65649e+00
-1.783600E-004,1.09328e+01,9.45549e+00
-1.783300E-004,1.09328e+01,9.45549e+00
-1.783000E-004,1.13348e+01,9.45549e+00
-1.782700E-004,1.09328e+01,9.45549e+00
-1.782400E-004,1.09328e+01,9.25448e+00
-1.782100E-004,1.09328e+01,9.45549e+00
-1.781800E-004,1.09328e+01,9.65649e+00
-1.781500E-004,1.09328e+01,9.45549e+00
-1.781200E-004,1.09328e+01,9.45549e+00
-1.780900E-004,1.09328e+01,9.45549e+00
-1.780600E-004,1.05308e+01,9.45549e+00
-1.780300E-004,1.09328e+01,9.45549e+00
-1.780000E-004,1.09328e+01,9.45549e+00
-1.779700E-004,1.09328e+01,9.45549e+00
-1.779400E-004,1.13348e+01,9.65649e+00
-1.779100E-004,1.09328e+01,9.45549e+00
-1.778800E-004,1.09328e+01,9.45549e+00
-1.778500E-004,1.09328e+01,9.65649e+00
-1.778200E-004,1.09328e+01,9.65649e+00
-1.777900E-004,1.09328e+01,9.45549e+00
-1.777600E-004,1.09328e+01,9.45549e+00
-1.777300E-004,1.09328e+01,9.45549e+00
-1.777000E-004,1.05308e+01,9.45549e+00
-1.776700E-004,1.09328e+01,9.25448e+00
-1.776400E-004,1.09328e+01,9.45549e+00
-1.776100E-004,1.09328e+01,9.45549e+00
-1.775800E-004,1.09328e+01,9.45549e+00
-1.775500E-004,1.09328e+01,9.45549e+00
-1.775200E-004,1.09328e+01,9.45549e+00
-1.774900E-004,1.05308e+01,9.45549e+00
-1.774600E-004,1.09328e+01,9.65649e+00
-1.774300E-004,1.09328e+01,9.45549e+00
-1.774000E-004,1.09328e+01,9.45549e+00
-1.773700E-004,1.09328e+01,9.45549e+00
-1.773400E-004,1.09328e+01,9.45549e+00
-1.773100E-004,1.13348e+01,9.45549e+00
-1.772800E-004,1.09328e+01,9.45549e+00
-1.772500E-004,1.09328e+01,9.45549e+00
-1.772200E-004,1.09328e+01,9.45549e+00
-1.771900E-004,1.05308e+01,9.45549e+00
-1.771600E-004,1.09328e+01,9.45549e+00
-1.771300E-004,1.09328e+01,9.45549e+00
-1.771000E-004,1.13348e+01,9.45549e+00
-1.770700E-004,1.09328e+01,9.45549e+00
-1.770400E-004,1.13348e+01,9.45549e+00
-1.770100E-004,1.09328e+01,9.45549e+00
-1.769800E-004,1.05308e+01,9.45549e+00
-1.769500E-004,1.05308e+01,9.45549e+00
-1.769200E-004,1.09328e+01,9.45549e+00
-1.768900E-004,1.09328e+01,9.45549e+00
-1.768600E-004,1.05308e+01,9.25448e+00
-1.768300E-004,1.09328e+01,9.45549e+00
-1.768000E-004,1.05308e+01,9.45549e+00
-1.767700E-004,1.09328e+01,9.45549e+00
-1.767400E-004,1.09328e+01,9.45549e+00
-1.767100E-004,1.13348e+01,9.65649e+00
-1.766800E-004,1.09328e+01,9.45549e+00
-1.766500E-004,1.05308e+01,9.45549e+00
-1.766200E-004,1.09328e+01,9.45549e+00
-1.765900E-004,1.09328e+01,9.45549e+00
-1.765600E-004,1.09328e+01,9.45549e+00
-1.765300E-004,1.05308e+01,9.45549e+00
-1.765000E-004,1.09328e+01,9.65649e+00
-1.764700E-004,1.13348e+01,9.45549e+00
-1.764400E-004,1.09328e+01,9.45549e+00
-1.764100E-004,1.09328e+01,9.45549e+00
-1.763800E-004,1.09328e+01,9.25448e+00
-1.763500E-004,1.09328e+01,9.45549e+00
-1.763200E-004,1.09328e+01,9.45549e+00
-1.762900E-004,1.05308e+01,9.45549e+00
-1.762600E-004,1.05308e+01,9.45549e+00
-1.762300E-004,1.09328e+01,9.45549e+00
-1.762000E-004,1.09328e+01,9.25448e+00
-1.761700E-004,1.09328e+01,9.45549e+00
-1.761400E-004,1.09328e+01,9.45549e+00
-1.761100E-004,1.09328e+01,9.45549e+00
-1.760800E-004,1.13348e+01,9.45549e+00
-1.760500E-004,1.09328e+01,9.45549e+00
-1.760200E-004,1.09328e+01,9.45549e+00
-1.759900E-004,1.09328e+01,9.45549e+00
-1.759600E-004,1.05308e+01,9.45549e+00
-1.759300E-004,1.09328e+01,9.65649e+00
-1.759000E-004,1.09328e+01,9.45549e+00
-1.758700E-004,1.09328e+01,9.25448e+00
-1.758400E-004,1.09328e+01,9.45549e+00
-1.758100E-004,1.09328e+01,9.65649e+00
-1.757800E-004,1.09328e+01,9.45549e+00
-1.757500E-004,1.05308e+01,9.45549e+00
-1.757200E-004,1.09328e+01,9.45549e+00
-1.756900E-004,1.09328e+01,9.25448e+00
-1.756600E-004,1.05308e+01,9.65649e+00
-1.756300E-004,1.09328e+01,9.45549e+00
-1.756000E-004,1.09328e+01,9.45549e+00
-1.755700E-004,1.09328e+01,9.45549e+00
-1.755400E-004,1.05308e+01,9.65649e+00
-1.755100E-004,1.09328e+01,9.25448e+00
-1.754800E-004,1.09328e+01,9.45549e+00
-1.754500E-004,1.05308e+01,9.45549e+00
-1.754200E-004,1.09328e+01,9.45549e+00
-1.753900E-004,1.09328e+01,9.45549e+00
-1.753600E-004,1.09328e+01,9.45549e+00
-1.753300E-004,1.05308e+01,9.45549e+00
-1.753000E-004,1.09328e+01,9.45549e+00
-1.752700E-004,1.09328e+01,9.65649e+00
-1.752400E-004,1.05308e+01,9.65649e+00
-1.752100E-004,1.09328e+01,9.45549e+00
-1.751800E-004,1.09328e+01,9.45549e+00
-1.751500E-004,1.09328e+01,9.45549e+00
-1.751200E-004,1.09328e+01,9.45549e+00
-1.750900E-004,1.05308e+01,9.45549e+00
-1.750600E-004,1.09328e+01,9.25448e+00
-1.750300E-004,1.13348e+01,9.45549e+00
-1.750000E-004,1.09328e+01,9.45549e+00
-1.749700E-004,1.09328e+01,9.45549e+00
-1.749400E-004,1.09328e+01,9.45549e+00
-1.749100E-004,1.09328e+01,9.45549e+00
-1.748800E-004,1.05308e+01,9.45549e+00
-1.748500E-004,1.05308e+01,9.45549e+00
-1.748200E-004,1.05308e+01,9.45549e+00
-1.747900E-004,1.09328e+01,9.45549e+00
-1.747600E-004,1.09328e+01,9.45549e+00
-1.747300E-004,1.13348e+01,9.45549e+00
-1.747000E-004,1.09328e+01,9.45549e+00
-1.746700E-004,1.09328e+01,9.45549e+00
-1.746400E-004,1.09328e+01,9.45549e+00
-1.746100E-004,1.09328e+01,9.45549e+00
-1.745800E-004,1.09328e+01,9.65649e+00
-1.745500E-004,1.09328e+01,9.25448e+00
-1.745200E-004,1.09328e+01,9.45549e+00
-1.744900E-004,1.09328e+01,9.65649e+00
-1.744600E-004,1.05308e+01,9.45549e+00
-1.744300E-004,1.09328e+01,9.25448e+00
-1.744000E-004,1.09328e+01,9.45549e+00
-1.743700E-004,1.09328e+01,9.25448e+00
-1.743400E-004,1.09328e+01,9.25448e+00
-1.743100E-004,1.09328e+01,9.25448e+00
-1.742800E-004,1.09328e+01,9.45549e+00
-1.742500E-004,1.05308e+01,9.45549e+00
-1.742200E-004,1.09328e+01,9.45549e+00
-1.741900E-004,1.09328e+01,9.45549e+00
-1.741600E-004,1.09328e+01,9.45549e+00
-1.741300E-004,1.09328e+01,9.45549e+00
-1.741000E-004,1.09328e+01,9.45549e+00
-1.740700E-004,1.09328e+01,9.45549e+00
-1.740400E-004,1.09328e+01,9.25448e+00
-1.740100E-004,1.09328e+01,9.45549e+00
-1.739800E-004,1.09328e+01,9.45549e+00
-1.739500E-004,1.05308e+01,9.45549e+00
-1.739200E-004,1.09328e+01,9.45549e+00
-1.738900E-004,1.09328e+01,9.45549e+00
-1.738600E-004,1.05308e+01,9.65649e+00
-1.738300E-004,1.09328e+01,9.45549e+00
-1.738000E-004,1.09328e+01,9.45549e+00
-1.737700E-004,1.09328e+01,9.45549e+00
-1.737400E-004,1.09328e+01,9.25448e+00
-1.737100E-004,1.13348e+01,9.45549e+00
-1.736800E-004,1.09328e+01,9.45549e+00
-1.736500E-004,1.09328e+01,9.45549e+00
-1.736200E-004,1.05308e+01,9.45549e+00
-1.735900E-004,1.05308e+01,9.45549e+00
-1.735600E-004,1.09328e+01,9.65649e+00
-1.735300E-004,1.09328e+01,9.45549e+00
-1.735000E-004,1.09328e+01,9.45549e+00
-1.734700E-004,1.09328e+01,9.45549e+00
-1.734400E-004,1.05308e+01,9.45549e+00
-1.734100E-004,1.05308e+01,9.45549e+00
-1.733800E-004,1.05308e+01,9.45549e+00
-1.733500E-004,1.09328e+01,9.45549e+00
-1.733200E-004,1.09328e+01,9.45549e+00
-1.732900E-004,1.09328e+01,9.25448e+00
-1.732600E-004,1.09328e+01,9.45549e+00
-1.732300E-004,1.05308e+01,9.65649e+00
-1.732000E-004,1.09328e+01,9.45549e+00
-1.731700E-004,1.09328e+01,9.45549e+00
-1.731400E-004,1.09328e+01,9.25448e+00
-1.731100E-004,1.09328e+01,9.45549e+00
-1.730800E-004,1.09328e+01,9.45549e+00
-1.730500E-004,1.09328e+01,9.45549e+00
-1.730200E-004,1.05308e+01,9.45549e+00
-1.729900E-004,1.09328e+01,9.45549e+00
-1.729600E-004,1.09328e+01,9.25448e+00
-1.729300E-004,1.09328e+01,9.45549e+00
-1.729000E-004,1.09328e+01,9.45549e+00
-1.728700E-004,1.09328e+01,9.45549e+00
-1.728400E-004,1.05308e+01,9.45549e+00
-1.728100E-004,1.05308e+01,9.45549e+00
-1.727800E-004,1.05308e+01,9.45549e+00
-1.727500E-004,1.05308e+01,9.45549e+00
-1.727200E-004,1.05308e+01,9.65649e+00
-1.726900E-004,1.05308e+01,9.45549e+00
-1.726600E-004,1.05308e+01,9.45549e+00
-1.726300E-004,1.05308e+01,9.45549e+00
-1.726000E-004,1.05308e+01,9.45549e+00
-1.725700E-004,1.01287e+01,9.45549e+00
-1.725400E-004,1.05308e+01,9.25448e+00
-1.725100E-004,1.05308e+01,9.45549e+00
-1.724800E-004,1.05308e+01,9.25448e+00
-1.724500E-004,1.01287e+01,9.25448e+00
-1.724200E-004,1.05308e+01,9.45549e+00
-1.723900E-004,1.01287e+01,9.45549e+00
-1.723600E-004,1.01287e+01,9.45549e+00
-1.723300E-004,1.01287e+01,9.25448e+00
-1.723000E-004,1.01287e+01,9.45549e+00
-1.722700E-004,9.72673e+00,9.45549e+00
-1.722400E-004,9.72673e+00,9.45549e+00
-1.722100E-004,1.01287e+01,9.25448e+00
-1.721800E-004,1.01287e+01,9.25448e+00
-1.721500E-004,9.72673e+00,9.45549e+00
-1.721200E-004,1.01287e+01,9.25448e+00
-1.720900E-004,9.72673e+00,9.45549e+00
-1.720600E-004,9.72673e+00,9.25448e+00
-1.720300E-004,9.72673e+00,9.25448e+00
-1.720000E-004,9.72673e+00,9.45549e+00
-1.719700E-004,9.72673e+00,9.25448e+00
-1.719400E-004,9.72673e+00,9.25448e+00
-1.719100E-004,9.72673e+00,9.45549e+00
-1.718800E-004,9.72673e+00,9.25448e+00
-1.718500E-004,9.32472e+00,9.25448e+00
-1.718200E-004,9.32472e+00,9.25448e+00
-1.717900E-004,9.72673e+00,9.25448e+00
-1.717600E-004,9.32472e+00,9.25448e+00
-1.717300E-004,9.32472e+00,9.25448e+00
-1.717000E-004,8.92271e+00,9.25448e+00
-1.716700E-004,9.32472e+00,9.25448e+00
-1.716400E-004,9.32472e+00,9.25448e+00
-1.716100E-004,8.92271e+00,9.25448e+00
-1.715800E-004,8.92271e+00,9.25448e+00
-1.715500E-004,8.92271e+00,9.05348e+00
-1.715200E-004,8.92271e+00,9.05348e+00
-1.714900E-004,8.92271e+00,9.25448e+00
-1.714600E-004,8.92271e+00,9.05348e+00
-1.714300E-004,8.52070e+00,9.25448e+00
-1.714000E-004,8.52070e+00,9.05348e+00
-1.713700E-004,8.92271e+00,9.05348e+00
-1.713400E-004,8.52070e+00,9.05348e+00
-1.713100E-004,8.92271e+00,9.05348e+00
-1.712800E-004,8.11869e+00,9.05348e+00
-1.712500E-004,8.52070e+00,9.05348e+00
-1.712200E-004,8.11869e+00,9.05348e+00
-1.711900E-004,8.52070e+00,9.05348e+00
-1.711600E-004,8.11869e+00,9.05348e+00
-1.711300E-004,8.11869e+00,9.05348e+00
-1.711000E-004,8.11869e+00,9.05348e+00
-1.710700E-004,8.11869e+00,8.85247e+00
-1.710400E-004,8.11869e+00,8.85247e+00
-1.710100E-004,7.71668e+00,9.05348e+00
-1.709800E-004,7.71668e+00,8.85247e+00
-1.709500E-004,7.31467e+00,8.85247e+00
-1.709200E-004,7.31467e+00,8.65147e+00
-1.708900E-004,7.31467e+00,8.85247e+00
-1.708600E-004,7.71668e+00,8.85247e+00
-1.708300E-004,7.31467e+00,8.85247e+00
-1.708000E-004,7.71668e+00,8.85247e+00
-1.707700E-004,7.31467e+00,8.65147e+00
-1.707400E-004,7.31467e+00,8.85247e+00
-1.707100E-004,7.31467e+00,8.85247e+00
-1.706800E-004,6.91266e+00,8.65147e+00
-1.706500E-004,7.31467e+00,8.65147e+00
-1.706200E-004,6.91266e+00,8.65147e+00
-1.705900E-004,6.91266e+00,8.65147e+00
-1.705600E-004,6.91266e+00,8.65147e+00
-1.705300E-004,6.91266e+00,8.65147e+00
-1.705000E-004,6.91266e+00,8.45046e+00
-1.704700E-004,6.51065e+00,8.65147e+00
-1.704400E-004,6.91266e+00,8.65147e+00
-1.704100E-004,6.51065e+00,8.65147e+00
-1.703800E-004,6.10864e+00,8.45046e+00
-1.703500E-004,6.51065e+00,8.45046e+00
-1.703200E-004,6.51065e+00,8.65147e+00
-1.702900E-004,6.51065e+00,8.45046e+00
-1.702600E-004,6.10864e+00,8.45046e+00
-1.702300E-004,6.10864e+00,8.45046e+00
-1.702000E-004,6.10864e+00,8.45046e+00
-1.701700E-004,5.70663e+00,8.24946e+00
-1.701400E-004,5.70663e+00,8.45046e+00
-1.701100E-004,5.70663e+00,8.24946e+00
-1.700800E-004,5.70663e+00,8.24946e+00
-1.700500E-004,5.30462e+00,8.24946e+00
-1.700200E-004,5.30462e+00,8.24946e+00
-1.699900E-004,5.30462e+00,8.24946e+00
-1.699600E-004,5.30462e+00,8.24946e+00
-1.699300E-004,4.90261e+00,8.04845e+00
-1.699000E-004,5.30462e+00,8.24946e+00
-1.698700E-004,5.30462e+00,8.04845e+00
-1.698400E-004,5.30462e+00,8.04845e+00
-1.698100E-004,4.50060e+00,8.24946e+00
-1.697800E-004,4.90261e+00,8.04845e+00
-1.697500E-004,4.50060e+00,8.04845e+00
-1.697200E-004,4.50060e+00,7.84745e+00
-1.696900E-004,4.09859e+00,8.04845e+00
-1.696600E-004,4.50060e+00,7.84745e+00
-1.696300E-004,4.09859e+00,8.04845e+00
-1.696000E-004,4.09859e+00,7.64644e+00
-1.695700E-004,4.09859e+00,7.84745e+00
-1.695400E-004,4.09859e+00,7.64644e+00
-1.695100E-004,4.09859e+00,7.84745e+00
-1.694800E-004,3.69658e+00,7.64644e+00
-1.694500E-004,3.69658e+00,7.84745e+00
-1.694200E-004,3.69658e+00,7.84745e+00
-1.693900E-004,3.69658e+00,7.64644e+00
-1.693600E-004,3.29457e+00,7.64644e+00
-1.693300E-004,3.29457e+00,7.44544e+00
-1.693000E-004,3.29457e+00,7.44544e+00
-1.692700E-004,3.29457e+00,7.44544e+00
-1.692400E-004,3.29457e+00,7.44544e+00
-1.692100E-004,3.29457e+00,7.24443e+00
-1.691800E-004,3.29457e+00,7.44544e+00
-1.691500E-004,2.89256e+00,7.44544e+00
-1.691200E-004,2.89256e+00,7.24443e+00
-1.690900E-004,2.89256e+00,7.24443e+00
-1.690600E-004,2.49055e+00,7.24443e+00
-1.690300E-004,2.89256e+00,7.24443e+00
-1.690000E-004,2.49055e+00,7.24443e+00
-1.689700E-004,2.49055e+00,7.24443e+00
-1.689400E-004,2.49055e+00,7.24443e+00
-1.689100E-004,2.49055e+00,7.24443e+00
-1.688800E-004,2.49055e+00,7.04342e+00
-1.688500E-004,2.08854e+00,7.04342e+00
-1.688200E-004,2.08854e+00,7.24443e+00
-1.687900E-004,2.08854e+00,7.04342e+00
-1.687600E-004,1.68653e+00,6.84242e+00
-1.687300E-004,1.68653e+00,7.04342e+00
-1.687000E-004,1.68653e+00,7.04342e+00
-1.686700E-004,1.68653e+00,6.84242e+00
-1.686400E-004,1.68653e+00,6.84242e+00
-1.686100E-004,1.28452e+00,6.84242e+00
-1.685800E-004,1.28452e+00,6.84242e+00
-1.685500E-004,1.28452e+00,6.64141e+00
-1.685200E-004,8.82511e-01,6.44041e+00
-1.684900E-004,1.28452e+00,6.64141e+00
-1.684600E-004,8.82511e-01,6.64141e+00
-1.684300E-004,8.82511e-01,6.64141e+00
-1.684000E-004,8.82511e-01,6.44041e+00
-1.683700E-004,8.82511e-01,6.44041e+00
-1.683400E-004,4.80501e-01,6.44041e+00
-1.683100E-004,8.82511e-01,6.23940e+00
-1.682800E-004,4.80501e-01,6.23940e+00
-1.682500E-004,4.80501e-01,6.23940e+00
-1.682200E-004,7.84912e-02,6.23940e+00
-1.681900E-004,7.84912e-02,6.23940e+00
-1.681600E-004,7.84912e-02,6.23940e+00
-1.681300E-004,7.84912e-02,6.23940e+00
-1.681000E-004,7.84912e-02,6.03840e+00
-1.680700E-004,-3.23519e-01,6.03840e+00
-1.680400E-004,-3.23519e-01,6.03840e+00
-1.680100E-004,-3.23519e-01,6.03840e+00
-1.679800E-004,-3.23519e-01,5.83739e+00
-1.679500E-004,-7.25529e-01,5.83739e+00
-1.679200E-004,-7.25529e-01,5.83739e+00
-1.678900E-004,-3.23519e-01,5.83739e+00
-1.678600E-004,-7.25529e-01,5.83739e+00
-1.678300E-004,-1.12754e+00,5.63639e+00
-1.678000E-004,-1.12754e+00,5.63639e+00
-1.677700E-004,-1.12754e+00,5.63639e+00
-1.677400E-004,-1.12754e+00,5.43538e+00
-1.677100E-004,-1.12754e+00,5.63639e+00
-1.676800E-004,-1.12754e+00,5.43538e+00
-1.676500E-004,-1.12754e+00,5.43538e+00
-1.676200E-004,-1.52955e+00,5.43538e+00
-1.675900E-004,-1.52955e+00,5.23438e+00
-1.675600E-004,-1.52955e+00,5.23438e+00
-1.675300E-004,-1.52955e+00,5.23438e+00
-1.675000E-004,-1.52955e+00,5.43538e+00
-1.674700E-004,-1.52955e+00,5.23438e+00
-1.674400E-004,-1.93156e+00,5.03337e+00
-1.674100E-004,-1.52955e+00,5.23438e+00
-1.673800E-004,-1.52955e+00,5.03337e+00
-1.673500E-004,-1.93156e+00,4.83237e+00
-1.673200E-004,-2.33357e+00,5.03337e+00
-1.672900E-004,-1.93156e+00,5.03337e+00
-1.672600E-004,-1.93156e+00,4.83237e+00
-1.672300E-004,-2.33357e+00,4.83237e+00
-1.672000E-004,-2.33357e+00,4.83237e+00
-1.671700E-004,-2.33357e+00,4.83237e+00
-1.671400E-004,-2.73558e+00,4.83237e+00
-1.671100E-004,-2.73558e+00,4.83237e+00
-1.670800E-004,-2.73558e+00,4.63136e+00
-1.670500E-004,-2.73558e+00,4.43036e+00
-1.670200E-004,-2.73558e+00,4.43036e+00
-1.669900E-004,-3.13759e+00,4.43036e+00
-1.669600E-004,-3.13759e+00,4.43036e+00
-1.669300E-004,-3.13759e+00,4.22935e+00
-1.669000E-004,-3.53960e+00,4.22935e+00
-1.668700E-004,-3.53960e+00,4.22935e+00
-1.668400E-004,-3.13759e+00,4.22935e+00
-1.668100E-004,-3.53960e+00,4.22935e+00
-1.667800E-004,-3.53960e+00,4.02835e+00
-1.667500E-004,-3.53960e+00,4.22935e+00
-1.667200E-004,-3.13759e+00,4.02835e+00
-1.666900E-004,-3.53960e+00,4.22935e+00
-1.666600E-004,-3.53960e+00,3.82734e+00
-1.666300E-004,-3.94161e+00,3.82734e+00
-1.666000E-004,-3.94161e+00,4.02835e+00
-1.665700E-004,-3.94161e+00,3.82734e+00
-1.665400E-004,-4.34362e+00,3.82734e+00
-1.665100E-004,-3.94161e+00,3.82734e+00
-1.664800E-004,-3.94161e+00,3.82734e+00
-1.664500E-004,-3.94161e+00,3.62634e+00
-1.664200E-004,-4.34362e+00,3.62634e+00
-1.663900E-004,-4.34362e+00,3.62634e+00
-1.663600E-004,-4.34362e+00,3.42533e+00
-1.663300E-004,-4.74563e+00,3.42533e+00
-1.663000E-004,-4.34362e+00,3.42533e+00
-1.662700E-004,-4.74563e+00,3.42533e+00
-1.662400E-004,-4.34362e+00,3.42533e+00
-1.662100E-004,-4.74563e+00,3.22433e+00
-1.661800E-004,-4.74563e+00,3.22433e+00
-1.661500E-004,-5.14764e+00,3.22433e+00
-1.661200E-004,-4.74563e+00,3.02332e+00
-1.660900E-004,-5.14764e+00,3.22433e+00
-1.660600E-004,-5.14764e+00,3.02332e+00
-1.660300E-004,-4.74563e+00,3.02332e+00
-1.660000E-004,-5.54965e+00,2.82232e+00
-1.659700E-004,-5.14764e+00,3.02332e+00
-1.659400E-004,-5.54965e+00,2.82232e+00
-1.659100E-004,-5.54965e+00,3.02332e+00
-1.658800E-004,-5.14764e+00,2.82232e+00
-1.658500E-004,-5.14764e+00,2.62131e+00
-1.658200E-004,-5.54965e+00,2.82232e+00
-1.657900E-004,-5.54965e+00,2.42031e+00
-1.657600E-004,-5.54965e+00,2.62131e+00
-1.657300E-004,-5.54965e+00,2.62131e+00
-1.657000E-004,-5.95166e+00,2.42031e+00
-1.656700E-004,-5.95166e+00,2.42031e+00
-1.656400E-004,-5.95166e+00,2.42031e+00
-1.656100E-004,-5.95166e+00,2.21930e+00
-1.655800E-004,-6.35367e+00,2.42031e+00
-1.655500E-004,-6.35367e+00,2.42031e+00
-1.655200E-004,-5.95166e+00,2.21930e+00
-1.654900E-004,-5.95166e+00,2.21930e+00
-1.654600E-004,-5.95166e+00,2.21930e+00
-1.654300E-004,-5.95166e+00,2.21930e+00
-1.654000E-004,-6.35367e+00,2.01830e+00
-1.653700E-004,-6.35367e+00,2.21930e+00
-1.653400E-004,-6.35367e+00,2.21930e+00
-1.653100E-004,-6.35367e+00,2.01830e+00
-1.652800E-004,-6.35367e+00,1.81729e+00
-1.652500E-004,-6.35367e+00,1.81729e+00
-1.652200E-004,-6.35367e+00,1.81729e+00
-1.651900E-004,-6.35367e+00,1.81729e+00
-1.651600E-004,-6.75568e+00,1.81729e+00
-1.651300E-004,-7.15769e+00,1.81729e+00
-1.651000E-004,-6.75568e+00,1.61629e+00
-1.650700E-004,-6.75568e+00,1.61629e+00
-1.650400E-004,-6.75568e+00,1.61629e+00
-1.650100E-004,-6.75568e+00,1.61629e+00
-1.649800E-004,-6.75568e+00,1.61629e+00
-1.649500E-004,-7.15769e+00,1.41528e+00
-1.649200E-004,-6.75568e+00,1.41528e+00
-1.648900E-004,-7.15769e+00,1.41528e+00
-1.648600E-004,-6.75568e+00,1.21428e+00
-1.648300E-004,-6.75568e+00,1.21428e+00
-1.648000E-004,-7.15769e+00,1.21428e+00
-1.647700E-004,-7.15769e+00,1.21428e+00
-1.647400E-004,-6.75568e+00,1.01327e+00
-1.647100E-004,-7.15769e+00,1.01327e+00
-1.646800E-004,-7.15769e+00,1.01327e+00
-1.646500E-004,-7.15769e+00,1.01327e+00
-1.646200E-004,-7.15769e+00,1.01327e+00
-1.645900E-004,-7.55970e+00,8.12269e-01
-1.645600E-004,-7.15769e+00,1.01327e+00
-1.645300E-004,-7.15769e+00,8.12269e-01
-1.645000E-004,-7.55970e+00,8.12269e-01
-1.644700E-004,-7.15769e+00,6.11264e-01
-1.644400E-004,-7.55970e+00,6.11264e-01
-1.644100E-004,-7.15769e+00,6.11264e-01
-1.643800E-004,-7.55970e+00,8.12269e-01
-1.643500E-004,-7.55970e+00,6.11264e-01
-1.643200E-004,-7.15769e+00,4.10259e-01
-1.642900E-004,-7.15769e+00,4.10259e-01
-1.642600E-004,-7.55970e+00,4.10259e-01
-1.642300E-004,-7.55970e+00,4.10259e-01
-1.642000E-004,-7.55970e+00,4.10259e-01
-1.641700E-004,-7.55970e+00,2.09254e-01
-1.641400E-004,-7.55970e+00,4.10259e-01
-1.641100E-004,-7.55970e+00,2.09254e-01
-1.640800E-004,-7.96171e+00,2.09254e-01
-1.640500E-004,-7.96171e+00,2.09254e-01
-1.640200E-004,-7.55970e+00,2.09254e-01
-1.639900E-004,-7.55970e+00,8.24928e-03
-1.639600E-004,-7.55970e+00,2.09254e-01
-1.639300E-004,-7.96171e+00,2.09254e-01
-1.639000E-004,-7.96171e+00,8.24928e-03
-1.638700E-004,-7.55970e+00,8.24928e-03
-1.638400E-004,-7.55970e+00,-1.92756e-01
-1.638100E-004,-7.96171e+00,-1.92756e-01
-1.637800E-004,-7.55970e+00,-1.92756e-01
-1.637500E-004,-7.96171e+00,-1.92756e-01
-1.637200E-004,-7.96171e+00,-1.92756e-01
-1.636900E-004,-7.96171e+00,-1.92756e-01
-1.636600E-004,-8.36372e+00,-3.93761e-01
-1.636300E-004,-7.96171e+00,-1.92756e-01
-1.636000E-004,-7.96171e+00,-3.93761e-01
-1.635700E-004,-7.55970e+00,-3.93761e-01
-1.635400E-004,-7.96171e+00,-3.93761e-01
-1.635100E-004,-7.96171e+00,-5.94766e-01
-1.634800E-004,-7.96171e+00,-5.94766e-01
-1.634500E-004,-7.96171e+00,-5.94766e-01
-1.634200E-004,-8.36372e+00,-5.94766e-01
-1.633900E-004,-7.96171e+00,-5.94766e-01
-1.633600E-004,-7.55970e+00,-7.95772e-01
-1.633300E-004,-8.36372e+00,-7.95772e-01
-1.633000E-004,-7.96171e+00,-5.94766e-01
-1.632700E-004,-8.36372e+00,-7.95772e-01
-1.632400E-004,-7.96171e+00,-7.95772e-01
-1.632100E-004,-8.36372e+00,-7.95772e-01
-1.631800E-004,-8.36372e+00,-7.95772e-01
-1.631500E-004,-8.36372e+00,-9.96777e-01
-1.631200E-004,-7.96171e+00,-9.96777e-01
-1.630900E-004,-7.96171e+00,-9.96777e-01
-1.630600E-004,-7.96171e+00,-9.96777e-01
-1.630300E-004,-8.36372e+00,-9.96777e-01
-1.630000E-004,-7.96171e+00,-9.96777e-01
-1.629700E-004,-7.96171e+00,-9.96777e-01
-1.629400E-004,-8.36372e+00,-9.96777e-01
-1.629100E-004,-7.96171e+00,-1.39879e+00
-1.628800E-004,-8.36372e+00,-1.39879e+00
-1.628500E-004,-7.96171e+00,-1.39879e+00
-1.628200E-004,-7.96171e+00,-1.19778e+00
-1.627900E-004,-7.96171e+00,-1.39879e+00
-1.627600E-004,-8.36372e+00,-1.39879e+00
-1.627300E-004,-7.96171e+00,-1.39879e+00
-1.627000E-004,-7.96171e+00,-1.39879e+00
-1.626700E-004,-8.36372e+00,-1.39879e+00
-1.626400E-004,-8.36372e+00,-1.39879e+00
-1.626100E-004,-8.36372e+00,-1.19778e+00
-1.625800E-004,-8.36372e+00,-1.39879e+00
-1.625500E-004,-7.96171e+00,-1.59979e+00
-1.625200E-004,-7.96171e+00,-1.59979e+00
-1.624900E-004,-7.96171e+00,-1.59979e+00
-1.624600E-004,-7.96171e+00,-1.59979e+00
-1.624300E-004,-7.96171e+00,-1.59979e+00
-1.624000E-004,-8.36372e+00,-1.80080e+00
-1.623700E-004,-8.36372e+00,-1.80080e+00
-1.623400E-004,-8.36372e+00,-1.59979e+00
-1.623100E-004,-7.96171e+00,-1.59979e+00
-1.622800E-004,-7.96171e+00,-1.80080e+00
-1.622500E-004,-7.96171e+00,-1.80080e+00
-1.622200E-004,-8.36372e+00,-2.00180e+00
-1.621900E-004,-7.96171e+00,-1.80080e+00
-1.621600E-004,-8.36372e+00,-1.80080e+00
-1.621300E-004,-8.36372e+00,-2.00180e+00
-1.621000E-004,-7.96171e+00,-2.00180e+00
-1.620700E-004,-7.96171e+00,-2.20281e+00
-1.620400E-004,-7.96171e+00,-2.00180e+00
-1.620100E-004,-7.55970e+00,-2.00180e+00
-1.619800E-004,-7.96171e+00,-1.80080e+00
-1.619500E-004,-7.96171e+00,-2.20281e+00
-1.619200E-004,-7.96171e+00,-2.00180e+00
-1.618900E-004,-7.96171e+00,-2.20281e+00
-1.618600E-004,-8.36372e+00,-2.20281e+00
-1.618300E-004,-7.96171e+00,-2.20281e+00
-1.618000E-004,-7.96171e+00,-2.20281e+00
-1.617700E-004,-7.55970e+00,-2.20281e+00
-1.617400E-004,-7.96171e+00,-2.40381e+00
-1.617100E-004,-7.96171e+00,-2.20281e+00
-1.616800E-004,-7.96171e+00,-2.40381e+00
-1.616500E-004,-7.96171e+00,-2.60482e+00
-1.616200E-004,-7.96171e+00,-2.40381e+00
-1.615900E-004,-7.96171e+00,-2.20281e+00
-1.615600E-004,-7.96171e+00,-2.40381e+00
-1.615300E-004,-7.96171e+00,-2.40381e+00
-1.615000E-004,-7.96171e+00,-2.40381e+00
-1.614700E-004,-7.55970e+00,-2.60482e+00
-1.614400E-004,-7.96171e+00,-2.40381e+00
-1.614100E-004,-7.96171e+00,-2.60482e+00
-1.613800E-004,-7.55970e+00,-2.40381e+00
-1.613500E-004,-7.55970e+00,-2.60482e+00
-1.613200E-004,-7.96171e+00,-2.60482e+00
-1.612900E-004,-7.96171e+00,-2.60482e+00
-1.612600E-004,-7.55970e+00,-2.60482e+00
-1.612300E-004,-7.96171e+00,-2.60482e+00
-1.612000E-004,-7.96171e+00,-2.60482e+00
-1.611700E-004,-7.55970e+00,-2.80582e+00
-1.611400E-004,-7.55970e+00,-2.80582e+00
-1.611100E-004,-7.55970e+00,-2.80582e+00
-1.610800E-004,-7.96171e+00,-2.80582e+00
-1.610500E-004,-7.55970e+00,-2.60482e+00
-1.610200E-004,-7.55970e+00,-2.80582e+00
-1.609900E-004,-7.55970e+00,-2.80582e+00
-1.609600E-004,-7.55970e+00,-2.80582e+00
-1.609300E-004,-7.55970e+00,-2.60482e+00
-1.609000E-004,-7.55970e+00,-2.80582e+00
-1.608700E-004,-7.55970e+00,-3.00683e+00
-1.608400E-004,-7.15769e+00,-2.80582e+00
-1.608100E-004,-7.55970e+00,-2.80582e+00
-1.607800E-004,-7.55970e+00,-2.80582e+00
-1.607500E-004,-7.55970e+00,-3.00683e+00
-1.607200E-004,-7.55970e+00,-2.80582e+00
-1.606900E-004,-7.15769e+00,-3.00683e+00
-1.606600E-004,-7.55970e+00,-2.80582e+00
-1.606300E-004,-7.15769e+00,-3.00683e+00
-1.606000E-004,-7.15769e+00,-2.80582e+00
-1.605700E-004,-7.55970e+00,-3.00683e+00
-1.605400E-004,-7.55970e+00,-3.00683e+00
-1.605100E-004,-7.55970e+00,-3.20783e+00
-1.604800E-004,-7.15769e+00,-3.20783e+00
-1.604500E-004,-7.15769e+00,-3.20783e+00
-1.604200E-004,-6.75568e+00,-3.00683e+00
-1.603900E-004,-7.15769e+00,-3.00683e+00
-1.603600E-004,-7.55970e+00,-3.00683e+00
-1.603300E-004,-7.15769e+00,-3.20783e+00
-1.603000E-004,-7.15769e+00,-3.20783e+00
-1.602700E-004,-6.75568e+00,-3.00683e+00
-1.602400E-004,-7.15769e+00,-3.20783e+00
-1.602100E-004,-7.15769e+00,-3.20783e+00
-1.601800E-004,-7.15769e+00,-3.00683e+00
-1.601500E-004,-7.15769e+00,-3.20783e+00
-1.601200E-004,-7.15769e+00,-3.20783e+00
-1.600900E-004,-7.15769e+00,-3.20783e+00
-1.600600E-004,-7.15769e+00,-3.20783e+00
-1.600300E-004,-6.75568e+00,-3.40884e+00
-1.600000E-004,-7.15769e+00,-3.40884e+00
-1.599700E-004,-6.75568e+00,-3.20783e+00
-1.599400E-004,-6.75568e+00,-3.20783e+00
-1.599100E-004,-6.75568e+00,-3.20783e+00
-1.598800E-004,-7.15769e+00,-3.40884e+00
-1.598500E-004,-6.75568e+00,-3.20783e+00
-1.598200E-004,-7.15769e+00,-3.20783e+00
-1.597900E-004,-6.75568e+00,-3.20783e+00
-1.597600E-004,-6.75568e+00,-3.40884e+00
-1.597300E-004,-6.75568e+00,-3.40884e+00
-1.597000E-004,-6.75568e+00,-3.40884e+00
-1.596700E-004,-6.35367e+00,-3.40884e+00
-1.596400E-004,-6.75568e+00,-3.40884e+00
-1.596100E-004,-6.35367e+00,-3.40884e+00
-1.595800E-004,-6.75568e+00,-3.40884e+00
-1.595500E-004,-6.75568e+00,-3.60984e+00
-1.595200E-004,-6.75568e+00,-3.40884e+00
-1.594900E-004,-6.35367e+00,-3.40884e+00
-1.594600E-004,-6.75568e+00,-3.40884e+00
-1.594300E-004,-6.75568e+00,-3.40884e+00
-1.594000E-004,-6.35367e+00,-3.40884e+00
-1.593700E-004,-6.75568e+00,-3.60984e+00
-1.593400E-004,-6.35367e+00,-3.60984e+00
-1.593100E-004,-6.35367e+00,-3.60984e+00
-1.592800E-004,-6.75568e+00,-3.40884e+00
-1.592500E-004,-6.35367e+00,-3.60984e+00
-1.592200E-004,-6.35367e+00,-3.60984e+00
-1.591900E-004,-6.35367e+00,-3.60984e+00
-1.591600E-004,-6.35367e+00,-3.40884e+00
-1.591300E-004,-6.35367e+00,-3.60984e+00
-1.591000E-004,-6.35367e+00,-3.60984e+00
-1.590700E-004,-6.35367e+00,-3.40884e+00
-1.590400E-004,-5.95166e+00,-3.60984e+00
-1.590100E-004,-6.35367e+00,-3.60984e+00
-1.589800E-004,-5.95166e+00,-3.60984e+00
-1.589500E-004,-6.35367e+00,-3.60984e+00
-1.589200E-004,-5.95166e+00,-3.60984e+00
-1.588900E-004,-6.35367e+00,-3.60984e+00
-1.588600E-004,-5.95166e+00,-3.81085e+00
-1.588300E-004,-5.95166e+00,-3.81085e+00
-1.588000E-004,-5.95166e+00,-3.60984e+00
-1.587700E-004,-5.95166e+00,-3.60984e+00
-1.587400E-004,-5.95166e+00,-3.60984e+00
-1.587100E-004,-5.95166e+00,-3.60984e+00
-1.586800E-004,-6.35367e+00,-3.60984e+00
-1.586500E-004,-5.95166e+00,-3.60984e+00
-1.586200E-004,-5.95166e+00,-3.60984e+00
-1.585900E-004,-6.35367e+00,-3.60984e+00
-1.585600E-004,-5.95166e+00,-3.81085e+00
-1.585300E-004,-5.54965e+00,-3.60984e+00
-1.585000E-004,-5.95166e+00,-3.81085e+00
-1.584700E-004,-5.54965e+00,-3.60984e+00
-1.584400E-004,-5.54965e+00,-3.60984e+00
-1.584100E-004,-5.54965e+00,-3.81085e+00
-1.583800E-004,-5.54965e+00,-3.81085e+00
-1.583500E-004,-5.54965e+00,-3.60984e+00
-1.583200E-004,-5.54965e+00,-3.60984e+00
-1.582900E-004,-5.54965e+00,-3.60984e+00
-1.582600E-004,-5.95166e+00,-3.81085e+00
-1.582300E-004,-5.95166e+00,-3.60984e+00
-1.582000E-004,-5.54965e+00,-3.60984e+00
-1.581700E-004,-5.95166e+00,-3.60984e+00
-1.581400E-004,-5.14764e+00,-3.60984e+00
-1.581100E-004,-5.95166e+00,-3.81085e+00
-1.580800E-004,-5.95166e+00,-3.81085e+00
-1.580500E-004,-5.54965e+00,-3.81085e+00
-1.580200E-004,-5.54965e+00,-3.81085e+00
-1.579900E-004,-5.54965e+00,-3.81085e+00
-1.579600E-004,-5.54965e+00,-3.60984e+00
-1.579300E-004,-5.54965e+00,-3.81085e+00
-1.579000E-004,-5.54965e+00,-3.81085e+00
-1.578700E-004,-5.14764e+00,-3.81085e+00
-1.578400E-004,-5.14764e+00,-3.81085e+00
-1.578100E-004,-5.54965e+00,-3.81085e+00
-1.577800E-004,-5.54965e+00,-3.81085e+00
-1.577500E-004,-5.54965e+00,-3.81085e+00
-1.577200E-004,-5.14764e+00,-3.81085e+00
-1.576900E-004,-5.14764e+00,-3.81085e+00
-1.576600E-004,-5.54965e+00,-3.60984e+00
-1.576300E-004,-5.54965e+00,-3.81085e+00
-1.576000E-004,-5.54965e+00,-3.81085e+00
-1.575700E-004,-5.14764e+00,-3.81085e+00
-1.575400E-004,-5.14764e+00,-3.81085e+00
-1.575100E-004,-5.14764e+00,-3.60984e+00
-1.574800E-004,-5.14764e+00,-3.81085e+00
-1.574500E-004,-5.54965e+00,-3.81085e+00
-1.574200E-004,-5.14764e+00,-3.81085e+00
-1.573900E-004,-5.14764e+00,-3.81085e+00
-1.573600E-004,-5.14764e+00,-3.81085e+00
-1.573300E-004,-5.14764e+00,-3.60984e+00
-1.573000E-004,-5.14764e+00,-3.81085e+00
-1.572700E-004,-5.14764e+00,-3.81085e+00
-1.572400E-004,-5.14764e+00,-3.81085e+00
-1.572100E-004,-4.74563e+00,-3.81085e+00
-1.571800E-004,-5.54965e+00,-3.81085e+00
-1.571500E-004,-5.14764e+00,-3.81085e+00
-1.571200E-004,-5.14764e+00,-3.81085e+00
-1.570900E-004,-4.74563e+00,-3.81085e+00
-1.570600E-004,-4.74563e+00,-3.81085e+00
-1.570300E-004,-5.14764e+00,-3.60984e+00
-1.570000E-004,-4.74563e+00,-4.01185e+00
-1.569700E-004,-5.54965e+00,-4.01185e+00
-1.569400E-004,-5.14764e+00,-3.81085e+00
-1.569100E-004,-5.14764e+00,-3.81085e+00
-1.568800E-004,-5.14764e+00,-3.81085e+00
-1.568500E-004,-5.14764e+00,-3.81085e+00
-1.568200E-004,-4.74563e+00,-3.81085e+00
-1.567900E-004,-5.14764e+00,-3.81085e+00
-1.567600E-004,-5.14764e+00,-3.81085e+00
-1.567300E-004,-4.74563e+00,-3.81085e+00
-1.567000E-004,-5.14764e+00,-3.81085e+00
-1.566700E-004,-4.74563e+00,-3.81085e+00
-1.566400E-004,-5.14764e+00,-3.81085e+00
-1.566100E-004,-4.74563e+00,-3.81085e+00
-1.565800E-004,-4.74563e+00,-3.81085e+00
-1.565500E-004,-5.14764e+00,-3.81085e+00
-1.565200E-004,-5.14764e+00,-3.81085e+00
-1.564900E-004,-4.74563e+00,-3.81085e+00
-1.564600E-004,-4.74563e+00,-3.60984e+00
-1.564300E-004,-4.74563e+00,-4.01185e+00
-1.564000E-004,-5.14764e+00,-3.81085e+00
-1.563700E-004,-5.14764e+00,-3.81085e+00
-1.563400E-004,-5.14764e+00,-3.81085e+00
-1.563100E-004,-5.14764e+00,-3.60984e+00
-1.562800E-004,-4.74563e+00,-3.81085e+00
-1.562500E-004,-4.74563e+00,-3.60984e+00
-1.562200E-004,-4.74563e+00,-3.81085e+00
-1.561900E-004,-4.74563e+00,-3.81085e+00
-1.561600E-004,-5.14764e+00,-3.81085e+00
-1.561300E-004,-4.74563e+00,-3.81085e+00
-1.561000E-004,-4.74563e+00,-3.81085e+00
-1.560700E-004,-4.74563e+00,-3.81085e+00
-1.560400E-004,-4.74563e+00,-4.01185e+00
-1.560100E-004,-5.14764e+00,-3.81085e+00
-1.559800E-004,-4.74563e+00,-3.81085e+00
-1.559500E-004,-4.74563e+00,-3.60984e+00
-1.559200E-004,-4.74563e+00,-3.81085e+00
-1.558900E-004,-5.14764e+00,-3.81085e+00
-1.558600E-004,-5.14764e+00,-3.81085e+00
-1.558300E-004,-4.74563e+00,-3.81085e+00
-1.558000E-004,-4.74563e+00,-3.81085e+00
-1.557700E-004,-4.74563e+00,-3.81085e+00
-1.557400E-004,-4.74563e+00,-3.81085e+00
-1.557100E-004,-4.74563e+00,-3.81085e+00
-1.556800E-004,-4.74563e+00,-3.81085e+00
-1.556500E-004,-5.14764e+00,-3.81085e+00
-1.556200E-004,-5.14764e+00,-3.81085e+00
-1.555900E-004,-4.34362e+00,-3.81085e+00
-1.555600E-004,-5.14764e+00,-3.81085e+00
-1.555300E-004,-4.74563e+00,-3.81085e+00
-1.555000E-004,-4.34362e+00,-3.81085e+00
-1.554700E-004,-4.74563e+00,-3.81085e+00
-1.554400E-004,-4.74563e+00,-3.81085e+00
-1.554100E-004,-4.74563e+00,-4.01185e+00
-1.553800E-004,-4.74563e+00,-4.01185e+00
-1.553500E-004,-4.74563e+00,-3.81085e+00
-1.553200E-004,-4.74563e+00,-3.81085e+00
-1.552900E-004,-4.74563e+00,-3.81085e+00
-1.552600E-004,-4.74563e+00,-3.81085e+00
-1.552300E-004,-4.74563e+00,-3.81085e+00
-1.552000E-004,-5.14764e+00,-3.81085e+00
-1.551700E-004,-5.14764e+00,-3.81085e+00
-1.551400E-004,-4.74563e+00,-3.81085e+00
-1.551100E-004,-4.74563e+00,-3.81085e+00
-1.550800E-004,-4.74563e+00,-4.01185e+00
-1.550500E-004,-4.74563e+00,-3.81085e+00
-1.550200E-004,-4.74563e+00,-3.81085e+00
-1.549900E-004,-4.34362e+00,-3.81085e+00
-1.549600E-004,-4.74563e+00,-3.81085e+00
-1.549300E-004,-4.74563e+00,-3.81085e+00
-1.549000E-004,-5.14764e+00,-3.81085e+00
-1.548700E-004,-4.74563e+00,-4.01185e+00
-1.548400E-004,-4.74563e+00,-4.01185e+00
-1.548100E-004,-5.14764e+00,-3.81085e+00
-1.547800E-004,-5.14764e+00,-3.81085e+00
-1.547500E-004,-5.14764e+00,-3.81085e+00
-1.547200E-004,-5.14764e+00,-4.01185e+00
-1.546900E-004,-4.74563e+00,-3.81085e+00
-1.546600E-004,-4.74563e+00,-4.01185e+00
-1.546300E-004,-4.74563e+00,-3.81085e+00
-1.546000E-004,-5.14764e+00,-4.01185e+00
-1.545700E-004,-4.74563e+00,-3.81085e+00
-1.545400E-004,-4.74563e+00,-3.81085e+00
-1.545100E-004,-5.14764e+00,-3.81085e+00
-1.544800E-004,-5.14764e+00,-3.81085e+00
-1.544500E-004,-5.14764e+00,-3.81085e+00
-1.544200E-004,-4.74563e+00,-3.81085e+00
-1.543900E-004,-5.54965e+00,-4.01185e+00
-1.543600E-004,-5.14764e+00,-4.01185e+00
-1.543300E-004,-4.74563e+00,-4.01185e+00
-1.543000E-004,-5.14764e+00,-4.01185e+00
-1.542700E-004,-4.74563e+00,-4.01185e+00
-1.542400E-004,-5.14764e+00,-4.01185e+00
-1.542100E-004,-5.54965e+00,-3.81085e+00
-1.541800E-004,-5.54965e+00,-3.81085e+00
-1.541500E-004,-5.14764e+00,-3.81085e+00
-1.541200E-004,-5.14764e+00,-3.81085e+00
-1.540900E-004,-4.74563e+00,-4.01185e+00
-1.540600E-004,-5.14764e+00,-3.81085e+00
-1.540300E-004,-5.14764e+00,-4.01185e+00
-1.540000E-004,-5.14764e+00,-4.01185e+00
-1.539700E-004,-5.14764e+00,-3.81085e+00
-1.539400E-004,-5.14764e+00,-4.01185e+00
-1.539100E-004,-5.54965e+00,-4.01185e+00
-1.538800E-004,-5.54965e+00,-4.01185e+00
-1.538500E-004,-5.54965e+00,-4.01185e+00
-1.538200E-004,-5.54965e+00,-3.81085e+00
-1.537900E-004,-5.54965e+00,-4.01185e+00
-1.537600E-004,-5.54965e+00,-4.01185e+00
-1.537300E-004,-5.54965e+00,-4.01185e+00
-1.537000E-004,-5.54965e+00,-3.81085e+00
-1.536700E-004,-5.54965e+00,-4.01185e+00
-1.536400E-004,-5.54965e+00,-3.81085e+00
-1.536100E-004,-5.14764e+00,-4.01185e+00
-1.535800E-004,-5.14764e+00,-3.81085e+00
-1.535500E-004,-5.54965e+00,-4.01185e+00
-1.535200E-004,-5.54965e+00,-3.81085e+00
-1.534900E-004,-5.54965e+00,-4.01185e+00
-1.534600E-004,-5.54965e+00,-4.01185e+00
-1.534300E-004,-5.54965e+00,-4.01185e+00
-1.534000E-004,-5.14764e+00,-4.21286e+00
-1.533700E-004,-5.14764e+00,-4.01185e+00
-1.533400E-004,-5.54965e+00,-4.01185e+00
-1.533100E-004,-5.54965e+00,-4.01185e+00
-1.532800E-004,-5.95166e+00,-4.01185e+00
-1.532500E-004,-5.54965e+00,-4.01185e+00
-1.532200E-004,-5.95166e+00,-4.01185e+00
-1.531900E-004,-5.95166e+00,-4.01185e+00
-1.531600E-004,-5.54965e+00,-4.01185e+00
-1.531300E-004,-5.14764e+00,-4.01185e+00
-1.531000E-004,-5.54965e+00,-4.01185e+00
-1.530700E-004,-5.95166e+00,-4.21286e+00
-1.530400E-004,-5.95166e+00,-4.01185e+00
-1.530100E-004,-5.54965e+00,-4.21286e+00
-1.529800E-004,-5.95166e+00,-4.01185e+00
-1.529500E-004,-5.54965e+00,-4.01185e+00
-1.529200E-004,-5.54965e+00,-3.81085e+00
-1.528900E-004,-5.54965e+00,-4.21286e+00
-1.528600E-004,-5.54965e+00,-4.21286e+00
-1.528300E-004,-5.95166e+00,-4.21286e+00
-1.528000E-004,-5.95166e+00,-3.81085e+00
-1.527700E-004,-5.95166e+00,-4.21286e+00
-1.527400E-004,-6.35367e+00,-4.01185e+00
-1.527100E-004,-5.95166e+00,-4.01185e+00
-1.526800E-004,-6.35367e+00,-4.01185e+00
-1.526500E-004,-6.35367e+00,-4.21286e+00
-1.526200E-004,-5.95166e+00,-4.21286e+00
-1.525900E-004,-6.35367e+00,-4.21286e+00
-1.525600E-004,-5.95166e+00,-4.21286e+00
-1.525300E-004,-5.95166e+00,-4.21286e+00
-1.525000E-004,-6.35367e+00,-4.21286e+00
-1.524700E-004,-5.95166e+00,-4.21286e+00
-1.524400E-004,-6.35367e+00,-4.21286e+00
-1.524100E-004,-5.95166e+00,-4.01185e+00
-1.523800E-004,-5.95166e+00,-4.01185e+00
-1.523500E-004,-6.35367e+00,-4.21286e+00
-1.523200E-004,-6.35367e+00,-4.01185e+00
-1.522900E-004,-6.35367e+00,-4.01185e+00
-1.522600E-004,-6.35367e+00,-4.21286e+00
-1.522300E-004,-6.35367e+00,-4.21286e+00
-1.522000E-004,-6.35367e+00,-4.21286e+00
-1.521700E-004,-6.35367e+00,-4.21286e+00
-1.521400E-004,-6.35367e+00,-4.21286e+00
-1.521100E-004,-6.35367e+00,-4.41386e+00
-1.520800E-004,-6.35367e+00,-4.21286e+00
-1.520500E-004,-6.35367e+00,-4.41386e+00
-1.520200E-004,-6.75568e+00,-4.21286e+00
-1.519900E-004,-6.75568e+00,-4.21286e+00
-1.519600E-004,-6.35367e+00,-4.21286e+00
-1.519300E-004,-6.75568e+00,-4.21286e+00
-1.519000E-004,-6.35367e+00,-4.41386e+00
-1.518700E-004,-6.35367e+00,-4.21286e+00
-1.518400E-004,-6.75568e+00,-4.41386e+00
-1.518100E-004,-6.75568e+00,-4.41386e+00
-1.517800E-004,-6.35367e+00,-4.41386e+00
-1.517500E-004,-6.75568e+00,-4.41386e+00
-1.517200E-004,-7.15769e+00,-4.21286e+00
-1.516900E-004,-6.75568e+00,-4.41386e+00
-1.516600E-004,-6.75568e+00,-4.41386e+00
-1.516300E-004,-6.75568e+00,-4.21286e+00
-1.516000E-004,-7.15769e+00,-4.41386e+00
-1.515700E-004,-7.15769e+00,-4.41386e+00
-1.515400E-004,-6.75568e+00,-4.41386e+00
-1.515100E-004,-7.15769e+00,-4.41386e+00
-1.514800E-004,-7.15769e+00,-4.41386e+00
-1.514500E-004,-7.15769e+00,-4.41386e+00
-1.514200E-004,-7.15769e+00,-4.61487e+00
-1.513900E-004,-6.75568e+00,-4.41386e+00
-1.513600E-004,-6.75568e+00,-4.61487e+00
-1.513300E-004,-6.75568e+00,-4.41386e+00
-1.513000E-004,-7.15769e+00,-4.61487e+00
-1.512700E-004,-7.15769e+00,-4.61487e+00
-1.512400E-004,-7.15769e+00,-4.41386e+00
-1.512100E-004,-6.75568e+00,-4.61487e+00
-1.511800E-004,-7.15769e+00,-4.61487e+00
-1.511500E-004,-7.15769e+00,-4.61487e+00
-1.511200E-004,-7.15769e+00,-4.61487e+00
-1.510900E-004,-7.15769e+00,-4.81587e+00
-1.510600E-004,-7.15769e+00,-4.61487e+00
-1.510300E-004,-7.15769e+00,-4.41386e+00
-1.510000E-004,-7.15769e+00,-4.61487e+00
-1.509700E-004,-7.15769e+00,-4.61487e+00
-1.509400E-004,-7.15769e+00,-4.41386e+00
-1.509100E-004,-7.15769e+00,-4.61487e+00
-1.508800E-004,-7.15769e+00,-4.81587e+00
-1.508500E-004,-7.55970e+00,-4.81587e+00
-1.508200E-004,-7.55970e+00,-4.81587e+00
-1.507900E-004,-7.55970e+00,-4.61487e+00
-1.507600E-004,-7.15769e+00,-4.61487e+00
-1.507300E-004,-7.55970e+00,-4.81587e+00
-1.507000E-004,-7.55970e+00,-4.61487e+00
-1.506700E-004,-7.55970e+00,-4.61487e+00
-1.506400E-004,-7.15769e+00,-4.61487e+00
-1.506100E-004,-7.55970e+00,-4.61487e+00
-1.505800E-004,-7.55970e+00,-4.61487e+00
-1.505500E-004,-7.55970e+00,-4.81587e+00
-1.505200E-004,-7.55970e+00,-4.61487e+00
-1.504900E-004,-7.55970e+00,-4.81587e+00
-1.504600E-004,-7.55970e+00,-4.81587e+00
-1.504300E-004,-7.96171e+00,-4.61487e+00
-1.504000E-004,-7.55970e+00,-4.81587e+00
-1.503700E-004,-7.55970e+00,-4.81587e+00
-1.503400E-004,-7.96171e+00,-4.81587e+00
-1.503100E-004,-7.96171e+00,-4.81587e+00
-1.502800E-004,-7.55970e+00,-4.81587e+00
-1.502500E-004,-7.55970e+00,-5.01688e+00
-1.502200E-004,-7.55970e+00,-4.81587e+00
-1.501900E-004,-7.55970e+00,-5.01688e+00
-1.501600E-004,-7.55970e+00,-4.81587e+00
-1.501300E-004,-7.55970e+00,-5.01688e+00
-1.501000E-004,-8.36372e+00,-5.01688e+00
-1.500700E-004,-7.96171e+00,-5.01688e+00
-1.500400E-004,-7.96171e+00,-5.01688e+00
-1.500100E-004,-7.96171e+00,-5.01688e+00
-1.499800E-004,-7.96171e+00,-4.81587e+00
-1.499500E-004,-7.96171e+00,-4.81587e+00
-1.499200E-004,-7.96171e+00,-5.01688e+00
-1.498900E-004,-7.96171e+00,-5.01688e+00
-1.498600E-004,-7.96171e+00,-5.01688e+00
-1.498300E-004,-7.96171e+00,-5.01688e+00
-1.498000E-004,-7.96171e+00,-5.01688e+00
-1.497700E-004,-8.36372e+00,-5.21788e+00
-1.497400E-004,-8.36372e+00,-5.01688e+00
-1.497100E-004,-8.36372e+00,-5.01688e+00
-1.496800E-004,-8.36372e+00,-5.01688e+00
-1.496500E-004,-8.36372e+00,-5.01688e+00
-1.496200E-004,-8.36372e+00,-5.01688e+00
-1.495900E-004,-7.96171e+00,-5.01688e+00
-1.495600E-004,-8.36372e+00,-5.21788e+00
-1.495300E-004,-8.36372e+00,-5.01688e+00
-1.495000E-004,-8.76573e+00,-5.21788e+00
-1.494700E-004,-7.96171e+00,-5.01688e+00
-1.494400E-004,-8.36372e+00,-5.21788e+00
-1.494100E-004,-8.76573e+00,-5.21788e+00
-1.493800E-004,-8.36372e+00,-5.21788e+00
-1.493500E-004,-8.36372e+00,-5.21788e+00
-1.493200E-004,-8.36372e+00,-5.21788e+00
-1.492900E-004,-8.76573e+00,-5.21788e+00
-1.492600E-004,-8.36372e+00,-5.41889e+00
-1.492300E-004,-8.76573e+00,-5.41889e+00
-1.492000E-004,-8.36372e+00,-5.21788e+00
-1.491700E-004,-8.76573e+00,-5.21788e+00
-1.491400E-004,-8.36372e+00,-5.21788e+00
-1.491100E-004,-8.36372e+00,-5.21788e+00
-1.490800E-004,-8.76573e+00,-5.21788e+00
-1.490500E-004,-8.36372e+00,-5.21788e+00
-1.490200E-004,-8.76573e+00,-5.41889e+00
-1.489900E-004,-8.76573e+00,-5.41889e+00
-1.489600E-004,-8.36372e+00,-5.21788e+00
-1.489300E-004,-8.76573e+00,-5.41889e+00
-1.489000E-004,-8.76573e+00,-5.41889e+00
-1.488700E-004,-8.76573e+00,-5.41889e+00
-1.488400E-004,-8.76573e+00,-5.41889e+00
-1.488100E-004,-8.76573e+00,-5.41889e+00
-1.487800E-004,-8.76573e+00,-5.41889e+00
-1.487500E-004,-8.76573e+00,-5.21788e+00
-1.487200E-004,-8.76573e+00,-5.61989e+00
-1.486900E-004,-9.16774e+00,-5.61989e+00
-1.486600E-004,-9.16774e+00,-5.41889e+00
-1.486300E-004,-8.76573e+00,-5.61989e+00
-1.486000E-004,-8.76573e+00,-5.61989e+00
-1.485700E-004,-8.76573e+00,-5.41889e+00
-1.485400E-004,-8.76573e+00,-5.61989e+00
-1.485100E-004,-8.76573e+00,-5.41889e+00
-1.484800E-004,-9.16774e+00,-5.61989e+00
-1.484500E-004,-8.76573e+00,-5.41889e+00
-1.484200E-004,-8.76573e+00,-5.61989e+00
-1.483900E-004,-9.16774e+00,-5.61989e+00
-1.483600E-004,-9.16774e+00,-5.61989e+00
-1.483300E-004,-8.76573e+00,-5.61989e+00
-1.483000E-004,-8.76573e+00,-5.82090e+00
-1.482700E-004,-8.76573e+00,-5.61989e+00
-1.482400E-004,-9.16774e+00,-5.82090e+00
-1.482100E-004,-8.76573e+00,-5.61989e+00
-1.481800E-004,-9.16774e+00,-5.82090e+00
-1.481500E-004,-9.16774e+00,-5.82090e+00
-1.481200E-004,-9.16774e+00,-5.61989e+00
-1.480900E-004,-9.16774e+00,-5.82090e+00
-1.480600E-004,-9.56975e+00,-5.61989e+00
-1.480300E-004,-9.16774e+00,-5.82090e+00
-1.480000E-004,-9.16774e+00,-5.61989e+00
-1.479700E-004,-9.56975e+00,-6.02190e+00
-1.479400E-004,-9.16774e+00,-5.82090e+00
-1.479100E-004,-9.16774e+00,-5.82090e+00
-1.478800E-004,-9.16774e+00,-5.82090e+00
-1.478500E-004,-9.16774e+00,-5.82090e+00
-1.478200E-004,-9.56975e+00,-5.82090e+00
-1.477900E-004,-9.16774e+00,-5.82090e+00
-1.477600E-004,-9.16774e+00,-5.82090e+00
-1.477300E-004,-9.56975e+00,-6.02190e+00
-1.477000E-004,-9.56975e+00,-5.82090e+00
-1.476700E-004,-9.16774e+00,-6.02190e+00
-1.476400E-004,-9.16774e+00,-5.82090e+00
-1.476100E-004,-9.16774e+00,-5.82090e+00
-1.475800E-004,-9.16774e+00,-5.82090e+00
-1.475500E-004,-9.56975e+00,-5.82090e+00
-1.475200E-004,-9.56975e+00,-6.02190e+00
-1.474900E-004,-9.56975e+00,-6.02190e+00
-1.474600E-004,-9.56975e+00,-6.22291e+00
-1.474300E-004,-9.56975e+00,-6.02190e+00
-1.474000E-004,-9.56975e+00,-6.02190e+00
-1.473700E-004,-9.56975e+00,-6.02190e+00
-1.473400E-004,-9.56975e+00,-6.22291e+00
-1.473100E-004,-9.56975e+00,-6.22291e+00
-1.472800E-004,-9.16774e+00,-6.02190e+00
-1.472500E-004,-9.56975e+00,-6.02190e+00
-1.472200E-004,-9.56975e+00,-6.22291e+00
-1.471900E-004,-9.56975e+00,-6.22291e+00
-1.471600E-004,-9.97176e+00,-6.22291e+00
-1.471300E-004,-9.56975e+00,-6.22291e+00
-1.471000E-004,-9.56975e+00,-6.22291e+00
-1.470700E-004,-9.56975e+00,-6.02190e+00
-1.470400E-004,-9.97176e+00,-6.02190e+00
-1.470100E-004,-9.97176e+00,-6.22291e+00
-1.469800E-004,-9.56975e+00,-6.22291e+00
-1.469500E-004,-9.97176e+00,-6.22291e+00
-1.469200E-004,-9.97176e+00,-6.22291e+00
-1.468900E-004,-9.97176e+00,-6.42391e+00
-1.468600E-004,-9.56975e+00,-6.02190e+00
-1.468300E-004,-9.56975e+00,-6.22291e+00
-1.468000E-004,-9.56975e+00,-6.22291e+00
-1.467700E-004,-9.56975e+00,-6.22291e+00
-1.467400E-004,-9.97176e+00,-6.22291e+00
-1.467100E-004,-9.56975e+00,-6.22291e+00
-1.466800E-004,-9.56975e+00,-6.22291e+00
-1.466500E-004,-9.56975e+00,-6.22291e+00
-1.466200E-004,-9.56975e+00,-6.22291e+00
-1.465900E-004,-9.97176e+00,-6.22291e+00
-1.465600E-004,-9.56975e+00,-6.42391e+00
-1.465300E-004,-9.56975e+00,-6.42391e+00
-1.465000E-004,-9.97176e+00,-6.42391e+00
-1.464700E-004,-9.16774e+00,-6.22291e+00
-1.464400E-004,-9.97176e+00,-6.42391e+00
-1.464100E-004,-9.97176e+00,-6.42391e+00
-1.463800E-004,-9.97176e+00,-6.22291e+00
-1.463500E-004,-9.56975e+00,-6.42391e+00
-1.463200E-004,-9.56975e+00,-6.42391e+00
-1.462900E-004,-9.97176e+00,-6.42391e+00
-1.462600E-004,-9.97176e+00,-6.42391e+00
-1.462300E-004,-9.97176e+00,-6.62492e+00
-1.462000E-004,-9.56975e+00,-6.42391e+00
-1.461700E-004,-9.97176e+00,-6.42391e+00
-1.461400E-004,-9.97176e+00,-6.42391e+00
-1.461100E-004,-9.56975e+00,-6.42391e+00
-1.460800E-004,-1.03738e+01,-6.42391e+00
-1.460500E-004,-9.97176e+00,-6.42391e+00
-1.460200E-004,-9.97176e+00,-6.62492e+00
-1.459900E-004,-9.97176e+00,-6.42391e+00
-1.459600E-004,-9.97176e+00,-6.42391e+00
-1.459300E-004,-9.97176e+00,-6.62492e+00
-1.459000E-004,-9.97176e+00,-6.62492e+00
-1.458700E-004,-9.97176e+00,-6.62492e+00
-1.458400E-004,-9.97176e+00,-6.62492e+00
-1.458100E-004,-9.56975e+00,-6.62492e+00
-1.457800E-004,-9.97176e+00,-6.62492e+00
-1.457500E-004,-9.56975e+00,-6.62492e+00
-1.457200E-004,-9.97176e+00,-6.62492e+00
-1.456900E-004,-1.03738e+01,-6.62492e+00
-1.456600E-004,-9.97176e+00,-6.62492e+00
-1.456300E-004,-9.97176e+00,-6.62492e+00
-1.456000E-004,-9.97176e+00,-6.62492e+00
-1.455700E-004,-9.97176e+00,-6.82592e+00
-1.455400E-004,-9.97176e+00,-6.62492e+00
-1.455100E-004,-9.97176e+00,-6.62492e+00
-1.454800E-004,-9.97176e+00,-6.62492e+00
-1.454500E-004,-1.03738e+01,-6.82592e+00
-1.454200E-004,-9.97176e+00,-6.82592e+00
-1.453900E-004,-9.97176e+00,-6.82592e+00
-1.453600E-004,-9.97176e+00,-6.82592e+00
-1.453300E-004,-9.97176e+00,-6.82592e+00
-1.453000E-004,-9.56975e+00,-6.82592e+00
-1.452700E-004,-9.97176e+00,-6.82592e+00
-1.452400E-004,-9.97176e+00,-6.82592e+00
-1.452100E-004,-9.97176e+00,-6.82592e+00
-1.451800E-004,-9.97176e+00,-7.02693e+00
-1.451500E-004,-9.97176e+00,-6.62492e+00
-1.451200E-004,-9.97176e+00,-6.82592e+00
-1.450900E-004,-9.97176e+00,-6.82592e+00
-1.450600E-004,-1.03738e+01,-6.82592e+00
-1.450300E-004,-1.03738e+01,-6.82592e+00
-1.450000E-004,-9.97176e+00,-6.82592e+00
-1.449700E-004,-9.97176e+00,-6.82592e+00
-1.449400E-004,-9.97176e+00,-7.02693e+00
-1.449100E-004,-9.56975e+00,-6.82592e+00
-1.448800E-004,-9.97176e+00,-6.82592e+00
-1.448500E-004,-9.97176e+00,-6.82592e+00
-1.448200E-004,-9.97176e+00,-6.82592e+00
-1.447900E-004,-9.97176e+00,-6.82592e+00
-1.447600E-004,-9.56975e+00,-7.02693e+00
-1.447300E-004,-9.97176e+00,-6.82592e+00
-1.447000E-004,-9.97176e+00,-7.02693e+00
-1.446700E-004,-9.97176e+00,-6.82592e+00
-1.446400E-004,-9.97176e+00,-7.02693e+00
-1.446100E-004,-9.97176e+00,-7.02693e+00
-1.445800E-004,-9.97176e+00,-7.02693e+00
-1.445500E-004,-1.03738e+01,-7.22793e+00
-1.445200E-004,-1.03738e+01,-7.02693e+00
-1.444900E-004,-9.97176e+00,-7.02693e+00
-1.444600E-004,-9.97176e+00,-6.82592e+00
-1.444300E-004,-9.97176e+00,-7.02693e+00
-1.444000E-004,-9.97176e+00,-6.82592e+00
-1.443700E-004,-9.97176e+00,-7.02693e+00
-1.443400E-004,-9.97176e+00,-7.02693e+00
-1.443100E-004,-9.56975e+00,-7.02693e+00
-1.442800E-004,-9.97176e+00,-7.02693e+00
-1.442500E-004,-9.97176e+00,-7.22793e+00
-1.442200E-004,-9.97176e+00,-7.22793e+00
-1.441900E-004,-9.97176e+00,-7.02693e+00
-1.441600E-004,-9.97176e+00,-7.22793e+00
-1.441300E-004,-1.03738e+01,-7.02693e+00
-1.441000E-004,-1.03738e+01,-7.02693e+00
-1.440700E-004,-1.03738e+01,-7.02693e+00
-1.440400E-004,-9.97176e+00,-7.02693e+00
-1.440100E-004,-9.97176e+00,-7.22793e+00
-1.439800E-004,-9.97176e+00,-7.02693e+00
-1.439500E-004,-9.56975e+00,-7.22793e+00
-1.439200E-004,-9.97176e+00,-7.02693e+00
-1.438900E-004,-9.97176e+00,-7.42894e+00
-1.438600E-004,-1.03738e+01,-7.02693e+00
-1.438300E-004,-9.97176e+00,-7.22793e+00
-1.438000E-004,-9.97176e+00,-7.22793e+00
-1.437700E-004,-9.97176e+00,-7.22793e+00
-1.437400E-004,-9.97176e+00,-7.22793e+00
-1.437100E-004,-9.97176e+00,-7.22793e+00
-1.436800E-004,-9.97176e+00,-7.22793e+00
-1.436500E-004,-1.03738e+01,-7.22793e+00
-1.436200E-004,-9.97176e+00,-7.22793e+00
-1.435900E-004,-9.97176e+00,-7.22793e+00
-1.435600E-004,-9.97176e+00,-7.22793e+00
-1.435300E-004,-9.97176e+00,-7.22793e+00
-1.435000E-004,-9.97176e+00,-7.22793e+00
-1.434700E-004,-9.97176e+00,-7.22793e+00
-1.434400E-004,-9.97176e+00,-7.42894e+00
-1.434100E-004,-9.97176e+00,-7.22793e+00
-1.433800E-004,-9.97176e+00,-7.22793e+00
-1.433500E-004,-1.03738e+01,-7.22793e+00
-1.433200E-004,-9.97176e+00,-7.22793e+00
-1.432900E-004,-9.97176e+00,-7.22793e+00
-1.432600E-004,-9.97176e+00,-7.22793e+00
-1.432300E-004,-9.56975e+00,-7.22793e+00
-1.432000E-004,-9.97176e+00,-7.42894e+00
-1.431700E-004,-9.97176e+00,-7.22793e+00
-1.431400E-004,-9.97176e+00,-7.42894e+00
-1.431100E-004,-9.97176e+00,-7.42894e+00
-1.430800E-004,-9.97176e+00,-7.42894e+00
-1.430500E-004,-9.97176e+00,-7.42894e+00
-1.430200E-004,-9.56975e+00,-7.42894e+00
-1.429900E-004,-1.03738e+01,-7.42894e+00
-1.429600E-004,-1.03738e+01,-7.42894e+00
-1.429300E-004,-9.97176e+00,-7.22793e+00
-1.429000E-004,-9.56975e+00,-7.42894e+00
-1.428700E-004,-9.97176e+00,-7.42894e+00
-1.428400E-004,-9.97176e+00,-7.42894e+00
-1.428100E-004,-9.97176e+00,-7.22793e+00
-1.427800E-004,-9.97176e+00,-7.62994e+00
-1.427500E-004,-9.56975e+00,-7.42894e+00
-1.427200E-004,-9.97176e+00,-7.62994e+00
-1.426900E-004,-9.97176e+00,-7.42894e+00
-1.426600E-004,-9.56975e+00,-7.22793e+00
-1.426300E-004,-9.97176e+00,-7.22793e+00
-1.426000E-004,-9.56975e+00,-7.62994e+00
-1.425700E-004,-9.97176e+00,-7.22793e+00
-1.425400E-004,-9.56975e+00,-7.42894e+00
-1.425100E-004,-9.56975e+00,-7.42894e+00
-1.424800E-004,-9.97176e+00,-7.42894e+00
-1.424500E-004,-9.56975e+00,-7.42894e+00
-1.424200E-004,-9.97176e+00,-7.42894e+00
-1.423900E-004,-9.97176e+00,-7.42894e+00
-1.423600E-004,-9.97176e+00,-7.42894e+00
-1.423300E-004,-9.97176e+00,-7.42894e+00
-1.423000E-004,-9.97176e+00,-7.22793e+00
-1.422700E-004,-9.56975e+00,-7.42894e+00
-1.422400E-004,-9.97176e+00,-7.42894e+00
-1.422100E-004,-1.03738e+01,-7.42894e+00
-1.421800E-004,-9.56975e+00,-7.42894e+00
-1.421500E-004,-9.97176e+00,-7.42894e+00
-1.421200E-004,-9.97176e+00,-7.42894e+00
-1.420900E-004,-9.97176e+00,-7.42894e+00
-1.420600E-004,-9.56975e+00,-7.42894e+00
-1.420300E-004,-9.56975e+00,-7.42894e+00
-1.420000E-004,-9.56975e+00,-7.42894e+00
-1.419700E-004,-9.56975e+00,-7.42894e+00
-1.419400E-004,-9.97176e+00,-7.42894e+00
-1.419100E-004,-9.97176e+00,-7.62994e+00
-1.418800E-004,-9.56975e+00,-7.62994e+00
-1.418500E-004,-9.56975e+00,-7.62994e+00
-1.418200E-004,-9.56975e+00,-7.62994e+00
-1.417900E-004,-9.56975e+00,-7.42894e+00
-1.417600E-004,-9.56975e+00,-7.42894e+00
-1.417300E-004,-9.56975e+00,-7.62994e+00
-1.417000E-004,-9.56975e+00,-7.62994e+00
-1.416700E-004,-9.56975e+00,-7.42894e+00
-1.416400E-004,-9.56975e+00,-7.62994e+00
-1.416100E-004,-9.56975e+00,-7.62994e+00
-1.415800E-004,-9.56975e+00,-7.42894e+00
-1.415500E-004,-9.56975e+00,-7.42894e+00
-1.415200E-004,-9.56975e+00,-7.62994e+00
-1.414900E-004,-9.56975e+00,-7.62994e+00
-1.414600E-004,-9.56975e+00,-7.62994e+00
-1.414300E-004,-9.97176e+00,-7.62994e+00
-1.414000E-004,-9.97176e+00,-7.62994e+00
-1.413700E-004,-9.56975e+00,-7.42894e+00
-1.413400E-004,-9.97176e+00,-7.42894e+00
-1.413100E-004,-9.56975e+00,-7.62994e+00
-1.412800E-004,-9.56975e+00,-7.62994e+00
-1.412500E-004,-9.56975e+00,-7.62994e+00
-1.412200E-004,-9.56975e+00,-7.62994e+00
-1.411900E-004,-9.56975e+00,-7.42894e+00
-1.411600E-004,-9.56975e+00,-7.42894e+00
-1.411300E-004,-9.56975e+00,-7.62994e+00
-1.411000E-004,-9.16774e+00,-7.83095e+00
-1.410700E-004,-9.56975e+00,-7.62994e+00
-1.410400E-004,-9.56975e+00,-7.62994e+00
-1.410100E-004,-9.56975e+00,-7.62994e+00
-1.409800E-004,-9.97176e+00,-7.62994e+00
-1.409500E-004,-9.56975e+00,-7.42894e+00
-1.409200E-004,-9.56975e+00,-7.62994e+00
-1.408900E-004,-9.56975e+00,-7.42894e+00
-1.408600E-004,-9.56975e+00,-7.62994e+00
-1.408300E-004,-9.56975e+00,-7.62994e+00
-1.408000E-004,-9.56975e+00,-7.62994e+00
-1.407700E-004,-9.97176e+00,-7.62994e+00
-1.407400E-004,-9.56975e+00,-7.62994e+00
-1.407100E-004,-9.16774e+00,-7.62994e+00
-1.406800E-004,-9.56975e+00,-7.62994e+00
-1.406500E-004,-9.56975e+00,-7.62994e+00
-1.406200E-004,-9.56975e+00,-7.62994e+00
-1.405900E-004,-9.56975e+00,-7.62994e+00
-1.405600E-004,-9.56975e+00,-7.62994e+00
-1.405300E-004,-9.97176e+00,-7.62994e+00
-1.405000E-004,-9.56975e+00,-7.42894e+00
-1.404700E-004,-9.56975e+00,-7.62994e+00
-1.404400E-004,-9.16774e+00,-7.42894e+00
-1.404100E-004,-9.16774e+00,-7.62994e+00
-1.403800E-004,-9.56975e+00,-7.62994e+00
-1.403500E-004,-9.56975e+00,-7.62994e+00
-1.403200E-004,-9.56975e+00,-7.62994e+00
-1.402900E-004,-9.16774e+00,-7.62994e+00
-1.402600E-004,-9.56975e+00,-7.62994e+00
-1.402300E-004,-9.56975e+00,-7.62994e+00
-1.402000E-004,-9.16774e+00,-7.62994e+00
-1.401700E-004,-9.56975e+00,-7.62994e+00
-1.401400E-004,-9.56975e+00,-7.42894e+00
-1.401100E-004,-9.56975e+00,-7.42894e+00
-1.400800E-004,-9.56975e+00,-7.62994e+00
-1.400500E-004,-9.56975e+00,-7.62994e+00
-1.400200E-004,-9.56975e+00,-7.62994e+00
-1.399900E-004,-9.16774e+00,-7.62994e+00
-1.399600E-004,-9.56975e+00,-7.62994e+00
-1.399300E-004,-9.56975e+00,-7.62994e+00
-1.399000E-004,-9.56975e+00,-7.62994e+00
-1.398700E-004,-9.56975e+00,-7.62994e+00
-1.398400E-004,-9.56975e+00,-7.62994e+00
-1.398100E-004,-9.56975e+00,-7.62994e+00
-1.397800E-004,-9.56975e+00,-7.62994e+00
-1.397500E-004,-9.56975e+00,-7.62994e+00
-1.397200E-004,-9.56975e+00,-7.62994e+00
-1.396900E-004,-9.56975e+00,-7.62994e+00
-1.396600E-004,-9.56975e+00,-7.62994e+00
-1.396300E-004,-9.16774e+00,-7.62994e+00
-1.396000E-004,-9.56975e+00,-7.62994e+00
-1.395700E-004,-9.56975e+00,-7.62994e+00
-1.395400E-004,-9.56975e+00,-7.62994e+00
-1.395100E-004,-9.16774e+00,-7.62994e+00
-1.394800E-004,-9.16774e+00,-7.62994e+00
-1.394500E-004,-9.56975e+00,-7.62994e+00
-1.394200E-004,-9.56975e+00,-7.62994e+00
-1.393900E-004,-9.16774e+00,-7.42894e+00
-1.393600E-004,-9.56975e+00,-7.62994e+00
-1.393300E-004,-9.56975e+00,-7.62994e+00
-1.393000E-004,-9.16774e+00,-7.62994e+00
-1.392700E-004,-9.16774e+00,-7.62994e+00
-1.392400E-004,-9.56975e+00,-7.62994e+00
-1.392100E-004,-9.56975e+00,-7.83095e+00
-1.391800E-004,-9.16774e+00,-7.62994e+00
-1.391500E-004,-9.56975e+00,-7.42894e+00
-1.391200E-004,-9.56975e+00,-7.62994e+00
-1.390900E-004,-9.16774e+00,-7.62994e+00
-1.390600E-004,-9.56975e+00,-7.83095e+00
-1.390300E-004,-9.16774e+00,-7.62994e+00
-1.390000E-004,-9.56975e+00,-7.83095e+00
-1.389700E-004,-9.16774e+00,-7.83095e+00
-1.389400E-004,-9.56975e+00,-7.62994e+00
-1.389100E-004,-9.56975e+00,-7.83095e+00
-1.388800E-004,-9.56975e+00,-7.62994e+00
-1.388500E-004,-9.16774e+00,-7.83095e+00
-1.388200E-004,-9.16774e+00,-7.83095e+00
-1.387900E-004,-9.56975e+00,-7.62994e+00
-1.387600E-004,-9.16774e+00,-7.62994e+00
-1.387300E-004,-9.16774e+00,-7.62994e+00
-1.387000E-004,-9.16774e+00,-7.83095e+00
-1.386700E-004,-9.56975e+00,-7.62994e+00
-1.386400E-004,-9.56975e+00,-7.83095e+00
-1.386100E-004,-8.76573e+00,-7.62994e+00
-1.385800E-004,-9.56975e+00,-7.62994e+00
-1.385500E-004,-9.16774e+00,-7.62994e+00
-1.385200E-004,-9.16774e+00,-7.62994e+00
-1.384900E-004,-9.16774e+00,-7.62994e+00
-1.384600E-004,-9.56975e+00,-7.62994e+00
-1.384300E-004,-9.56975e+00,-7.62994e+00
-1.384000E-004,-9.16774e+00,-7.62994e+00
-1.383700E-004,-9.16774e+00,-7.62994e+00
-1.383400E-004,-9.16774e+00,-7.62994e+00
-1.383100E-004,-9.16774e+00,-7.83095e+00
-1.382800E-004,-9.56975e+00,-7.62994e+00
-1.382500E-004,-9.16774e+00,-7.62994e+00
-1.382200E-004,-9.56975e+00,-7.83095e+00
-1.381900E-004,-9.16774e+00,-7.62994e+00
-1.381600E-004,-9.16774e+00,-7.83095e+00
-1.381300E-004,-9.56975e+00,-7.62994e+00
-1.381000E-004,-9.16774e+00,-7.62994e+00
-1.380700E-004,-9.56975e+00,-7.62994e+00
-1.380400E-004,-9.16774e+00,-7.83095e+00
-1.380100E-004,-9.16774e+00,-7.62994e+00
-1.379800E-004,-9.16774e+00,-7.83095e+00
-1.379500E-004,-9.16774e+00,-7.62994e+00
-1.379200E-004,-9.16774e+00,-7.62994e+00
-1.378900E-004,-9.16774e+00,-7.83095e+00
-1.378600E-004,-9.16774e+00,-7.83095e+00
-1.378300E-004,-9.16774e+00,-7.62994e+00
-1.378000E-004,-9.16774e+00,-7.62994e+00
-1.377700E-004,-9.16774e+00,-7.62994e+00
-1.377400E-004,-9.16774e+00,-7.83095e+00
-1.377100E-004,-9.16774e+00,-7.62994e+00
-1.376800E-004,-9.16774e+00,-7.62994e+00
-1.376500E-004,-9.56975e+00,-7.62994e+00
-1.376200E-004,-9.56975e+00,-7.83095e+00
-1.375900E-004,-9.16774e+00,-7.83095e+00
-1.375600E-004,-9.56975e+00,-7.83095e+00
-1.375300E-004,-9.16774e+00,-7.83095e+00
-1.375000E-004,-9.16774e+00,-7.83095e+00
-1.374700E-004,-9.16774e+00,-7.62994e+00
-1.374400E-004,-9.56975e+00,-7.83095e+00
-1.374100E-004,-9.16774e+00,-7.83095e+00
-1.373800E-004,-9.16774e+00,-7.62994e+00
-1.373500E-004,-9.56975e+00,-7.62994e+00
-1.373200E-004,-9.16774e+00,-7.83095e+00
-1.372900E-004,-9.56975e+00,-7.62994e+00
-1.372600E-004,-9.56975e+00,-7.83095e+00
-1.372300E-004,-9.56975e+00,-7.83095e+00
-1.372000E-004,-9.16774e+00,-7.83095e+00
-1.371700E-004,-9.56975e+00,-7.83095e+00
-1.371400E-004,-9.56975e+00,-7.62994e+00
-1.371100E-004,-9.16774e+00,-7.83095e+00
-1.370800E-004,-9.56975e+00,-7.83095e+00
-1.370500E-004,-9.16774e+00,-7.83095e+00
-1.370200E-004,-9.56975e+00,-7.83095e+00
-1.369900E-004,-9.16774e+00,-7.62994e+00
-1.369600E-004,-9.56975e+00,-7.83095e+00
-1.369300E-004,-9.16774e+00,-7.83095e+00
-1.369000E-004,-9.16774e+00,-7.62994e+00
-1.368700E-004,-9.56975e+00,-7.62994e+00
-1.368400E-004,-9.16774e+00,-7.83095e+00
-1.368100E-004,-9.56975e+00,-7.83095e+00
-1.367800E-004,-9.16774e+00,-7.83095e+00
-1.367500E-004,-9.16774e+00,-7.62994e+00
-1.367200E-004,-9.56975e+00,-7.83095e+00
-1.366900E-004,-9.56975e+00,-7.83095e+00
-1.366600E-004,-9.16774e+00,-7.83095e+00
-1.366300E-004,-9.16774e+00,-7.83095e+00
-1.366000E-004,-9.16774e+00,-7.62994e+00
-1.365700E-004,-9.56975e+00,-7.62994e+00
-1.365400E-004,-9.56975e+00,-7.83095e+00
-1.365100E-004,-9.56975e+00,-7.83095e+00
-1.364800E-004,-9.56975e+00,-7.62994e+00
-1.364500E-004,-9.56975e+00,-7.83095e+00
-1.364200E-004,-9.56975e+00,-7.83095e+00
-1.363900E-004,-9.56975e+00,-7.83095e+00
-1.363600E-004,-9.56975e+00,-7.83095e+00
-1.363300E-004,-9.56975e+00,-7.83095e+00
-1.363000E-004,-9.56975e+00,-7.83095e+00
-1.362700E-004,-9.56975e+00,-7.83095e+00
-1.362400E-004,-9.16774e+00,-7.83095e+00
-1.362100E-004,-9.56975e+00,-7.83095e+00
-1.361800E-004,-9.56975e+00,-7.83095e+00
-1.361500E-004,-9.56975e+00,-7.62994e+00
-1.361200E-004,-9.56975e+00,-7.83095e+00
-1.360900E-004,-9.97176e+00,-7.83095e+00
-1.360600E-004,-9.56975e+00,-7.62994e+00
-1.360300E-004,-9.16774e+00,-7.83095e+00
-1.360000E-004,-9.56975e+00,-7.83095e+00
-1.359700E-004,-9.56975e+00,-7.83095e+00
-1.359400E-004,-9.16774e+00,-7.83095e+00
-1.359100E-004,-9.56975e+00,-7.62994e+00
-1.358800E-004,-9.56975e+00,-7.83095e+00
-1.358500E-004,-9.16774e+00,-7.83095e+00
-1.358200E-004,-9.16774e+00,-8.03195e+00
-1.357900E-004,-9.56975e+00,-7.83095e+00
-1.357600E-004,-9.56975e+00,-7.83095e+00
-1.357300E-004,-9.16774e+00,-7.62994e+00
-1.357000E-004,-9.56975e+00,-7.83095e+00
-1.356700E-004,-9.56975e+00,-7.83095e+00
-1.356400E-004,-9.56975e+00,-7.62994e+00
-1.356100E-004,-9.56975e+00,-7.83095e+00
-1.355800E-004,-9.56975e+00,-7.83095e+00
-1.355500E-004,-9.97176e+00,-7.62994e+00
-1.355200E-004,-9.56975e+00,-7.83095e+00
-1.354900E-004,-9.56975e+00,-7.83095e+00
-1.354600E-004,-9.16774e+00,-7.83095e+00
-1.354300E-004,-9.56975e+00,-7.83095e+00
-1.354000E-004,-9.56975e+00,-7.83095e+00
-1.353700E-004,-9.97176e+00,-7.83095e+00
-1.353400E-004,-9.97176e+00,-7.83095e+00
-1.353100E-004,-9.56975e+00,-7.83095e+00
-1.352800E-004,-9.97176e+00,-7.83095e+00
-1.352500E-004,-9.56975e+00,-7.83095e+00
-1.352200E-004,-9.56975e+00,-7.83095e+00
-1.351900E-004,-9.56975e+00,-7.83095e+00
-1.351600E-004,-9.56975e+00,-7.83095e+00
-1.351300E-004,-9.56975e+00,-7.83095e+00
-1.351000E-004,-9.56975e+00,-7.83095e+00
-1.350700E-004,-9.97176e+00,-7.83095e+00
-1.350400E-004,-9.56975e+00,-7.83095e+00
-1.350100E-004,-9.56975e+00,-7.83095e+00
-1.349800E-004,-9.56975e+00,-7.83095e+00
-1.349500E-004,-9.56975e+00,-7.83095e+00
-1.349200E-004,-9.97176e+00,-7.83095e+00
-1.348900E-004,-9.16774e+00,-7.83095e+00
-1.348600E-004,-9.56975e+00,-7.83095e+00
-1.348300E-004,-9.56975e+00,-7.83095e+00
-1.348000E-004,-9.97176e+00,-7.83095e+00
-1.347700E-004,-9.56975e+00,-7.62994e+00
-1.347400E-004,-9.56975e+00,-7.83095e+00
-1.347100E-004,-9.56975e+00,-7.83095e+00
-1.346800E-004,-9.97176e+00,-8.03195e+00
-1.346500E-004,-9.97176e+00,-7.83095e+00
-1.346200E-004,-9.56975e+00,-7.83095e+00
-1.345900E-004,-9.56975e+00,-7.83095e+00
-1.345600E-004,-9.97176e+00,-7.83095e+00
-1.345300E-004,-9.97176e+00,-7.83095e+00
-1.345000E-004,-9.97176e+00,-7.83095e+00
-1.344700E-004,-9.56975e+00,-7.62994e+00
-1.344400E-004,-9.56975e+00,-7.83095e+00
-1.344100E-004,-9.97176e+00,-7.83095e+00
-1.343800E-004,-9.56975e+00,-8.03195e+00
-1.343500E-004,-9.56975e+00,-8.03195e+00
-1.343200E-004,-9.97176e+00,-7.83095e+00
-1.342900E-004,-9.56975e+00,-7.83095e+00
-1.342600E-004,-9.97176e+00,-7.83095e+00
-1.342300E-004,-9.56975e+00,-7.83095e+00
-1.342000E-004,-9.97176e+00,-7.83095e+00
-1.341700E-004,-9.97176e+00,-7.83095e+00
-1.341400E-004,-9.97176e+00,-8.03195e+00
-1.341100E-004,-9.56975e+00,-7.83095e+00
-1.340800E-004,-9.97176e+00,-8.03195e+00
-1.340500E-004,-9.56975e+00,-7.83095e+00
-1.340200E-004,-9.97176e+00,-7.83095e+00
-1.339900E-004,-9.97176e+00,-7.83095e+00
-1.339600E-004,-9.56975e+00,-8.03195e+00
-1.339300E-004,-9.56975e+00,-7.83095e+00
-1.339000E-004,-9.56975e+00,-7.83095e+00
-1.338700E-004,-9.97176e+00,-8.03195e+00
-1.338400E-004,-9.97176e+00,-8.03195e+00
-1.338100E-004,-1.03738e+01,-7.83095e+00
-1.337800E-004,-9.97176e+00,-7.83095e+00
-1.337500E-004,-9.56975e+00,-7.83095e+00
-1.337200E-004,-1.03738e+01,-7.83095e+00
-1.336900E-004,-9.56975e+00,-7.83095e+00
-1.336600E-004,-9.97176e+00,-7.83095e+00
-1.336300E-004,-9.97176e+00,-8.03195e+00
-1.336000E-004,-9.56975e+00,-8.03195e+00
-1.335700E-004,-9.97176e+00,-8.03195e+00
-1.335400E-004,-9.56975e+00,-7.83095e+00
-1.335100E-004,-9.97176e+00,-7.83095e+00
-1.334800E-004,-9.97176e+00,-7.83095e+00
-1.334500E-004,-9.97176e+00,-8.03195e+00
-1.334200E-004,-9.97176e+00,-7.83095e+00
-1.333900E-004,-9.97176e+00,-8.03195e+00
-1.333600E-004,-9.97176e+00,-7.83095e+00
-1.333300E-004,-9.97176e+00,-8.03195e+00
-1.333000E-004,-9.97176e+00,-7.83095e+00
-1.332700E-004,-9.97176e+00,-8.03195e+00
-1.332400E-004,-9.97176e+00,-8.03195e+00
-1.332100E-004,-9.97176e+00,-8.03195e+00
-1.331800E-004,-9.97176e+00,-8.23296e+00
-1.331500E-004,-9.97176e+00,-8.03195e+00
-1.331200E-004,-9.97176e+00,-8.03195e+00
-1.330900E-004,-9.97176e+00,-7.83095e+00
-1.330600E-004,-9.97176e+00,-7.83095e+00
-1.330300E-004,-1.03738e+01,-8.03195e+00
-1.330000E-004,-9.97176e+00,-8.03195e+00
-1.329700E-004,-1.03738e+01,-8.03195e+00
-1.329400E-004,-9.97176e+00,-7.83095e+00
-1.329100E-004,-9.97176e+00,-8.03195e+00
-1.328800E-004,-1.03738e+01,-8.03195e+00
-1.328500E-004,-9.97176e+00,-8.03195e+00
-1.328200E-004,-9.56975e+00,-7.83095e+00
-1.327900E-004,-9.97176e+00,-8.03195e+00
-1.327600E-004,-9.97176e+00,-8.03195e+00
-1.327300E-004,-9.97176e+00,-8.03195e+00
-1.327000E-004,-9.97176e+00,-7.83095e+00
-1.326700E-004,-9.97176e+00,-7.83095e+00
-1.326400E-004,-9.97176e+00,-8.03195e+00
-1.326100E-004,-9.97176e+00,-8.03195e+00
-1.325800E-004,-9.56975e+00,-8.23296e+00
-1.325500E-004,-9.97176e+00,-8.03195e+00
-1.325200E-004,-9.97176e+00,-7.83095e+00
-1.324900E-004,-1.03738e+01,-8.03195e+00
-1.324600E-004,-9.97176e+00,-8.03195e+00
-1.324300E-004,-9.97176e+00,-8.03195e+00
-1.324000E-004,-1.03738e+01,-8.03195e+00
-1.323700E-004,-9.97176e+00,-8.03195e+00
-1.323400E-004,-1.03738e+01,-8.03195e+00
-1.323100E-004,-1.03738e+01,-8.03195e+00
-1.322800E-004,-9.97176e+00,-8.03195e+00
-1.322500E-004,-1.03738e+01,-8.03195e+00
-1.322200E-004,-1.03738e+01,-8.03195e+00
-1.321900E-004,-1.03738e+01,-8.03195e+00
-1.321600E-004,-1.03738e+01,-8.03195e+00
-1.321300E-004,-9.97176e+00,-8.03195e+00
-1.321000E-004,-1.03738e+01,-8.03195e+00
-1.320700E-004,-9.97176e+00,-8.03195e+00
-1.320400E-004,-1.03738e+01,-8.03195e+00
-1.320100E-004,-9.97176e+00,-8.03195e+00
-1.319800E-004,-1.03738e+01,-8.03195e+00
-1.319500E-004,-1.03738e+01,-8.03195e+00
-1.319200E-004,-9.97176e+00,-8.03195e+00
-1.318900E-004,-9.97176e+00,-8.03195e+00
-1.318600E-004,-1.03738e+01,-8.23296e+00
-1.318300E-004,-1.03738e+01,-8.03195e+00
-1.318000E-004,-1.07758e+01,-8.03195e+00
-1.317700E-004,-1.03738e+01,-8.03195e+00
-1.317400E-004,-9.97176e+00,-8.23296e+00
-1.317100E-004,-9.97176e+00,-8.23296e+00
-1.316800E-004,-1.03738e+01,-8.23296e+00
-1.316500E-004,-9.97176e+00,-8.23296e+00
-1.316200E-004,-1.03738e+01,-8.03195e+00
-1.315900E-004,-1.03738e+01,-8.03195e+00
-1.315600E-004,-1.07758e+01,-8.03195e+00
-1.315300E-004,-1.03738e+01,-8.03195e+00
-1.315000E-004,-1.03738e+01,-8.03195e+00
-1.314700E-004,-1.03738e+01,-8.03195e+00
-1.314400E-004,-1.03738e+01,-8.23296e+00
-1.314100E-004,-1.03738e+01,-8.03195e+00
-1.313800E-004,-1.03738e+01,-8.03195e+00
-1.313500E-004,-1.03738e+01,-8.03195e+00
-1.313200E-004,-1.03738e+01,-8.03195e+00
-1.312900E-004,-1.03738e+01,-8.23296e+00
-1.312600E-004,-1.03738e+01,-8.23296e+00
-1.312300E-004,-1.03738e+01,-8.23296e+00
-1.312000E-004,-1.03738e+01,-8.23296e+00
-1.311700E-004,-1.03738e+01,-8.23296e+00
-1.311400E-004,-1.03738e+01,-8.23296e+00
-1.311100E-004,-1.03738e+01,-8.23296e+00
-1.310800E-004,-1.03738e+01,-8.03195e+00
-1.310500E-004,-9.97176e+00,-8.23296e+00
-1.310200E-004,-1.03738e+01,-8.03195e+00
-1.309900E-004,-1.03738e+01,-8.23296e+00
-1.309600E-004,-1.03738e+01,-8.23296e+00
-1.309300E-004,-1.07758e+01,-8.23296e+00
-1.309000E-004,-1.03738e+01,-8.23296e+00
-1.308700E-004,-1.03738e+01,-8.03195e+00
-1.308400E-004,-1.07758e+01,-8.03195e+00
-1.308100E-004,-1.03738e+01,-8.03195e+00
-1.307800E-004,-9.97176e+00,-8.23296e+00
-1.307500E-004,-1.03738e+01,-8.23296e+00
-1.307200E-004,-1.03738e+01,-8.23296e+00
-1.306900E-004,-1.03738e+01,-8.43396e+00
-1.306600E-004,-1.03738e+01,-8.23296e+00
-1.306300E-004,-1.03738e+01,-8.43396e+00
-1.306000E-004,-1.07758e+01,-8.03195e+00
-1.305700E-004,-1.03738e+01,-8.23296e+00
-1.305400E-004,-1.03738e+01,-8.23296e+00
-1.305100E-004,-1.07758e+01,-8.23296e+00
-1.304800E-004,-1.03738e+01,-8.23296e+00
-1.304500E-004,-1.03738e+01,-8.43396e+00
-1.304200E-004,-1.07758e+01,-8.23296e+00
-1.303900E-004,-9.97176e+00,-8.23296e+00
-1.303600E-004,-1.03738e+01,-8.23296e+00
-1.303300E-004,-1.03738e+01,-8.23296e+00
-1.303000E-004,-1.03738e+01,-8.23296e+00
-1.302700E-004,-1.03738e+01,-8.23296e+00
-1.302400E-004,-1.07758e+01,-8.43396e+00
-1.302100E-004,-1.07758e+01,-8.23296e+00
-1.301800E-004,-1.03738e+01,-8.43396e+00
-1.301500E-004,-1.03738e+01,-8.43396e+00
-1.301200E-004,-1.07758e+01,-8.43396e+00
-1.300900E-004,-1.03738e+01,-8.23296e+00
-1.300600E-004,-1.07758e+01,-8.23296e+00
-1.300300E-004,-1.03738e+01,-8.43396e+00
-1.300000E-004,-1.03738e+01,-8.23296e+00
-1.299700E-004,-1.07758e+01,-8.43396e+00
-1.299400E-004,-1.07758e+01,-8.43396e+00
-1.299100E-004,-1.07758e+01,-8.23296e+00
-1.298800E-004,-1.07758e+01,-8.23296e+00
-1.298500E-004,-1.07758e+01,-8.43396e+00
-1.298200E-004,-1.07758e+01,-8.23296e+00
-1.297900E-004,-1.03738e+01,-8.43396e+00
-1.297600E-004,-1.03738e+01,-8.23296e+00
-1.297300E-004,-1.03738e+01,-8.23296e+00
-1.297000E-004,-1.07758e+01,-8.23296e+00
-1.296700E-004,-1.07758e+01,-8.23296e+00
-1.296400E-004,-1.03738e+01,-8.43396e+00
-1.296100E-004,-1.03738e+01,-8.43396e+00
-1.295800E-004,-1.03738e+01,-8.43396e+00
-1.295500E-004,-1.07758e+01,-8.43396e+00
-1.295200E-004,-1.03738e+01,-8.43396e+00
-1.294900E-004,-1.03738e+01,-8.43396e+00
-1.294600E-004,-1.07758e+01,-8.43396e+00
-1.294300E-004,-1.03738e+01,-8.23296e+00
-1.294000E-004,-1.07758e+01,-8.43396e+00
-1.293700E-004,-1.03738e+01,-8.43396e+00
-1.293400E-004,-1.07758e+01,-8.43396e+00
-1.293100E-004,-1.07758e+01,-8.43396e+00
-1.292800E-004,-1.07758e+01,-8.43396e+00
-1.292500E-004,-1.07758e+01,-8.43396e+00
-1.292200E-004,-1.03738e+01,-8.43396e+00
-1.291900E-004,-1.07758e+01,-8.43396e+00
-1.291600E-004,-1.03738e+01,-8.23296e+00
-1.291300E-004,-1.07758e+01,-8.43396e+00
-1.291000E-004,-1.07758e+01,-8.43396e+00
-1.290700E-004,-1.07758e+01,-8.23296e+00
-1.290400E-004,-1.03738e+01,-8.43396e+00
-1.290100E-004,-1.07758e+01,-8.63497e+00
-1.289800E-004,-1.07758e+01,-8.43396e+00
-1.289500E-004,-1.03738e+01,-8.43396e+00
-1.289200E-004,-1.07758e+01,-8.43396e+00
-1.288900E-004,-1.07758e+01,-8.43396e+00
-1.288600E-004,-1.03738e+01,-8.43396e+00
-1.288300E-004,-1.07758e+01,-8.43396e+00
-1.288000E-004,-1.07758e+01,-8.23296e+00
-1.287700E-004,-1.03738e+01,-8.63497e+00
-1.287400E-004,-1.07758e+01,-8.43396e+00
-1.287100E-004,-1.03738e+01,-8.43396e+00
-1.286800E-004,-1.07758e+01,-8.63497e+00
-1.286500E-004,-1.07758e+01,-8.43396e+00
-1.286200E-004,-1.03738e+01,-8.43396e+00
-1.285900E-004,-1.07758e+01,-8.43396e+00
-1.285600E-004,-1.07758e+01,-8.63497e+00
-1.285300E-004,-1.03738e+01,-8.43396e+00
-1.285000E-004,-1.07758e+01,-8.43396e+00
-1.284700E-004,-1.07758e+01,-8.43396e+00
-1.284400E-004,-1.03738e+01,-8.43396e+00
-1.284100E-004,-1.07758e+01,-8.43396e+00
-1.283800E-004,-1.03738e+01,-8.43396e+00
-1.283500E-004,-1.07758e+01,-8.43396e+00
-1.283200E-004,-1.07758e+01,-8.43396e+00
-1.282900E-004,-1.07758e+01,-8.63497e+00
-1.282600E-004,-1.07758e+01,-8.63497e+00
-1.282300E-004,-1.07758e+01,-8.43396e+00
-1.282000E-004,-1.07758e+01,-8.63497e+00
-1.281700E-004,-1.07758e+01,-8.43396e+00
-1.281400E-004,-1.07758e+01,-8.63497e+00
-1.281100E-004,-1.07758e+01,-8.63497e+00
-1.280800E-004,-1.07758e+01,-8.63497e+00
-1.280500E-004,-1.07758e+01,-8.63497e+00
-1.280200E-004,-1.11778e+01,-8.63497e+00
-1.279900E-004,-1.07758e+01,-8.43396e+00
-1.279600E-004,-1.07758e+01,-8.63497e+00
-1.279300E-004,-1.03738e+01,-8.43396e+00
-1.279000E-004,-1.11778e+01,-8.63497e+00
-1.278700E-004,-1.11778e+01,-8.63497e+00
-1.278400E-004,-1.07758e+01,-8.43396e+00
-1.278100E-004,-1.07758e+01,-8.43396e+00
-1.277800E-004,-1.03738e+01,-8.43396e+00
-1.277500E-004,-1.07758e+01,-8.43396e+00
-1.277200E-004,-1.03738e+01,-8.63497e+00
-1.276900E-004,-1.07758e+01,-8.63497e+00
-1.276600E-004,-1.07758e+01,-8.63497e+00
-1.276300E-004,-1.07758e+01,-8.63497e+00
-1.276000E-004,-1.07758e+01,-8.63497e+00
-1.275700E-004,-1.07758e+01,-8.63497e+00
-1.275400E-004,-1.07758e+01,-8.63497e+00
-1.275100E-004,-1.07758e+01,-8.63497e+00
-1.274800E-004,-1.07758e+01,-8.43396e+00
-1.274500E-004,-1.03738e+01,-8.63497e+00
-1.274200E-004,-1.07758e+01,-8.63497e+00
-1.273900E-004,-1.07758e+01,-8.63497e+00
-1.273600E-004,-1.03738e+01,-8.83597e+00
-1.273300E-004,-1.03738e+01,-8.63497e+00
-1.273000E-004,-1.11778e+01,-8.43396e+00
-1.272700E-004,-1.07758e+01,-8.63497e+00
-1.272400E-004,-1.07758e+01,-8.83597e+00
-1.272100E-004,-1.11778e+01,-8.43396e+00
-1.271800E-004,-1.11778e+01,-8.63497e+00
-1.271500E-004,-1.03738e+01,-8.63497e+00
-1.271200E-004,-1.07758e+01,-8.63497e+00
-1.270900E-004,-1.03738e+01,-8.63497e+00
-1.270600E-004,-1.03738e+01,-8.43396e+00
-1.270300E-004,-1.07758e+01,-8.63497e+00
-1.270000E-004,-1.07758e+01,-8.63497e+00
-1.269700E-004,-1.11778e+01,-8.43396e+00
-1.269400E-004,-1.07758e+01,-8.63497e+00
-1.269100E-004,-1.07758e+01,-8.63497e+00
-1.268800E-004,-1.07758e+01,-8.63497e+00
-1.268500E-004,-1.07758e+01,-8.63497e+00
-1.268200E-004,-1.07758e+01,-8.63497e+00
-1.267900E-004,-1.07758e+01,-8.63497e+00
-1.267600E-004,-1.07758e+01,-8.83597e+00
-1.267300E-004,-1.07758e+01,-8.63497e+00
-1.267000E-004,-1.03738e+01,-8.43396e+00
-1.266700E-004,-1.07758e+01,-8.63497e+00
-1.266400E-004,-1.11778e+01,-8.63497e+00
-1.266100E-004,-1.07758e+01,-8.63497e+00
-1.265800E-004,-1.07758e+01,-8.83597e+00
-1.265500E-004,-1.07758e+01,-8.63497e+00
-1.265200E-004,-1.07758e+01,-8.63497e+00
-1.264900E-004,-1.07758e+01,-8.63497e+00
-1.264600E-004,-1.03738e+01,-8.63497e+00
-1.264300E-004,-1.07758e+01,-8.63497e+00
-1.264000E-004,-1.07758e+01,-8.63497e+00
-1.263700E-004,-1.07758e+01,-8.63497e+00
-1.263400E-004,-1.07758e+01,-8.83597e+00
-1.263100E-004,-1.07758e+01,-8.63497e+00
-1.262800E-004,-1.07758e+01,-8.83597e+00
-1.262500E-004,-1.07758e+01,-8.83597e+00
-1.262200E-004,-1.03738e+01,-8.63497e+00
-1.261900E-004,-1.07758e+01,-8.63497e+00
-1.261600E-004,-1.07758e+01,-8.83597e+00
-1.261300E-004,-1.11778e+01,-8.63497e+00
-1.261000E-004,-1.07758e+01,-8.83597e+00
-1.260700E-004,-1.11778e+01,-8.83597e+00
-1.260400E-004,-1.03738e+01,-8.83597e+00
-1.260100E-004,-1.07758e+01,-8.63497e+00
-1.259800E-004,-1.07758e+01,-8.63497e+00
-1.259500E-004,-1.07758e+01,-8.63497e+00
-1.259200E-004,-1.03738e+01,-8.63497e+00
-1.258900E-004,-1.07758e+01,-8.83597e+00
-1.258600E-004,-1.07758e+01,-8.63497e+00
-1.258300E-004,-1.07758e+01,-8.63497e+00
-1.258000E-004,-1.07758e+01,-8.83597e+00
-1.257700E-004,-1.07758e+01,-8.63497e+00
-1.257400E-004,-1.07758e+01,-8.63497e+00
-1.257100E-004,-1.07758e+01,-8.63497e+00
-1.256800E-004,-1.07758e+01,-8.83597e+00
-1.256500E-004,-1.03738e+01,-8.83597e+00
-1.256200E-004,-1.03738e+01,-8.63497e+00
-1.255900E-004,-1.07758e+01,-8.63497e+00
-1.255600E-004,-1.07758e+01,-8.83597e+00
-1.255300E-004,-1.07758e+01,-8.63497e+00
-1.255000E-004,-1.07758e+01,-8.83597e+00
-1.254700E-004,-1.07758e+01,-8.63497e+00
-1.254400E-004,-1.07758e+01,-8.63497e+00
-1.254100E-004,-1.07758e+01,-8.63497e+00
-1.253800E-004,-1.07758e+01,-8.83597e+00
-1.253500E-004,-1.07758e+01,-8.83597e+00
-1.253200E-004,-1.03738e+01,-8.63497e+00
-1.252900E-004,-1.07758e+01,-8.83597e+00
-1.252600E-004,-1.07758e+01,-8.63497e+00
-1.252300E-004,-1.03738e+01,-8.83597e+00
-1.252000E-004,-1.07758e+01,-8.63497e+00
-1.251700E-004,-1.11778e+01,-8.83597e+00
-1.251400E-004,-1.07758e+01,-8.83597e+00
-1.251100E-004,-1.07758e+01,-8.83597e+00
-1.250800E-004,-1.07758e+01,-8.83597e+00
-1.250500E-004,-1.07758e+01,-8.83597e+00
-1.250200E-004,-1.11778e+01,-8.83597e+00
-1.249900E-004,-1.07758e+01,-8.83597e+00
-1.249600E-004,-1.07758e+01,-8.83597e+00
-1.249300E-004,-1.07758e+01,-8.83597e+00
-1.249000E-004,-1.07758e+01,-8.63497e+00
-1.248700E-004,-1.03738e+01,-8.83597e+00
-1.248400E-004,-1.07758e+01,-8.63497e+00
-1.248100E-004,-1.07758e+01,-8.63497e+00
-1.247800E-004,-1.07758e+01,-8.83597e+00
-1.247500E-004,-1.03738e+01,-8.63497e+00
-1.247200E-004,-1.07758e+01,-8.83597e+00
-1.246900E-004,-1.07758e+01,-8.63497e+00
-1.246600E-004,-1.07758e+01,-8.63497e+00
-1.246300E-004,-1.07758e+01,-8.63497e+00
-1.246000E-004,-1.07758e+01,-8.83597e+00
-1.245700E-004,-1.07758e+01,-8.63497e+00
-1.245400E-004,-1.07758e+01,-8.63497e+00
-1.245100E-004,-1.07758e+01,-8.63497e+00
-1.244800E-004,-1.07758e+01,-8.83597e+00
-1.244500E-004,-1.07758e+01,-8.83597e+00
-1.244200E-004,-1.07758e+01,-8.63497e+00
-1.243900E-004,-1.03738e+01,-8.83597e+00
-1.243600E-004,-1.07758e+01,-8.83597e+00
-1.243300E-004,-1.07758e+01,-8.63497e+00
-1.243000E-004,-1.03738e+01,-8.83597e+00
-1.242700E-004,-1.03738e+01,-8.63497e+00
-1.242400E-004,-1.07758e+01,-8.83597e+00
-1.242100E-004,-1.07758e+01,-8.83597e+00
-1.241800E-004,-1.07758e+01,-8.63497e+00
-1.241500E-004,-1.03738e+01,-8.83597e+00
-1.241200E-004,-1.07758e+01,-9.03698e+00
-1.240900E-004,-1.07758e+01,-8.83597e+00
-1.240600E-004,-1.07758e+01,-8.83597e+00
-1.240300E-004,-1.07758e+01,-8.83597e+00
-1.240000E-004,-1.07758e+01,-8.83597e+00
-1.239700E-004,-1.07758e+01,-8.83597e+00
-1.239400E-004,-1.07758e+01,-8.83597e+00
-1.239100E-004,-1.03738e+01,-8.83597e+00
-1.238800E-004,-1.03738e+01,-8.83597e+00
-1.238500E-004,-1.03738e+01,-8.63497e+00
-1.238200E-004,-1.03738e+01,-8.83597e+00
-1.237900E-004,-1.07758e+01,-8.83597e+00
-1.237600E-004,-1.07758e+01,-8.83597e+00
-1.237300E-004,-1.07758e+01,-8.63497e+00
-1.237000E-004,-1.07758e+01,-8.63497e+00
-1.236700E-004,-1.07758e+01,-8.83597e+00
-1.236400E-004,-1.03738e+01,-8.63497e+00
-1.236100E-004,-1.07758e+01,-8.83597e+00
-1.235800E-004,-1.07758e+01,-8.83597e+00
-1.235500E-004,-1.07758e+01,-8.83597e+00
-1.235200E-004,-1.11778e+01,-8.83597e+00
-1.234900E-004,-1.07758e+01,-8.63497e+00
-1.234600E-004,-1.07758e+01,-8.83597e+00
-1.234300E-004,-1.07758e+01,-8.83597e+00
-1.234000E-004,-1.11778e+01,-8.83597e+00
-1.233700E-004,-1.03738e+01,-8.83597e+00
-1.233400E-004,-1.07758e+01,-8.83597e+00
-1.233100E-004,-1.07758e+01,-8.83597e+00
-1.232800E-004,-1.03738e+01,-8.83597e+00
-1.232500E-004,-1.07758e+01,-8.83597e+00
-1.232200E-004,-1.07758e+01,-8.83597e+00
-1.231900E-004,-1.07758e+01,-8.83597e+00
-1.231600E-004,-1.07758e+01,-8.83597e+00
-1.231300E-004,-1.07758e+01,-8.83597e+00
-1.231000E-004,-1.03738e+01,-8.83597e+00
-1.230700E-004,-1.07758e+01,-8.83597e+00
-1.230400E-004,-1.03738e+01,-8.83597e+00
-1.230100E-004,-1.07758e+01,-8.83597e+00
-1.229800E-004,-1.07758e+01,-8.83597e+00
-1.229500E-004,-1.03738e+01,-9.03698e+00
-1.229200E-004,-1.07758e+01,-8.83597e+00
-1.228900E-004,-1.07758e+01,-8.83597e+00
-1.228600E-004,-1.07758e+01,-8.83597e+00
-1.228300E-004,-1.03738e+01,-8.63497e+00
-1.228000E-004,-1.03738e+01,-8.83597e+00
-1.227700E-004,-1.03738e+01,-8.83597e+00
-1.227400E-004,-1.07758e+01,-8.83597e+00
-1.227100E-004,-1.07758e+01,-8.83597e+00
-1.226800E-004,-1.07758e+01,-8.83597e+00
-1.226500E-004,-1.07758e+01,-9.03698e+00
-1.226200E-004,-1.07758e+01,-8.83597e+00
-1.225900E-004,-1.03738e+01,-8.83597e+00
-1.225600E-004,-1.07758e+01,-9.03698e+00
-1.225300E-004,-1.03738e+01,-8.83597e+00
-1.225000E-004,-1.03738e+01,-8.83597e+00
-1.224700E-004,-1.07758e+01,-8.83597e+00
-1.224400E-004,-1.07758e+01,-8.83597e+00
-1.224100E-004,-1.07758e+01,-8.83597e+00
-1.223800E-004,-1.07758e+01,-8.83597e+00
-1.223500E-004,-1.03738e+01,-8.83597e+00
-1.223200E-004,-1.03738e+01,-8.83597e+00
-1.222900E-004,-1.07758e+01,-9.03698e+00
-1.222600E-004,-1.07758e+01,-8.83597e+00
-1.222300E-004,-1.07758e+01,-8.83597e+00
-1.222000E-004,-1.07758e+01,-8.83597e+00
-1.221700E-004,-1.07758e+01,-8.83597e+00
-1.221400E-004,-1.07758e+01,-8.83597e+00
-1.221100E-004,-1.03738e+01,-8.83597e+00
-1.220800E-004,-1.03738e+01,-9.03698e+00
-1.220500E-004,-1.07758e+01,-8.83597e+00
-1.220200E-004,-1.07758e+01,-8.83597e+00
-1.219900E-004,-1.07758e+01,-8.83597e+00
-1.219600E-004,-1.07758e+01,-8.83597e+00
-1.219300E-004,-1.07758e+01,-8.83597e+00
-1.219000E-004,-1.03738e+01,-8.83597e+00
-1.218700E-004,-1.07758e+01,-9.03698e+00
-1.218400E-004,-1.07758e+01,-8.83597e+00
-1.218100E-004,-1.03738e+01,-8.83597e+00
-1.217800E-004,-1.07758e+01,-8.83597e+00
-1.217500E-004,-1.03738e+01,-9.03698e+00
-1.217200E-004,-1.03738e+01,-8.83597e+00
-1.216900E-004,-1.07758e+01,-8.83597e+00
-1.216600E-004,-1.03738e+01,-8.83597e+00
-1.216300E-004,-1.03738e+01,-8.83597e+00
-1.216000E-004,-1.03738e+01,-8.83597e+00
-1.215700E-004,-1.03738e+01,-8.83597e+00
-1.215400E-004,-1.07758e+01,-8.83597e+00
-1.215100E-004,-1.03738e+01,-8.83597e+00
-1.214800E-004,-1.07758e+01,-8.83597e+00
-1.214500E-004,-1.07758e+01,-8.63497e+00
-1.214200E-004,-1.03738e+01,-8.83597e+00
-1.213900E-004,-1.03738e+01,-8.83597e+00
-1.213600E-004,-1.07758e+01,-8.83597e+00
-1.213300E-004,-1.07758e+01,-8.83597e+00
-1.213000E-004,-1.03738e+01,-8.83597e+00
-1.212700E-004,-1.07758e+01,-8.63497e+00
-1.212400E-004,-1.07758e+01,-8.83597e+00
-1.212100E-004,-1.03738e+01,-8.83597e+00
-1.211800E-004,-1.07758e+01,-8.83597e+00
-1.211500E-004,-1.07758e+01,-8.83597e+00
-1.211200E-004,-1.03738e+01,-9.03698e+00
-1.210900E-004,-1.07758e+01,-8.83597e+00
-1.210600E-004,-1.07758e+01,-8.83597e+00
-1.210300E-004,-1.03738e+01,-8.83597e+00
-1.210000E-004,-1.07758e+01,-8.83597e+00
-1.209700E-004,-1.07758e+01,-8.83597e+00
-1.209400E-004,-1.07758e+01,-8.83597e+00
-1.209100E-004,-1.03738e+01,-8.83597e+00
-1.208800E-004,-1.03738e+01,-8.63497e+00
-1.208500E-004,-1.07758e+01,-8.83597e+00
-1.208200E-004,-1.03738e+01,-9.03698e+00
-1.207900E-004,-1.03738e+01,-8.83597e+00
-1.207600E-004,-1.07758e+01,-8.83597e+00
-1.207300E-004,-1.07758e+01,-8.83597e+00
-1.207000E-004,-1.03738e+01,-8.83597e+00
-1.206700E-004,-1.07758e+01,-9.03698e+00
-1.206400E-004,-1.07758e+01,-8.83597e+00
-1.206100E-004,-1.03738e+01,-8.83597e+00
-1.205800E-004,-1.07758e+01,-8.83597e+00
-1.205500E-004,-1.03738e+01,-8.83597e+00
-1.205200E-004,-1.07758e+01,-8.83597e+00
-1.204900E-004,-1.07758e+01,-8.83597e+00
-1.204600E-004,-1.03738e+01,-8.63497e+00
-1.204300E-004,-1.07758e+01,-8.83597e+00
-1.204000E-004,-1.03738e+01,-8.83597e+00
-1.203700E-004,-1.03738e+01,-9.03698e+00
-1.203400E-004,-1.07758e+01,-8.83597e+00
-1.203100E-004,-1.07758e+01,-8.83597e+00
-1.202800E-004,-1.07758e+01,-8.83597e+00
-1.202500E-004,-1.07758e+01,-8.83597e+00
-1.202200E-004,-1.07758e+01,-8.83597e+00
-1.201900E-004,-1.07758e+01,-8.83597e+00
-1.201600E-004,-1.03738e+01,-8.83597e+00
-1.201300E-004,-1.07758e+01,-9.03698e+00
-1.201000E-004,-1.07758e+01,-9.03698e+00
-1.200700E-004,-1.07758e+01,-8.63497e+00
-1.200400E-004,-1.07758e+01,-8.83597e+00
-1.200100E-004,-1.07758e+01,-8.83597e+00
-1.199800E-004,-1.07758e+01,-8.83597e+00
-1.199500E-004,-1.07758e+01,-8.83597e+00
-1.199200E-004,-9.97176e+00,-9.03698e+00
-1.198900E-004,-1.03738e+01,-9.03698e+00
-1.198600E-004,-1.07758e+01,-8.83597e+00
-1.198300E-004,-1.07758e+01,-8.83597e+00
-1.198000E-004,-1.07758e+01,-9.03698e+00
-1.197700E-004,-1.07758e+01,-8.83597e+00
-1.197400E-004,-1.03738e+01,-8.83597e+00
-1.197100E-004,-1.07758e+01,-8.83597e+00
-1.196800E-004,-1.03738e+01,-8.83597e+00
-1.196500E-004,-1.03738e+01,-8.83597e+00
-1.196200E-004,-1.03738e+01,-8.83597e+00
-1.195900E-004,-1.07758e+01,-9.03698e+00
-1.195600E-004,-1.03738e+01,-9.03698e+00
-1.195300E-004,-1.07758e+01,-8.83597e+00
-1.195000E-004,-1.07758e+01,-9.03698e+00
-1.194700E-004,-1.07758e+01,-9.03698e+00
-1.194400E-004,-1.03738e+01,-8.83597e+00
-1.194100E-004,-1.07758e+01,-8.83597e+00
-1.193800E-004,-1.07758e+01,-8.83597e+00
-1.193500E-004,-1.03738e+01,-8.83597e+00
-1.193200E-004,-1.07758e+01,-8.83597e+00
-1.192900E-004,-1.07758e+01,-9.03698e+00
-1.192600E-004,-1.03738e+01,-8.83597e+00
-1.192300E-004,-1.07758e+01,-8.83597e+00
-1.192000E-004,-1.07758e+01,-9.03698e+00
-1.191700E-004,-1.03738e+01,-8.83597e+00
-1.191400E-004,-1.07758e+01,-8.83597e+00
-1.191100E-004,-1.07758e+01,-8.83597e+00
-1.190800E-004,-1.07758e+01,-8.83597e+00
-1.190500E-004,-1.07758e+01,-9.03698e+00
-1.190200E-004,-1.07758e+01,-9.03698e+00
-1.189900E-004,-1.03738e+01,-8.83597e+00
-1.189600E-004,-1.03738e+01,-8.83597e+00
-1.189300E-004,-1.07758e+01,-9.03698e+00
-1.189000E-004,-1.07758e+01,-8.83597e+00
-1.188700E-004,-1.07758e+01,-8.83597e+00
-1.188400E-004,-1.07758e+01,-8.83597e+00
-1.188100E-004,-1.03738e+01,-8.83597e+00
-1.187800E-004,-1.03738e+01,-8.83597e+00
-1.187500E-004,-1.07758e+01,-8.83597e+00
-1.187200E-004,-1.07758e+01,-9.03698e+00
-1.186900E-004,-1.07758e+01,-9.03698e+00
-1.186600E-004,-1.07758e+01,-9.03698e+00
-1.186300E-004,-1.07758e+01,-8.83597e+00
-1.186000E-004,-1.03738e+01,-8.83597e+00
-1.185700E-004,-1.07758e+01,-9.03698e+00
-1.185400E-004,-1.07758e+01,-8.83597e+00
-1.185100E-004,-1.07758e+01,-9.03698e+00
-1.184800E-004,-1.07758e+01,-8.83597e+00
-1.184500E-004,-1.07758e+01,-8.83597e+00
-1.184200E-004,-1.07758e+01,-8.83597e+00
-1.183900E-004,-1.07758e+01,-8.83597e+00
-1.183600E-004,-1.07758e+01,-8.83597e+00
-1.183300E-004,-1.03738e+01,-8.83597e+00
-1.183000E-004,-1.07758e+01,-9.03698e+00
-1.182700E-004,-1.07758e+01,-9.03698e+00
-1.182400E-004,-1.07758e+01,-9.03698e+00
-1.182100E-004,-1.07758e+01,-8.83597e+00
-1.181800E-004,-1.03738e+01,-8.83597e+00
-1.181500E-004,-1.07758e+01,-8.83597e+00
-1.181200E-004,-1.03738e+01,-9.03698e+00
-1.180900E-004,-1.07758e+01,-9.03698e+00
-1.180600E-004,-1.07758e+01,-9.03698e+00
-1.180300E-004,-1.03738e+01,-8.83597e+00
-1.180000E-004,-1.07758e+01,-9.03698e+00
-1.179700E-004,-1.07758e+01,-8.83597e+00
-1.179400E-004,-1.03738e+01,-8.83597e+00
-1.179100E-004,-1.07758e+01,-9.03698e+00
-1.178800E-004,-1.07758e+01,-8.83597e+00
-1.178500E-004,-1.07758e+01,-9.03698e+00
-1.178200E-004,-1.07758e+01,-8.83597e+00
-1.177900E-004,-1.07758e+01,-8.83597e+00
-1.177600E-004,-1.03738e+01,-9.03698e+00
-1.177300E-004,-1.07758e+01,-9.03698e+00
-1.177000E-004,-1.07758e+01,-8.83597e+00
-1.176700E-004,-1.07758e+01,-9.03698e+00
-1.176400E-004,-1.03738e+01,-8.83597e+00
-1.176100E-004,-1.07758e+01,-9.03698e+00
-1.175800E-004,-1.07758e+01,-9.03698e+00
-1.175500E-004,-1.07758e+01,-8.83597e+00
-1.175200E-004,-1.07758e+01,-8.83597e+00
-1.174900E-004,-1.07758e+01,-8.83597e+00
-1.174600E-004,-1.07758e+01,-9.03698e+00
-1.174300E-004,-1.07758e+01,-8.83597e+00
-1.174000E-004,-1.07758e+01,-9.03698e+00
-1.173700E-004,-1.03738e+01,-8.83597e+00
-1.173400E-004,-1.07758e+01,-9.03698e+00
-1.173100E-004,-1.03738e+01,-9.03698e+00
-1.172800E-004,-1.07758e+01,-8.83597e+00
-1.172500E-004,-1.07758e+01,-9.03698e+00
-1.172200E-004,-1.07758e+01,-8.83597e+00
-1.171900E-004,-1.03738e+01,-8.83597e+00
-1.171600E-004,-1.07758e+01,-9.03698e+00
-1.171300E-004,-1.07758e+01,-9.03698e+00
-1.171000E-004,-1.07758e+01,-8.83597e+00
-1.170700E-004,-1.07758e+01,-9.03698e+00
-1.170400E-004,-1.07758e+01,-8.83597e+00
-1.170100E-004,-1.07758e+01,-8.83597e+00
-1.169800E-004,-1.07758e+01,-8.83597e+00
-1.169500E-004,-1.03738e+01,-8.83597e+00
-1.169200E-004,-1.07758e+01,-8.83597e+00
-1.168900E-004,-1.07758e+01,-8.83597e+00
-1.168600E-004,-1.07758e+01,-9.03698e+00
-1.168300E-004,-1.07758e+01,-8.83597e+00
-1.168000E-004,-1.03738e+01,-9.03698e+00
-1.167700E-004,-1.07758e+01,-8.83597e+00
-1.167400E-004,-1.07758e+01,-8.83597e+00
-1.167100E-004,-1.07758e+01,-8.83597e+00
-1.166800E-004,-1.07758e+01,-9.03698e+00
-1.166500E-004,-1.07758e+01,-9.03698e+00
-1.166200E-004,-1.03738e+01,-8.83597e+00
-1.165900E-004,-1.07758e+01,-9.03698e+00
-1.165600E-004,-1.07758e+01,-8.83597e+00
-1.165300E-004,-1.07758e+01,-8.83597e+00
-1.165000E-004,-1.03738e+01,-9.03698e+00
-1.164700E-004,-1.07758e+01,-9.03698e+00
-1.164400E-004,-1.03738e+01,-9.03698e+00
-1.164100E-004,-1.07758e+01,-9.03698e+00
-1.163800E-004,-1.11778e+01,-9.03698e+00
-1.163500E-004,-1.07758e+01,-8.83597e+00
-1.163200E-004,-1.07758e+01,-8.83597e+00
-1.162900E-004,-1.03738e+01,-9.03698e+00
-1.162600E-004,-1.07758e+01,-9.03698e+00
-1.162300E-004,-1.03738e+01,-8.83597e+00
-1.162000E-004,-1.07758e+01,-8.83597e+00
-1.161700E-004,-1.07758e+01,-9.03698e+00
-1.161400E-004,-1.07758e+01,-8.83597e+00
-1.161100E-004,-1.07758e+01,-9.03698e+00
-1.160800E-004,-1.11778e+01,-8.83597e+00
-1.160500E-004,-1.07758e+01,-8.83597e+00
-1.160200E-004,-1.07758e+01,-8.83597e+00
-1.159900E-004,-1.07758e+01,-8.83597e+00
-1.159600E-004,-1.03738e+01,-9.03698e+00
-1.159300E-004,-1.07758e+01,-8.83597e+00
-1.159000E-004,-1.07758e+01,-9.03698e+00
-1.158700E-004,-1.07758e+01,-9.03698e+00
-1.158400E-004,-1.03738e+01,-9.03698e+00
-1.158100E-004,-1.07758e+01,-8.83597e+00
-1.157800E-004,-1.07758e+01,-9.03698e+00
-1.157500E-004,-1.07758e+01,-9.03698e+00
-1.157200E-004,-1.07758e+01,-8.83597e+00
-1.156900E-004,-1.03738e+01,-8.83597e+00
-1.156600E-004,-1.07758e+01,-9.03698e+00
-1.156300E-004,-1.11778e+01,-9.03698e+00
-1.156000E-004,-1.07758e+01,-9.03698e+00
-1.155700E-004,-1.07758e+01,-9.03698e+00
-1.155400E-004,-1.07758e+01,-8.83597e+00
-1.155100E-004,-1.07758e+01,-9.03698e+00
-1.154800E-004,-1.11778e+01,-9.03698e+00
-1.154500E-004,-1.07758e+01,-9.03698e+00
-1.154200E-004,-1.07758e+01,-9.03698e+00
-1.153900E-004,-1.07758e+01,-8.83597e+00
-1.153600E-004,-1.07758e+01,-9.03698e+00
-1.153300E-004,-1.07758e+01,-9.03698e+00
-1.153000E-004,-1.11778e+01,-9.03698e+00
-1.152700E-004,-1.07758e+01,-9.03698e+00
-1.152400E-004,-1.07758e+01,-9.03698e+00
-1.152100E-004,-1.07758e+01,-8.83597e+00
-1.151800E-004,-1.07758e+01,-9.03698e+00
-1.151500E-004,-1.07758e+01,-8.83597e+00
-1.151200E-004,-1.07758e+01,-8.83597e+00
-1.150900E-004,-1.07758e+01,-9.03698e+00
-1.150600E-004,-1.07758e+01,-9.03698e+00
-1.150300E-004,-1.07758e+01,-9.03698e+00
-1.150000E-004,-1.11778e+01,-9.03698e+00
-1.149700E-004,-1.07758e+01,-9.03698e+00
-1.149400E-004,-1.07758e+01,-9.03698e+00
-1.149100E-004,-1.07758e+01,-8.83597e+00
-1.148800E-004,-1.07758e+01,-8.83597e+00
-1.148500E-004,-1.07758e+01,-9.03698e+00
-1.148200E-004,-1.03738e+01,-9.03698e+00
-1.147900E-004,-1.07758e+01,-9.23798e+00
-1.147600E-004,-1.11778e+01,-9.03698e+00
-1.147300E-004,-1.07758e+01,-8.83597e+00
-1.147000E-004,-1.07758e+01,-9.03698e+00
-1.146700E-004,-1.07758e+01,-8.83597e+00
-1.146400E-004,-1.07758e+01,-8.83597e+00
-1.146100E-004,-1.07758e+01,-8.83597e+00
-1.145800E-004,-1.07758e+01,-9.03698e+00
-1.145500E-004,-1.07758e+01,-8.83597e+00
-1.145200E-004,-1.07758e+01,-9.23798e+00
-1.144900E-004,-1.07758e+01,-8.83597e+00
-1.144600E-004,-1.07758e+01,-9.03698e+00
-1.144300E-004,-1.07758e+01,-9.03698e+00
-1.144000E-004,-1.07758e+01,-8.83597e+00
-1.143700E-004,-1.07758e+01,-9.03698e+00
-1.143400E-004,-1.11778e+01,-9.03698e+00
-1.143100E-004,-1.07758e+01,-9.03698e+00
-1.142800E-004,-1.07758e+01,-9.03698e+00
-1.142500E-004,-1.07758e+01,-9.03698e+00
-1.142200E-004,-1.07758e+01,-9.03698e+00
-1.141900E-004,-1.11778e+01,-8.83597e+00
-1.141600E-004,-1.07758e+01,-8.83597e+00
-1.141300E-004,-1.11778e+01,-8.83597e+00
-1.141000E-004,-1.07758e+01,-9.23798e+00
-1.140700E-004,-1.07758e+01,-9.03698e+00
-1.140400E-004,-1.07758e+01,-9.03698e+00
-1.140100E-004,-1.07758e+01,-9.03698e+00
-1.139800E-004,-1.07758e+01,-9.03698e+00
-1.139500E-004,-1.11778e+01,-9.03698e+00
-1.139200E-004,-1.07758e+01,-9.03698e+00
-1.138900E-004,-1.07758e+01,-9.03698e+00
-1.138600E-004,-1.11778e+01,-9.03698e+00
-1.138300E-004,-1.11778e+01,-9.03698e+00
-1.138000E-004,-1.07758e+01,-9.03698e+00
-1.137700E-004,-1.07758e+01,-9.03698e+00
-1.137400E-004,-1.07758e+01,-9.03698e+00
-1.137100E-004,-1.07758e+01,-8.83597e+00
-1.136800E-004,-1.07758e+01,-9.03698e+00
-1.136500E-004,-1.07758e+01,-9.03698e+00
-1.136200E-004,-1.11778e+01,-9.03698e+00
-1.135900E-004,-1.11778e+01,-9.03698e+00
-1.135600E-004,-1.07758e+01,-9.03698e+00
-1.135300E-004,-1.07758e+01,-9.03698e+00
-1.135000E-004,-1.11778e+01,-9.03698e+00
-1.134700E-004,-1.07758e+01,-9.03698e+00
-1.134400E-004,-1.07758e+01,-9.03698e+00
-1.134100E-004,-1.07758e+01,-9.03698e+00
-1.133800E-004,-1.11778e+01,-9.03698e+00
-1.133500E-004,-1.07758e+01,-9.03698e+00
-1.133200E-004,-1.11778e+01,-9.03698e+00
-1.132900E-004,-1.07758e+01,-9.03698e+00
-1.132600E-004,-1.07758e+01,-9.23798e+00
-1.132300E-004,-1.07758e+01,-9.03698e+00
-1.132000E-004,-1.07758e+01,-9.03698e+00
-1.131700E-004,-1.11778e+01,-9.03698e+00
-1.131400E-004,-1.07758e+01,-9.03698e+00
-1.131100E-004,-1.07758e+01,-9.23798e+00
-1.130800E-004,-1.07758e+01,-9.03698e+00
-1.130500E-004,-1.07758e+01,-9.03698e+00
-1.130200E-004,-1.07758e+01,-9.03698e+00
-1.129900E-004,-1.11778e+01,-9.03698e+00
-1.129600E-004,-1.11778e+01,-9.03698e+00
-1.129300E-004,-1.07758e+01,-9.03698e+00
-1.129000E-004,-1.11778e+01,-9.03698e+00
-1.128700E-004,-1.07758e+01,-8.83597e+00
-1.128400E-004,-1.07758e+01,-9.03698e+00
-1.128100E-004,-1.11778e+01,-9.03698e+00
-1.127800E-004,-1.07758e+01,-9.03698e+00
-1.127500E-004,-1.07758e+01,-9.03698e+00
-1.127200E-004,-1.07758e+01,-8.83597e+00
-1.126900E-004,-1.11778e+01,-9.03698e+00
-1.126600E-004,-1.11778e+01,-9.03698e+00
-1.126300E-004,-1.11778e+01,-9.23798e+00
-1.126000E-004,-1.07758e+01,-9.03698e+00
-1.125700E-004,-1.11778e+01,-9.03698e+00
-1.125400E-004,-1.11778e+01,-9.03698e+00
-1.125100E-004,-1.07758e+01,-9.03698e+00
-1.124800E-004,-1.11778e+01,-9.03698e+00
-1.124500E-004,-1.07758e+01,-9.03698e+00
-1.124200E-004,-1.11778e+01,-9.23798e+00
-1.123900E-004,-1.07758e+01,-9.03698e+00
-1.123600E-004,-1.07758e+01,-9.03698e+00
-1.123300E-004,-1.11778e+01,-9.03698e+00
-1.123000E-004,-1.11778e+01,-9.03698e+00
-1.122700E-004,-1.07758e+01,-9.03698e+00
-1.122400E-004,-1.07758e+01,-9.03698e+00
-1.122100E-004,-1.07758e+01,-9.03698e+00
-1.121800E-004,-1.07758e+01,-9.03698e+00
-1.121500E-004,-1.11778e+01,-9.03698e+00
-1.121200E-004,-1.07758e+01,-9.03698e+00
-1.120900E-004,-1.07758e+01,-9.03698e+00
-1.120600E-004,-1.07758e+01,-9.03698e+00
-1.120300E-004,-1.07758e+01,-9.03698e+00
-1.120000E-004,-1.07758e+01,-9.03698e+00
-1.119700E-004,-1.11778e+01,-9.03698e+00
-1.119400E-004,-1.07758e+01,-9.03698e+00
-1.119100E-004,-1.11778e+01,-9.03698e+00
-1.118800E-004,-1.11778e+01,-9.23798e+00
-1.118500E-004,-1.07758e+01,-9.23798e+00
-1.118200E-004,-1.11778e+01,-8.83597e+00
-1.117900E-004,-1.07758e+01,-9.03698e+00
-1.117600E-004,-1.07758e+01,-9.03698e+00
-1.117300E-004,-1.07758e+01,-9.23798e+00
-1.117000E-004,-1.15798e+01,-9.03698e+00
-1.116700E-004,-1.11778e+01,-9.23798e+00
-1.116400E-004,-1.11778e+01,-9.03698e+00
-1.116100E-004,-1.07758e+01,-9.03698e+00
-1.115800E-004,-1.07758e+01,-9.03698e+00
-1.115500E-004,-1.11778e+01,-9.23798e+00
-1.115200E-004,-1.11778e+01,-9.03698e+00
-1.114900E-004,-1.11778e+01,-9.03698e+00
-1.114600E-004,-1.07758e+01,-9.03698e+00
-1.114300E-004,-1.11778e+01,-9.23798e+00
-1.114000E-004,-1.11778e+01,-9.03698e+00
-1.113700E-004,-1.11778e+01,-9.03698e+00
-1.113400E-004,-1.11778e+01,-9.03698e+00
-1.113100E-004,-1.11778e+01,-9.23798e+00
-1.112800E-004,-1.11778e+01,-9.03698e+00
-1.112500E-004,-1.11778e+01,-9.23798e+00
-1.112200E-004,-1.11778e+01,-9.03698e+00
-1.111900E-004,-1.07758e+01,-9.03698e+00
-1.111600E-004,-1.11778e+01,-9.23798e+00
-1.111300E-004,-1.11778e+01,-9.03698e+00
-1.111000E-004,-1.07758e+01,-9.23798e+00
-1.110700E-004,-1.07758e+01,-9.23798e+00
-1.110400E-004,-1.11778e+01,-9.23798e+00
-1.110100E-004,-1.07758e+01,-9.23798e+00
-1.109800E-004,-1.11778e+01,-9.03698e+00
-1.109500E-004,-1.11778e+01,-9.23798e+00
-1.109200E-004,-1.07758e+01,-9.23798e+00
-1.108900E-004,-1.07758e+01,-9.03698e+00
-1.108600E-004,-1.07758e+01,-9.03698e+00
-1.108300E-004,-1.07758e+01,-9.03698e+00
-1.108000E-004,-1.11778e+01,-9.03698e+00
-1.107700E-004,-1.11778e+01,-9.03698e+00
-1.107400E-004,-1.11778e+01,-9.03698e+00
-1.107100E-004,-1.07758e+01,-9.23798e+00
-1.106800E-004,-1.07758e+01,-9.23798e+00
-1.106500E-004,-1.11778e+01,-9.23798e+00
-1.106200E-004,-1.11778e+01,-9.23798e+00
-1.105900E-004,-1.11778e+01,-9.03698e+00
-1.105600E-004,-1.07758e+01,-9.03698e+00
-1.105300E-004,-1.11778e+01,-9.23798e+00
-1.105000E-004,-1.07758e+01,-9.23798e+00
-1.104700E-004,-1.11778e+01,-9.23798e+00
-1.104400E-004,-1.11778e+01,-9.03698e+00
-1.104100E-004,-1.07758e+01,-9.23798e+00
-1.103800E-004,-1.11778e+01,-9.23798e+00
-1.103500E-004,-1.11778e+01,-9.03698e+00
-1.103200E-004,-1.07758e+01,-9.23798e+00
-1.102900E-004,-1.07758e+01,-9.23798e+00
-1.102600E-004,-1.11778e+01,-9.03698e+00
-1.102300E-004,-1.11778e+01,-9.03698e+00
-1.102000E-004,-1.11778e+01,-9.03698e+00
-1.101700E-004,-1.11778e+01,-9.23798e+00
-1.101400E-004,-1.07758e+01,-9.23798e+00
-1.101100E-004,-1.07758e+01,-9.43899e+00
-1.100800E-004,-1.11778e+01,-9.23798e+00
-1.100500E-004,-1.11778e+01,-9.03698e+00
-1.100200E-004,-1.07758e+01,-9.03698e+00
-1.099900E-004,-1.11778e+01,-9.23798e+00
-1.099600E-004,-1.11778e+01,-9.03698e+00
-1.099300E-004,-1.07758e+01,-9.03698e+00
-1.099000E-004,-1.07758e+01,-9.03698e+00
-1.098700E-004,-1.07758e+01,-9.23798e+00
-1.098400E-004,-1.07758e+01,-9.03698e+00
-1.098100E-004,-1.11778e+01,-9.03698e+00
-1.097800E-004,-1.07758e+01,-9.23798e+00
-1.097500E-004,-1.07758e+01,-9.03698e+00
-1.097200E-004,-1.11778e+01,-9.03698e+00
-1.096900E-004,-1.07758e+01,-9.23798e+00
-1.096600E-004,-1.11778e+01,-9.03698e+00
-1.096300E-004,-1.11778e+01,-9.03698e+00
-1.096000E-004,-1.07758e+01,-9.03698e+00
-1.095700E-004,-1.11778e+01,-9.23798e+00
-1.095400E-004,-1.11778e+01,-9.23798e+00
-1.095100E-004,-1.11778e+01,-9.03698e+00
-1.094800E-004,-1.07758e+01,-9.23798e+00
-1.094500E-004,-1.07758e+01,-9.03698e+00
-1.094200E-004,-1.11778e+01,-9.03698e+00
-1.093900E-004,-1.11778e+01,-9.23798e+00
-1.093600E-004,-1.11778e+01,-9.23798e+00
-1.093300E-004,-1.07758e+01,-9.03698e+00
-1.093000E-004,-1.11778e+01,-9.03698e+00
-1.092700E-004,-1.11778e+01,-9.03698e+00
-1.092400E-004,-1.11778e+01,-9.23798e+00
-1.092100E-004,-1.07758e+01,-9.23798e+00
-1.091800E-004,-1.11778e+01,-9.03698e+00
-1.091500E-004,-1.07758e+01,-9.23798e+00
-1.091200E-004,-1.07758e+01,-9.03698e+00
-1.090900E-004,-1.11778e+01,-9.23798e+00
-1.090600E-004,-1.11778e+01,-9.23798e+00
-1.090300E-004,-1.07758e+01,-9.03698e+00
-1.090000E-004,-1.07758e+01,-9.23798e+00
-1.089700E-004,-1.07758e+01,-9.03698e+00
-1.089400E-004,-1.11778e+01,-9.03698e+00
-1.089100E-004,-1.11778e+01,-9.23798e+00
-1.088800E-004,-1.11778e+01,-9.03698e+00
-1.088500E-004,-1.11778e+01,-9.23798e+00
-1.088200E-004,-1.11778e+01,-9.23798e+00
-1.087900E-004,-1.11778e+01,-9.43899e+00
-1.087600E-004,-1.11778e+01,-9.23798e+00
-1.087300E-004,-1.07758e+01,-9.23798e+00
-1.087000E-004,-1.07758e+01,-9.23798e+00
-1.086700E-004,-1.11778e+01,-9.03698e+00
-1.086400E-004,-1.07758e+01,-9.23798e+00
-1.086100E-004,-1.07758e+01,-9.03698e+00
-1.085800E-004,-1.11778e+01,-9.23798e+00
-1.085500E-004,-1.07758e+01,-9.03698e+00
-1.085200E-004,-1.11778e+01,-9.03698e+00
-1.084900E-004,-1.07758e+01,-9.23798e+00
-1.084600E-004,-1.11778e+01,-9.23798e+00
-1.084300E-004,-1.07758e+01,-9.23798e+00
-1.084000E-004,-1.07758e+01,-9.23798e+00
-1.083700E-004,-1.07758e+01,-9.23798e+00
-1.083400E-004,-1.11778e+01,-9.23798e+00
-1.083100E-004,-1.11778e+01,-9.23798e+00
-1.082800E-004,-1.11778e+01,-9.23798e+00
-1.082500E-004,-1.07758e+01,-9.23798e+00
-1.082200E-004,-1.07758e+01,-9.23798e+00
-1.081900E-004,-1.11778e+01,-9.23798e+00
-1.081600E-004,-1.11778e+01,-9.23798e+00
-1.081300E-004,-1.07758e+01,-9.23798e+00
-1.081000E-004,-1.11778e+01,-9.03698e+00
-1.080700E-004,-1.15798e+01,-9.23798e+00
-1.080400E-004,-1.15798e+01,-9.23798e+00
-1.080100E-004,-1.11778e+01,-9.23798e+00
-1.079800E-004,-1.07758e+01,-9.03698e+00
-1.079500E-004,-1.11778e+01,-9.03698e+00
-1.079200E-004,-1.11778e+01,-9.23798e+00
-1.078900E-004,-1.11778e+01,-9.23798e+00
-1.078600E-004,-1.07758e+01,-9.23798e+00
-1.078300E-004,-1.11778e+01,-9.43899e+00
-1.078000E-004,-1.11778e+01,-9.23798e+00
-1.077700E-004,-1.07758e+01,-9.03698e+00
-1.077400E-004,-1.11778e+01,-9.03698e+00
-1.077100E-004,-1.11778e+01,-9.23798e+00
-1.076800E-004,-1.11778e+01,-9.03698e+00
-1.076500E-004,-1.07758e+01,-9.23798e+00
-1.076200E-004,-1.11778e+01,-9.23798e+00
-1.075900E-004,-1.07758e+01,-9.03698e+00
-1.075600E-004,-1.07758e+01,-9.23798e+00
-1.075300E-004,-1.11778e+01,-9.23798e+00
-1.075000E-004,-1.11778e+01,-9.23798e+00
-1.074700E-004,-1.07758e+01,-9.23798e+00
-1.074400E-004,-1.11778e+01,-9.23798e+00
-1.074100E-004,-1.07758e+01,-9.23798e+00
-1.073800E-004,-1.07758e+01,-9.23798e+00
-1.073500E-004,-1.07758e+01,-9.03698e+00
-1.073200E-004,-1.11778e+01,-9.23798e+00
-1.072900E-004,-1.11778e+01,-9.23798e+00
-1.072600E-004,-1.11778e+01,-9.03698e+00
-1.072300E-004,-1.11778e+01,-9.23798e+00
-1.072000E-004,-1.11778e+01,-9.23798e+00
-1.071700E-004,-1.07758e+01,-9.23798e+00
-1.071400E-004,-1.07758e+01,-9.03698e+00
-1.071100E-004,-1.07758e+01,-9.23798e+00
-1.070800E-004,-1.11778e+01,-9.23798e+00
-1.070500E-004,-1.07758e+01,-9.23798e+00
-1.070200E-004,-1.11778e+01,-9.23798e+00
-1.069900E-004,-1.11778e+01,-9.03698e+00
-1.069600E-004,-1.07758e+01,-9.03698e+00
-1.069300E-004,-1.11778e+01,-9.03698e+00
-1.069000E-004,-1.11778e+01,-9.23798e+00
-1.068700E-004,-1.11778e+01,-9.23798e+00
-1.068400E-004,-1.07758e+01,-9.23798e+00
-1.068100E-004,-1.07758e+01,-9.03698e+00
-1.067800E-004,-1.11778e+01,-9.03698e+00
-1.067500E-004,-1.11778e+01,-9.23798e+00
-1.067200E-004,-1.07758e+01,-9.23798e+00
-1.066900E-004,-1.07758e+01,-9.03698e+00
-1.066600E-004,-1.07758e+01,-9.23798e+00
-1.066300E-004,-1.11778e+01,-9.23798e+00
-1.066000E-004,-1.11778e+01,-9.23798e+00
-1.065700E-004,-1.11778e+01,-9.23798e+00
-1.065400E-004,-1.11778e+01,-9.23798e+00
-1.065100E-004,-1.11778e+01,-9.23798e+00
-1.064800E-004,-1.11778e+01,-9.23798e+00
-1.064500E-004,-1.11778e+01,-9.23798e+00
-1.064200E-004,-1.11778e+01,-9.03698e+00
-1.063900E-004,-1.11778e+01,-9.23798e+00
-1.063600E-004,-1.11778e+01,-9.23798e+00
-1.063300E-004,-1.07758e+01,-9.23798e+00
-1.063000E-004,-1.11778e+01,-9.23798e+00
-1.062700E-004,-1.07758e+01,-9.03698e+00
-1.062400E-004,-1.07758e+01,-9.23798e+00
-1.062100E-004,-1.07758e+01,-9.03698e+00
-1.061800E-004,-1.11778e+01,-9.23798e+00
-1.061500E-004,-1.11778e+01,-9.23798e+00
-1.061200E-004,-1.15798e+01,-9.23798e+00
-1.060900E-004,-1.11778e+01,-9.23798e+00
-1.060600E-004,-1.11778e+01,-9.23798e+00
-1.060300E-004,-1.11778e+01,-9.23798e+00
-1.060000E-004,-1.11778e+01,-9.23798e+00
-1.059700E-004,-1.11778e+01,-9.23798e+00
-1.059400E-004,-1.11778e+01,-9.23798e+00
-1.059100E-004,-1.11778e+01,-9.23798e+00
-1.058800E-004,-1.07758e+01,-9.23798e+00
-1.058500E-004,-1.07758e+01,-9.23798e+00
-1.058200E-004,-1.11778e+01,-9.43899e+00
-1.057900E-004,-1.11778e+01,-9.23798e+00
-1.057600E-004,-1.07758e+01,-9.23798e+00
-1.057300E-004,-1.11778e+01,-9.43899e+00
-1.057000E-004,-1.11778e+01,-9.23798e+00
-1.056700E-004,-1.11778e+01,-9.03698e+00
-1.056400E-004,-1.07758e+01,-9.23798e+00
-1.056100E-004,-1.07758e+01,-9.23798e+00
-1.055800E-004,-1.11778e+01,-9.23798e+00
-1.055500E-004,-1.11778e+01,-9.23798e+00
-1.055200E-004,-1.07758e+01,-9.23798e+00
-1.054900E-004,-1.11778e+01,-9.23798e+00
-1.054600E-004,-1.11778e+01,-9.23798e+00
-1.054300E-004,-1.11778e+01,-9.23798e+00
-1.054000E-004,-1.07758e+01,-9.23798e+00
-1.053700E-004,-1.11778e+01,-9.03698e+00
-1.053400E-004,-1.11778e+01,-9.23798e+00
-1.053100E-004,-1.11778e+01,-9.23798e+00
-1.052800E-004,-1.11778e+01,-9.23798e+00
-1.052500E-004,-1.11778e+01,-9.23798e+00
-1.052200E-004,-1.07758e+01,-9.03698e+00
-1.051900E-004,-1.11778e+01,-9.23798e+00
-1.051600E-004,-1.11778e+01,-9.23798e+00
-1.051300E-004,-1.07758e+01,-9.23798e+00
-1.051000E-004,-1.11778e+01,-9.23798e+00
-1.050700E-004,-1.11778e+01,-9.23798e+00
-1.050400E-004,-1.11778e+01,-9.23798e+00
-1.050100E-004,-1.07758e+01,-9.23798e+00
-1.049800E-004,-1.07758e+01,-9.23798e+00
-1.049500E-004,-1.07758e+01,-9.23798e+00
-1.049200E-004,-1.11778e+01,-9.03698e+00
-1.048900E-004,-1.07758e+01,-9.23798e+00
-1.048600E-004,-1.07758e+01,-9.23798e+00
-1.048300E-004,-1.11778e+01,-9.23798e+00
-1.048000E-004,-1.07758e+01,-9.43899e+00
-1.047700E-004,-1.07758e+01,-9.23798e+00
-1.047400E-004,-1.07758e+01,-9.23798e+00
-1.047100E-004,-1.11778e+01,-9.23798e+00
-1.046800E-004,-1.11778e+01,-9.23798e+00
-1.046500E-004,-1.11778e+01,-9.23798e+00
-1.046200E-004,-1.11778e+01,-9.23798e+00
-1.045900E-004,-1.11778e+01,-9.23798e+00
-1.045600E-004,-1.11778e+01,-9.23798e+00
-1.045300E-004,-1.07758e+01,-9.03698e+00
-1.045000E-004,-1.07758e+01,-9.23798e+00
-1.044700E-004,-1.07758e+01,-9.23798e+00
-1.044400E-004,-1.11778e+01,-9.03698e+00
-1.044100E-004,-1.11778e+01,-9.23798e+00
-1.043800E-004,-1.07758e+01,-9.03698e+00
-1.043500E-004,-1.07758e+01,-9.23798e+00
-1.043200E-004,-1.07758e+01,-9.03698e+00
-1.042900E-004,-1.11778e+01,-9.23798e+00
-1.042600E-004,-1.07758e+01,-9.03698e+00
-1.042300E-004,-1.11778e+01,-9.23798e+00
-1.042000E-004,-1.11778e+01,-9.23798e+00
-1.041700E-004,-1.07758e+01,-9.23798e+00
-1.041400E-004,-1.07758e+01,-9.23798e+00
-1.041100E-004,-1.11778e+01,-9.23798e+00
-1.040800E-004,-1.11778e+01,-9.23798e+00
-1.040500E-004,-1.07758e+01,-9.23798e+00
-1.040200E-004,-1.11778e+01,-9.23798e+00
-1.039900E-004,-1.11778e+01,-9.43899e+00
-1.039600E-004,-1.07758e+01,-9.23798e+00
-1.039300E-004,-1.07758e+01,-9.43899e+00
-1.039000E-004,-1.11778e+01,-9.03698e+00
-1.038700E-004,-1.07758e+01,-9.23798e+00
-1.038400E-004,-1.11778e+01,-9.23798e+00
-1.038100E-004,-1.11778e+01,-9.23798e+00
-1.037800E-004,-1.07758e+01,-9.23798e+00
-1.037500E-004,-1.11778e+01,-9.23798e+00
-1.037200E-004,-1.11778e+01,-9.23798e+00
-1.036900E-004,-1.07758e+01,-9.23798e+00
-1.036600E-004,-1.11778e+01,-9.23798e+00
-1.036300E-004,-1.07758e+01,-9.03698e+00
-1.036000E-004,-1.07758e+01,-9.23798e+00
-1.035700E-004,-1.07758e+01,-9.23798e+00
-1.035400E-004,-1.11778e+01,-9.23798e+00
-1.035100E-004,-1.07758e+01,-9.23798e+00
-1.034800E-004,-1.11778e+01,-9.23798e+00
-1.034500E-004,-1.07758e+01,-9.23798e+00
-1.034200E-004,-1.07758e+01,-9.23798e+00
-1.033900E-004,-1.11778e+01,-9.43899e+00
-1.033600E-004,-1.11778e+01,-9.03698e+00
-1.033300E-004,-1.11778e+01,-9.23798e+00
-1.033000E-004,-1.11778e+01,-9.23798e+00
-1.032700E-004,-1.11778e+01,-9.23798e+00
-1.032400E-004,-1.11778e+01,-9.23798e+00
-1.032100E-004,-1.07758e+01,-9.23798e+00
-1.031800E-004,-1.11778e+01,-9.23798e+00
-1.031500E-004,-1.11778e+01,-9.23798e+00
-1.031200E-004,-1.11778e+01,-9.23798e+00
-1.030900E-004,-1.11778e+01,-9.23798e+00
-1.030600E-004,-1.07758e+01,-9.23798e+00
-1.030300E-004,-1.07758e+01,-9.23798e+00
-1.030000E-004,-1.11778e+01,-9.23798e+00
-1.029700E-004,-1.07758e+01,-9.23798e+00
-1.029400E-004,-1.11778e+01,-9.23798e+00
-1.029100E-004,-1.07758e+01,-9.23798e+00
-1.028800E-004,-1.11778e+01,-9.23798e+00
-1.028500E-004,-1.11778e+01,-9.03698e+00
-1.028200E-004,-1.11778e+01,-9.43899e+00
-1.027900E-004,-1.11778e+01,-9.23798e+00
-1.027600E-004,-1.11778e+01,-9.43899e+00
-1.027300E-004,-1.11778e+01,-9.23798e+00
-1.027000E-004,-1.11778e+01,-9.23798e+00
-1.026700E-004,-1.11778e+01,-9.23798e+00
-1.026400E-004,-1.07758e+01,-9.23798e+00
-1.026100E-004,-1.11778e+01,-9.43899e+00
-1.025800E-004,-1.11778e+01,-9.23798e+00
-1.025500E-004,-1.11778e+01,-9.23798e+00
-1.025200E-004,-1.11778e+01,-9.23798e+00
-1.024900E-004,-1.11778e+01,-9.23798e+00
-1.024600E-004,-1.11778e+01,-9.23798e+00
-1.024300E-004,-1.11778e+01,-9.03698e+00
-1.024000E-004,-1.07758e+01,-9.23798e+00
-1.023700E-004,-1.11778e+01,-9.43899e+00
-1.023400E-004,-1.11778e+01,-9.43899e+00
-1.023100E-004,-1.11778e+01,-9.23798e+00
-1.022800E-004,-1.07758e+01,-9.23798e+00
-1.022500E-004,-1.11778e+01,-9.43899e+00
-1.022200E-004,-1.11778e+01,-9.23798e+00
-1.021900E-004,-1.11778e+01,-9.03698e+00
-1.021600E-004,-1.11778e+01,-9.23798e+00
-1.021300E-004,-1.11778e+01,-9.23798e+00
-1.021000E-004,-1.07758e+01,-9.23798e+00
-1.020700E-004,-1.07758e+01,-9.23798e+00
-1.020400E-004,-1.11778e+01,-9.23798e+00
-1.020100E-004,-1.11778e+01,-9.43899e+00
-1.019800E-004,-1.07758e+01,-9.23798e+00
-1.019500E-004,-1.11778e+01,-9.23798e+00
-1.019200E-004,-1.07758e+01,-9.23798e+00
-1.018900E-004,-1.11778e+01,-9.43899e+00
-1.018600E-004,-1.11778e+01,-9.23798e+00
-1.018300E-004,-1.07758e+01,-9.03698e+00
-1.018000E-004,-1.11778e+01,-9.23798e+00
-1.017700E-004,-1.07758e+01,-9.03698e+00
-1.017400E-004,-1.07758e+01,-9.03698e+00
-1.017100E-004,-1.11778e+01,-9.23798e+00
-1.016800E-004,-1.11778e+01,-9.43899e+00
-1.016500E-004,-1.07758e+01,-9.23798e+00
-1.016200E-004,-1.11778e+01,-9.23798e+00
-1.015900E-004,-1.07758e+01,-9.23798e+00
-1.015600E-004,-1.07758e+01,-9.03698e+00
-1.015300E-004,-1.07758e+01,-9.03698e+00
-1.015000E-004,-1.11778e+01,-9.43899e+00
-1.014700E-004,-1.11778e+01,-9.23798e+00
-1.014400E-004,-1.11778e+01,-9.23798e+00
-1.014100E-004,-1.11778e+01,-9.23798e+00
-1.013800E-004,-1.11778e+01,-9.23798e+00
-1.013500E-004,-1.11778e+01,-9.43899e+00
-1.013200E-004,-1.11778e+01,-9.23798e+00
-1.012900E-004,-1.07758e+01,-9.23798e+00
-1.012600E-004,-1.11778e+01,-9.43899e+00
-1.012300E-004,-1.07758e+01,-9.23798e+00
-1.012000E-004,-1.11778e+01,-9.23798e+00
-1.011700E-004,-1.11778e+01,-9.23798e+00
-1.011400E-004,-1.11778e+01,-9.23798e+00
-1.011100E-004,-1.11778e+01,-9.23798e+00
-1.010800E-004,-1.11778e+01,-9.23798e+00
-1.010500E-004,-1.11778e+01,-9.23798e+00
-1.010200E-004,-1.07758e+01,-9.03698e+00
-1.009900E-004,-1.11778e+01,-9.43899e+00
-1.009600E-004,-1.07758e+01,-9.23798e+00
-1.009300E-004,-1.11778e+01,-9.23798e+00
-1.009000E-004,-1.11778e+01,-9.23798e+00
-1.008700E-004,-1.11778e+01,-9.43899e+00
-1.008400E-004,-1.07758e+01,-9.23798e+00
-1.008100E-004,-1.11778e+01,-9.23798e+00
-1.007800E-004,-1.07758e+01,-9.23798e+00
-1.007500E-004,-1.11778e+01,-9.43899e+00
-1.007200E-004,-1.11778e+01,-9.03698e+00
-1.006900E-004,-1.11778e+01,-9.23798e+00
-1.006600E-004,-1.07758e+01,-9.43899e+00
-1.006300E-004,-1.11778e+01,-9.23798e+00
-1.006000E-004,-1.07758e+01,-9.23798e+00
-1.005700E-004,-1.11778e+01,-9.23798e+00
-1.005400E-004,-1.07758e+01,-9.23798e+00
-1.005100E-004,-1.07758e+01,-9.23798e+00
-1.004800E-004,-1.11778e+01,-9.43899e+00
-1.004500E-004,-1.07758e+01,-9.23798e+00
-1.004200E-004,-1.11778e+01,-9.23798e+00
-1.003900E-004,-1.07758e+01,-9.23798e+00
-1.003600E-004,-1.11778e+01,-9.43899e+00
-1.003300E-004,-1.11778e+01,-9.03698e+00
-1.003000E-004,-1.07758e+01,-9.23798e+00
-1.002700E-004,-1.11778e+01,-9.03698e+00
-1.002400E-004,-1.11778e+01,-9.23798e+00
-1.002100E-004,-1.15798e+01,-9.23798e+00
-1.001800E-004,-1.11778e+01,-9.23798e+00
-1.001500E-004,-1.11778e+01,-9.23798e+00
-1.001200E-004,-1.11778e+01,-9.23798e+00
-1.000900E-004,-1.11778e+01,-9.03698e+00
-1.000600E-004,-1.11778e+01,-9.23798e+00
-1.000300E-004,-1.11778e+01,-9.43899e+00
-1.000000E-004,-1.11778e+01,-9.23798e+00
-9.997000E-005,-1.11778e+01,-9.23798e+00
-9.994000E-005,-1.11778e+01,-9.23798e+00
-9.991000E-005,-1.11778e+01,-9.23798e+00
-9.988000E-005,-1.07758e+01,-9.23798e+00
-9.985000E-005,-1.11778e+01,-9.23798e+00
-9.982000E-005,-1.07758e+01,-9.23798e+00
-9.979000E-005,-1.11778e+01,-9.23798e+00
-9.976000E-005,-1.11778e+01,-9.23798e+00
-9.973000E-005,-1.11778e+01,-9.23798e+00
-9.970000E-005,-1.15798e+01,-9.23798e+00
-9.967000E-005,-1.07758e+01,-9.23798e+00
-9.964000E-005,-1.07758e+01,-9.23798e+00
-9.961000E-005,-1.07758e+01,-9.23798e+00
-9.958000E-005,-1.11778e+01,-9.23798e+00
-9.955000E-005,-1.11778e+01,-9.23798e+00
-9.952000E-005,-1.11778e+01,-9.23798e+00
-9.949000E-005,-1.11778e+01,-9.23798e+00
-9.946000E-005,-1.07758e+01,-9.23798e+00
-9.943000E-005,-1.11778e+01,-9.23798e+00
-9.940000E-005,-1.11778e+01,-9.23798e+00
-9.937000E-005,-1.11778e+01,-9.23798e+00
-9.934000E-005,-1.11778e+01,-9.23798e+00
-9.931000E-005,-1.11778e+01,-9.23798e+00
-9.928000E-005,-1.11778e+01,-9.23798e+00
-9.925000E-005,-1.11778e+01,-9.23798e+00
-9.922000E-005,-1.11778e+01,-9.43899e+00
-9.919000E-005,-1.11778e+01,-9.23798e+00
-9.916000E-005,-1.11778e+01,-9.23798e+00
-9.913000E-005,-1.11778e+01,-9.43899e+00
-9.910000E-005,-1.11778e+01,-9.03698e+00
-9.907000E-005,-1.07758e+01,-9.43899e+00
-9.904000E-005,-1.07758e+01,-9.43899e+00
-9.901000E-005,-1.07758e+01,-9.23798e+00
-9.898000E-005,-1.11778e+01,-9.23798e+00
-9.895000E-005,-1.11778e+01,-9.23798e+00
-9.892000E-005,-1.11778e+01,-9.43899e+00
-9.889000E-005,-1.11778e+01,-9.23798e+00
-9.886000E-005,-1.11778e+01,-9.23798e+00
-9.883000E-005,-1.11778e+01,-9.43899e+00
-9.880000E-005,-1.11778e+01,-9.23798e+00
-9.877000E-005,-1.15798e+01,-9.23798e+00
-9.874000E-005,-1.11778e+01,-9.23798e+00
-9.871000E-005,-1.11778e+01,-9.23798e+00
-9.868000E-005,-1.11778e+01,-9.03698e+00
-9.865000E-005,-1.11778e+01,-9.23798e+00
-9.862000E-005,-1.07758e+01,-9.23798e+00
-9.859000E-005,-1.11778e+01,-9.23798e+00
-9.856000E-005,-1.07758e+01,-9.23798e+00
-9.853000E-005,-1.11778e+01,-9.23798e+00
-9.850000E-005,-1.11778e+01,-9.23798e+00
-9.847000E-005,-1.07758e+01,-9.23798e+00
-9.844000E-005,-1.11778e+01,-9.23798e+00
-9.841000E-005,-1.11778e+01,-9.23798e+00
-9.838000E-005,-1.07758e+01,-9.23798e+00
-9.835000E-005,-1.11778e+01,-9.23798e+00
-9.832000E-005,-1.11778e+01,-9.23798e+00
-9.829000E-005,-1.07758e+01,-9.23798e+00
-9.826000E-005,-1.11778e+01,-9.23798e+00
-9.823000E-005,-1.07758e+01,-9.43899e+00
-9.820000E-005,-1.07758e+01,-9.23798e+00
-9.817000E-005,-1.11778e+01,-9.23798e+00
-9.814000E-005,-1.11778e+01,-9.23798e+00
-9.811000E-005,-1.11778e+01,-9.23798e+00
-9.808000E-005,-1.11778e+01,-9.23798e+00
-9.805000E-005,-1.11778e+01,-9.43899e+00
-9.802000E-005,-1.11778e+01,-9.43899e+00
-9.799000E-005,-1.11778e+01,-9.23798e+00
-9.796000E-005,-1.07758e+01,-9.23798e+00
-9.793000E-005,-1.11778e+01,-9.23798e+00
-9.790000E-005,-1.11778e+01,-9.23798e+00
-9.787000E-005,-1.07758e+01,-9.23798e+00
-9.784000E-005,-1.11778e+01,-9.43899e+00
-9.781000E-005,-1.07758e+01,-9.23798e+00
-9.778000E-005,-1.07758e+01,-9.43899e+00
-9.775000E-005,-1.07758e+01,-9.43899e+00
-9.772000E-005,-1.11778e+01,-9.23798e+00
-9.769000E-005,-1.11778e+01,-9.23798e+00
-9.766000E-005,-1.07758e+01,-9.43899e+00
-9.763000E-005,-1.11778e+01,-9.23798e+00
-9.760000E-005,-1.11778e+01,-9.03698e+00
-9.757000E-005,-1.11778e+01,-9.23798e+00
-9.754000E-005,-1.07758e+01,-9.23798e+00
-9.751000E-005,-1.11778e+01,-9.23798e+00
-9.748000E-005,-1.11778e+01,-9.23798e+00
-9.745000E-005,-1.07758e+01,-9.43899e+00
-9.742000E-005,-1.11778e+01,-9.43899e+00
-9.739000E-005,-1.03738e+01,-9.23798e+00
-9.736000E-005,-1.11778e+01,-9.23798e+00
-9.733000E-005,-1.07758e+01,-9.23798e+00
-9.730000E-005,-1.11778e+01,-9.23798e+00
-9.727000E-005,-1.07758e+01,-9.23798e+00
-9.724000E-005,-1.07758e+01,-9.23798e+00
-9.721000E-005,-1.11778e+01,-9.23798e+00
-9.718000E-005,-1.07758e+01,-9.23798e+00
-9.715000E-005,-1.11778e+01,-9.23798e+00
-9.712000E-005,-1.07758e+01,-9.43899e+00
-9.709000E-005,-1.11778e+01,-9.23798e+00
-9.706000E-005,-1.11778e+01,-9.23798e+00
-9.703000E-005,-1.07758e+01,-9.23798e+00
-9.700000E-005,-1.11778e+01,-9.23798e+00
-9.697000E-005,-1.07758e+01,-9.23798e+00
-9.694000E-005,-1.11778e+01,-9.23798e+00
-9.691000E-005,-1.11778e+01,-9.23798e+00
-9.688000E-005,-1.11778e+01,-9.43899e+00
-9.685000E-005,-1.11778e+01,-9.43899e+00
-9.682000E-005,-1.11778e+01,-9.23798e+00
-9.679000E-005,-1.07758e+01,-9.23798e+00
-9.676000E-005,-1.11778e+01,-9.23798e+00
-9.673000E-005,-1.11778e+01,-9.23798e+00
-9.670000E-005,-1.07758e+01,-9.23798e+00
-9.667000E-005,-1.15798e+01,-9.23798e+00
-9.664000E-005,-1.11778e+01,-9.23798e+00
-9.661000E-005,-1.07758e+01,-9.23798e+00
-9.658000E-005,-1.11778e+01,-9.23798e+00
-9.655000E-005,-1.11778e+01,-9.23798e+00
-9.652000E-005,-1.07758e+01,-9.23798e+00
-9.649000E-005,-1.07758e+01,-9.23798e+00
-9.646000E-005,-1.11778e+01,-9.23798e+00
-9.643000E-005,-1.11778e+01,-9.43899e+00
-9.640000E-005,-1.11778e+01,-9.23798e+00
-9.637000E-005,-1.11778e+01,-9.43899e+00
-9.634000E-005,-1.07758e+01,-9.23798e+00
-9.631000E-005,-1.11778e+01,-9.23798e+00
-9.628000E-005,-1.11778e+01,-9.23798e+00
-9.625000E-005,-1.07758e+01,-9.23798e+00
-9.622000E-005,-1.07758e+01,-9.43899e+00
-9.619000E-005,-1.11778e+01,-9.23798e+00
-9.616000E-005,-1.11778e+01,-9.23798e+00
-9.613000E-005,-1.11778e+01,-9.23798e+00
-9.610000E-005,-1.07758e+01,-9.43899e+00
-9.607000E-005,-1.07758e+01,-9.23798e+00
-9.604000E-005,-1.15798e+01,-9.23798e+00
-9.601000E-005,-1.11778e+01,-9.23798e+00
-9.598000E-005,-1.07758e+01,-9.23798e+00
-9.595000E-005,-1.11778e+01,-9.43899e+00
-9.592000E-005,-1.11778e+01,-9.43899e+00
-9.589000E-005,-1.07758e+01,-9.43899e+00
-9.586000E-005,-1.07758e+01,-9.43899e+00
-9.583000E-005,-1.11778e+01,-9.23798e+00
-9.580000E-005,-1.11778e+01,-9.23798e+00
-9.577000E-005,-1.11778e+01,-9.23798e+00
-9.574000E-005,-1.11778e+01,-9.23798e+00
-9.571000E-005,-1.11778e+01,-9.23798e+00
-9.568000E-005,-1.11778e+01,-9.23798e+00
-9.565000E-005,-1.11778e+01,-9.23798e+00
-9.562000E-005,-1.07758e+01,-9.23798e+00
-9.559000E-005,-1.07758e+01,-9.23798e+00
-9.556000E-005,-1.11778e+01,-9.23798e+00
-9.553000E-005,-1.11778e+01,-9.23798e+00
-9.550000E-005,-1.11778e+01,-9.43899e+00
-9.547000E-005,-1.11778e+01,-9.23798e+00
-9.544000E-005,-1.11778e+01,-9.23798e+00
-9.541000E-005,-1.07758e+01,-9.23798e+00
-9.538000E-005,-1.07758e+01,-9.23798e+00
-9.535000E-005,-1.11778e+01,-9.23798e+00
-9.532000E-005,-1.07758e+01,-9.23798e+00
-9.529000E-005,-1.11778e+01,-9.43899e+00
-9.526000E-005,-1.07758e+01,-9.23798e+00
-9.523000E-005,-1.07758e+01,-9.03698e+00
-9.520000E-005,-1.11778e+01,-9.23798e+00
-9.517000E-005,-1.11778e+01,-9.23798e+00
-9.514000E-005,-1.15798e+01,-9.23798e+00
-9.511000E-005,-1.07758e+01,-9.23798e+00
-9.508000E-005,-1.11778e+01,-9.23798e+00
-9.505000E-005,-1.07758e+01,-9.23798e+00
-9.502000E-005,-1.07758e+01,-9.23798e+00
-9.499000E-005,-1.11778e+01,-9.23798e+00
-9.496000E-005,-1.11778e+01,-9.23798e+00
-9.493000E-005,-1.11778e+01,-9.23798e+00
-9.490000E-005,-1.07758e+01,-9.23798e+00
-9.487000E-005,-1.07758e+01,-9.43899e+00
-9.484000E-005,-1.11778e+01,-9.23798e+00
-9.481000E-005,-1.11778e+01,-9.23798e+00
-9.478000E-005,-1.11778e+01,-9.43899e+00
-9.475000E-005,-1.11778e+01,-9.23798e+00
-9.472000E-005,-1.07758e+01,-9.23798e+00
-9.469000E-005,-1.11778e+01,-9.23798e+00
-9.466000E-005,-1.11778e+01,-9.23798e+00
-9.463000E-005,-1.11778e+01,-9.23798e+00
-9.460000E-005,-1.07758e+01,-9.23798e+00
-9.457000E-005,-1.07758e+01,-9.43899e+00
-9.454000E-005,-1.11778e+01,-9.43899e+00
-9.451000E-005,-1.11778e+01,-9.23798e+00
-9.448000E-005,-1.11778e+01,-9.23798e+00
-9.445000E-005,-1.11778e+01,-9.23798e+00
-9.442000E-005,-1.11778e+01,-9.23798e+00
-9.439000E-005,-1.11778e+01,-9.23798e+00
-9.436000E-005,-1.11778e+01,-9.23798e+00
-9.433000E-005,-1.11778e+01,-9.23798e+00
-9.430000E-005,-1.11778e+01,-9.43899e+00
-9.427000E-005,-1.07758e+01,-9.43899e+00
-9.424000E-005,-1.11778e+01,-9.23798e+00
-9.421000E-005,-1.11778e+01,-9.23798e+00
-9.418000E-005,-1.11778e+01,-9.23798e+00
-9.415000E-005,-1.11778e+01,-9.23798e+00
-9.412000E-005,-1.11778e+01,-9.43899e+00
-9.409000E-005,-1.11778e+01,-9.43899e+00
-9.406000E-005,-1.11778e+01,-9.43899e+00
-9.403000E-005,-1.07758e+01,-9.23798e+00
-9.400000E-005,-1.11778e+01,-9.23798e+00
-9.397000E-005,-1.07758e+01,-9.23798e+00
-9.394000E-005,-1.07758e+01,-9.23798e+00
-9.391000E-005,-1.11778e+01,-9.43899e+00
-9.388000E-005,-1.11778e+01,-9.23798e+00
-9.385000E-005,-1.07758e+01,-9.43899e+00
-9.382000E-005,-1.15798e+01,-9.23798e+00
-9.379000E-005,-1.11778e+01,-9.23798e+00
-9.376000E-005,-1.11778e+01,-9.23798e+00
-9.373000E-005,-1.11778e+01,-9.23798e+00
-9.370000E-005,-1.11778e+01,-9.23798e+00
-9.367000E-005,-1.07758e+01,-9.23798e+00
-9.364000E-005,-1.07758e+01,-9.43899e+00
-9.361000E-005,-1.11778e+01,-9.23798e+00
-9.358000E-005,-1.11778e+01,-9.23798e+00
-9.355000E-005,-1.07758e+01,-9.43899e+00
-9.352000E-005,-1.11778e+01,-9.23798e+00
-9.349000E-005,-1.11778e+01,-9.23798e+00
-9.346000E-005,-1.11778e+01,-9.43899e+00
-9.343000E-005,-1.07758e+01,-9.43899e+00
-9.340000E-005,-1.07758e+01,-9.43899e+00
-9.337000E-005,-1.11778e+01,-9.23798e+00
-9.334000E-005,-1.11778e+01,-9.43899e+00
-9.331000E-005,-1.11778e+01,-9.23798e+00
-9.328000E-005,-1.11778e+01,-9.23798e+00
-9.325000E-005,-1.11778e+01,-9.43899e+00
-9.322000E-005,-1.11778e+01,-9.23798e+00
-9.319000E-005,-1.11778e+01,-9.23798e+00
-9.316000E-005,-1.11778e+01,-9.23798e+00
-9.313000E-005,-1.11778e+01,-9.43899e+00
-9.310000E-005,-1.07758e+01,-9.43899e+00
-9.307000E-005,-1.07758e+01,-9.23798e+00
-9.304000E-005,-1.11778e+01,-9.23798e+00
-9.301000E-005,-1.11778e+01,-9.23798e+00
-9.298000E-005,-1.07758e+01,-9.43899e+00
-9.295000E-005,-1.11778e+01,-9.23798e+00
-9.292000E-005,-1.07758e+01,-9.23798e+00
-9.289000E-005,-1.11778e+01,-9.23798e+00
-9.286000E-005,-1.11778e+01,-9.23798e+00
-9.283000E-005,-1.07758e+01,-9.43899e+00
-9.280000E-005,-1.07758e+01,-9.43899e+00
-9.277000E-005,-1.11778e+01,-9.23798e+00
-9.274000E-005,-1.07758e+01,-9.43899e+00
-9.271000E-005,-1.11778e+01,-9.43899e+00
-9.268000E-005,-1.11778e+01,-9.23798e+00
-9.265000E-005,-1.11778e+01,-9.23798e+00
-9.262000E-005,-1.11778e+01,-9.23798e+00
-9.259000E-005,-1.11778e+01,-9.23798e+00
-9.256000E-005,-1.11778e+01,-9.43899e+00
-9.253000E-005,-1.11778e+01,-9.23798e+00
-9.250000E-005,-1.11778e+01,-9.43899e+00
-9.247000E-005,-1.07758e+01,-9.23798e+00
-9.244000E-005,-1.11778e+01,-9.23798e+00
-9.241000E-005,-1.07758e+01,-9.23798e+00
-9.238000E-005,-1.11778e+01,-9.23798e+00
-9.235000E-005,-1.11778e+01,-9.23798e+00
-9.232000E-005,-1.11778e+01,-9.23798e+00
-9.229000E-005,-1.11778e+01,-9.23798e+00
-9.226000E-005,-1.07758e+01,-9.23798e+00
-9.223000E-005,-1.11778e+01,-9.23798e+00
-9.220000E-005,-1.07758e+01,-9.23798e+00
-9.217000E-005,-1.07758e+01,-9.23798e+00
-9.214000E-005,-1.11778e+01,-9.43899e+00
-9.211000E-005,-1.11778e+01,-9.23798e+00
-9.208000E-005,-1.11778e+01,-9.23798e+00
-9.205000E-005,-1.11778e+01,-9.23798e+00
-9.202000E-005,-1.11778e+01,-9.03698e+00
-9.199000E-005,-1.07758e+01,-9.23798e+00
-9.196000E-005,-1.11778e+01,-9.23798e+00
-9.193000E-005,-1.11778e+01,-9.23798e+00
-9.190000E-005,-1.11778e+01,-9.23798e+00
-9.187000E-005,-1.11778e+01,-9.23798e+00
-9.184000E-005,-1.11778e+01,-9.43899e+00
-9.181000E-005,-1.11778e+01,-9.23798e+00
-9.178000E-005,-1.07758e+01,-9.23798e+00
-9.175000E-005,-1.07758e+01,-9.43899e+00
-9.172000E-005,-1.11778e+01,-9.03698e+00
-9.169000E-005,-1.11778e+01,-9.23798e+00
-9.166000E-005,-1.07758e+01,-9.23798e+00
-9.163000E-005,-1.07758e+01,-9.43899e+00
-9.160000E-005,-1.07758e+01,-9.23798e+00
-9.157000E-005,-1.11778e+01,-9.23798e+00
-9.154000E-005,-1.11778e+01,-9.23798e+00
-9.151000E-005,-1.11778e+01,-9.43899e+00
-9.148000E-005,-1.11778e+01,-9.23798e+00
-9.145000E-005,-1.11778e+01,-9.23798e+00
-9.142000E-005,-1.07758e+01,-9.43899e+00
-9.139000E-005,-1.15798e+01,-9.23798e+00
-9.136000E-005,-1.11778e+01,-9.23798e+00
-9.133000E-005,-1.11778e+01,-9.23798e+00
-9.130000E-005,-1.11778e+01,-9.23798e+00
-9.127000E-005,-1.11778e+01,-9.23798e+00
-9.124000E-005,-1.11778e+01,-9.23798e+00
-9.121000E-005,-1.07758e+01,-9.23798e+00
-9.118000E-005,-1.11778e+01,-9.43899e+00
-9.115000E-005,-1.11778e+01,-9.23798e+00
-9.112000E-005,-1.11778e+01,-9.23798e+00
-9.109000E-005,-1.07758e+01,-9.23798e+00
-9.106000E-005,-1.11778e+01,-9.23798e+00
-9.103000E-005,-1.07758e+01,-9.23798e+00
-9.100000E-005,-1.11778e+01,-9.23798e+00
-9.097000E-005,-1.11778e+01,-9.23798e+00
-9.094000E-005,-1.11778e+01,-9.23798e+00
-9.091000E-005,-1.11778e+01,-9.23798e+00
-9.088000E-005,-1.11778e+01,-9.23798e+00
-9.085000E-005,-1.11778e+01,-9.23798e+00
-9.082000E-005,-1.11778e+01,-9.43899e+00
-9.079000E-005,-1.11778e+01,-9.23798e+00
-9.076000E-005,-1.11778e+01,-9.23798e+00
-9.073000E-005,-1.11778e+01,-9.23798e+00
-9.070000E-005,-1.11778e+01,-9.43899e+00
-9.067000E-005,-1.11778e+01,-9.43899e+00
-9.064000E-005,-1.11778e+01,-9.23798e+00
-9.061000E-005,-1.11778e+01,-9.23798e+00
-9.058000E-005,-1.11778e+01,-9.43899e+00
-9.055000E-005,-1.11778e+01,-9.23798e+00
-9.052000E-005,-1.11778e+01,-9.23798e+00
-9.049000E-005,-1.07758e+01,-9.23798e+00
-9.046000E-005,-1.11778e+01,-9.23798e+00
-9.043000E-005,-1.11778e+01,-9.43899e+00
-9.040000E-005,-1.11778e+01,-9.23798e+00
-9.037000E-005,-1.07758e+01,-9.23798e+00
-9.034000E-005,-1.07758e+01,-9.43899e+00
-9.031000E-005,-1.07758e+01,-9.23798e+00
-9.028000E-005,-1.11778e+01,-9.43899e+00
-9.025000E-005,-1.11778e+01,-9.23798e+00
-9.022000E-005,-1.07758e+01,-9.23798e+00
-9.019000E-005,-1.11778e+01,-9.23798e+00
-9.016000E-005,-1.07758e+01,-9.43899e+00
-9.013000E-005,-1.07758e+01,-9.23798e+00
-9.010000E-005,-1.11778e+01,-9.43899e+00
-9.007000E-005,-1.11778e+01,-9.23798e+00
-9.004000E-005,-1.15798e+01,-9.23798e+00
-9.001000E-005,-1.11778e+01,-9.23798e+00
-8.998000E-005,-1.11778e+01,-9.43899e+00
-8.995000E-005,-1.11778e+01,-9.23798e+00
-8.992000E-005,-1.15798e+01,-9.43899e+00
-8.989000E-005,-1.11778e+01,-9.43899e+00
-8.986000E-005,-1.07758e+01,-9.43899e+00
-8.983000E-005,-1.11778e+01,-9.23798e+00
-8.980000E-005,-1.11778e+01,-9.43899e+00
-8.977000E-005,-1.11778e+01,-9.23798e+00
-8.974000E-005,-1.11778e+01,-9.43899e+00
-8.971000E-005,-1.07758e+01,-9.43899e+00
-8.968000E-005,-1.07758e+01,-9.23798e+00
-8.965000E-005,-1.11778e+01,-9.23798e+00
-8.962000E-005,-1.11778e+01,-9.43899e+00
-8.959000E-005,-1.11778e+01,-9.43899e+00
-8.956000E-005,-1.07758e+01,-9.43899e+00
-8.953000E-005,-1.11778e+01,-9.03698e+00
-8.950000E-005,-1.11778e+01,-9.43899e+00
-8.947000E-005,-1.11778e+01,-9.43899e+00
-8.944000E-005,-1.07758e+01,-9.23798e+00
-8.941000E-005,-1.11778e+01,-9.43899e+00
-8.938000E-005,-1.15798e+01,-9.23798e+00
-8.935000E-005,-1.07758e+01,-9.23798e+00
-8.932000E-005,-1.11778e+01,-9.23798e+00
-8.929000E-005,-1.11778e+01,-9.43899e+00
-8.926000E-005,-1.11778e+01,-9.23798e+00
-8.923000E-005,-1.11778e+01,-9.23798e+00
-8.920000E-005,-1.11778e+01,-9.23798e+00
-8.917000E-005,-1.07758e+01,-9.23798e+00
-8.914000E-005,-1.11778e+01,-9.23798e+00
-8.911000E-005,-1.11778e+01,-9.23798e+00
-8.908000E-005,-1.07758e+01,-9.43899e+00
-8.905000E-005,-1.11778e+01,-9.23798e+00
-8.902000E-005,-1.11778e+01,-9.23798e+00
-8.899000E-005,-1.11778e+01,-9.23798e+00
-8.896000E-005,-1.11778e+01,-9.23798e+00
-8.893000E-005,-1.11778e+01,-9.23798e+00
-8.890000E-005,-1.11778e+01,-9.43899e+00
-8.887000E-005,-1.11778e+01,-9.03698e+00
-8.884000E-005,-1.11778e+01,-9.23798e+00
-8.881000E-005,-1.11778e+01,-9.23798e+00
-8.878000E-005,-1.11778e+01,-9.23798e+00
-8.875000E-005,-1.07758e+01,-9.43899e+00
-8.872000E-005,-1.11778e+01,-9.23798e+00
-8.869000E-005,-1.11778e+01,-9.23798e+00
-8.866000E-005,-1.11778e+01,-9.43899e+00
-8.863000E-005,-1.15798e+01,-9.23798e+00
-8.860000E-005,-1.11778e+01,-9.23798e+00
-8.857000E-005,-1.11778e+01,-9.43899e+00
-8.854000E-005,-1.11778e+01,-9.23798e+00
-8.851000E-005,-1.07758e+01,-9.23798e+00
-8.848000E-005,-1.11778e+01,-9.43899e+00
-8.845000E-005,-1.11778e+01,-9.43899e+00
-8.842000E-005,-1.11778e+01,-9.43899e+00
-8.839000E-005,-1.11778e+01,-9.43899e+00
-8.836000E-005,-1.11778e+01,-9.03698e+00
-8.833000E-005,-1.11778e+01,-9.23798e+00
-8.830000E-005,-1.11778e+01,-9.23798e+00
-8.827000E-005,-1.11778e+01,-9.23798e+00
-8.824000E-005,-1.11778e+01,-9.43899e+00
-8.821000E-005,-1.11778e+01,-9.23798e+00
-8.818000E-005,-1.15798e+01,-9.23798e+00
-8.815000E-005,-1.11778e+01,-9.23798e+00
-8.812000E-005,-1.07758e+01,-9.23798e+00
-8.809000E-005,-1.11778e+01,-9.43899e+00
-8.806000E-005,-1.11778e+01,-9.23798e+00
-8.803000E-005,-1.07758e+01,-9.43899e+00
-8.800000E-005,-1.15798e+01,-9.43899e+00
-8.797000E-005,-1.11778e+01,-9.43899e+00
-8.794000E-005,-1.11778e+01,-9.43899e+00
-8.791000E-005,-1.11778e+01,-9.43899e+00
-8.788000E-005,-1.07758e+01,-9.23798e+00
-8.785000E-005,-1.07758e+01,-9.43899e+00
-8.782000E-005,-1.07758e+01,-9.43899e+00
-8.779000E-005,-1.11778e+01,-9.23798e+00
-8.776000E-005,-1.15798e+01,-9.23798e+00
-8.773000E-005,-1.15798e+01,-9.23798e+00
-8.770000E-005,-1.11778e+01,-9.23798e+00
-8.767000E-005,-1.07758e+01,-9.43899e+00
-8.764000E-005,-1.11778e+01,-9.23798e+00
-8.761000E-005,-1.07758e+01,-9.23798e+00
-8.758000E-005,-1.11778e+01,-9.23798e+00
-8.755000E-005,-1.11778e+01,-9.23798e+00
-8.752000E-005,-1.11778e+01,-9.23798e+00
-8.749000E-005,-1.11778e+01,-9.23798e+00
-8.746000E-005,-1.11778e+01,-9.23798e+00
-8.743000E-005,-1.11778e+01,-9.43899e+00
-8.740000E-005,-1.07758e+01,-9.23798e+00
-8.737000E-005,-1.07758e+01,-9.23798e+00
-8.734000E-005,-1.07758e+01,-9.23798e+00
-8.731000E-005,-1.11778e+01,-9.43899e+00
-8.728000E-005,-1.11778e+01,-9.23798e+00
-8.725000E-005,-1.07758e+01,-9.43899e+00
-8.722000E-005,-1.11778e+01,-9.23798e+00
-8.719000E-005,-1.07758e+01,-9.23798e+00
-8.716000E-005,-1.11778e+01,-9.23798e+00
-8.713000E-005,-1.07758e+01,-9.23798e+00
-8.710000E-005,-1.11778e+01,-9.23798e+00
-8.707000E-005,-1.11778e+01,-9.23798e+00
-8.704000E-005,-1.07758e+01,-9.23798e+00
-8.701000E-005,-1.11778e+01,-9.23798e+00
-8.698000E-005,-1.11778e+01,-9.43899e+00
-8.695000E-005,-1.11778e+01,-9.23798e+00
-8.692000E-005,-1.11778e+01,-9.23798e+00
-8.689000E-005,-1.11778e+01,-9.23798e+00
-8.686000E-005,-1.11778e+01,-9.23798e+00
-8.683000E-005,-1.11778e+01,-9.23798e+00
-8.680000E-005,-1.11778e+01,-9.43899e+00
-8.677000E-005,-1.11778e+01,-9.23798e+00
-8.674000E-005,-1.11778e+01,-9.23798e+00
-8.671000E-005,-1.11778e+01,-9.23798e+00
-8.668000E-005,-1.11778e+01,-9.23798e+00
-8.665000E-005,-1.07758e+01,-9.23798e+00
-8.662000E-005,-1.07758e+01,-9.43899e+00
-8.659000E-005,-1.11778e+01,-9.43899e+00
-8.656000E-005,-1.11778e+01,-9.23798e+00
-8.653000E-005,-1.11778e+01,-9.23798e+00
-8.650000E-005,-1.07758e+01,-9.23798e+00
-8.647000E-005,-1.07758e+01,-9.23798e+00
-8.644000E-005,-1.11778e+01,-9.23798e+00
-8.641000E-005,-1.11778e+01,-9.43899e+00
-8.638000E-005,-1.07758e+01,-9.43899e+00
-8.635000E-005,-1.11778e+01,-9.23798e+00
-8.632000E-005,-1.07758e+01,-9.23798e+00
-8.629000E-005,-1.11778e+01,-9.43899e+00
-8.626000E-005,-1.11778e+01,-9.23798e+00
-8.623000E-005,-1.11778e+01,-9.23798e+00
-8.620000E-005,-1.07758e+01,-9.43899e+00
-8.617000E-005,-1.11778e+01,-9.23798e+00
-8.614000E-005,-1.07758e+01,-9.43899e+00
-8.611000E-005,-1.11778e+01,-9.43899e+00
-8.608000E-005,-1.11778e+01,-9.23798e+00
-8.605000E-005,-1.11778e+01,-9.23798e+00
-8.602000E-005,-1.11778e+01,-9.23798e+00
-8.599000E-005,-1.11778e+01,-9.23798e+00
-8.596000E-005,-1.11778e+01,-9.23798e+00
-8.593000E-005,-1.11778e+01,-9.23798e+00
-8.590000E-005,-1.11778e+01,-9.23798e+00
-8.587000E-005,-1.07758e+01,-9.43899e+00
-8.584000E-005,-1.11778e+01,-9.43899e+00
-8.581000E-005,-1.07758e+01,-9.23798e+00
-8.578000E-005,-1.15798e+01,-9.43899e+00
-8.575000E-005,-1.11778e+01,-9.23798e+00
-8.572000E-005,-1.11778e+01,-9.23798e+00
-8.569000E-005,-1.11778e+01,-9.43899e+00
-8.566000E-005,-1.11778e+01,-9.23798e+00
-8.563000E-005,-1.11778e+01,-9.23798e+00
-8.560000E-005,-1.11778e+01,-9.43899e+00
-8.557000E-005,-1.07758e+01,-9.43899e+00
-8.554000E-005,-1.11778e+01,-9.23798e+00
-8.551000E-005,-1.11778e+01,-9.23798e+00
-8.548000E-005,-1.11778e+01,-9.03698e+00
-8.545000E-005,-1.11778e+01,-9.23798e+00
-8.542000E-005,-1.07758e+01,-9.23798e+00
-8.539000E-005,-1.11778e+01,-9.23798e+00
-8.536000E-005,-1.11778e+01,-9.23798e+00
-8.533000E-005,-1.11778e+01,-9.23798e+00
-8.530000E-005,-1.11778e+01,-9.23798e+00
-8.527000E-005,-1.11778e+01,-9.23798e+00
-8.524000E-005,-1.11778e+01,-9.43899e+00
-8.521000E-005,-1.11778e+01,-9.23798e+00
-8.518000E-005,-1.11778e+01,-9.23798e+00
-8.515000E-005,-1.11778e+01,-9.23798e+00
-8.512000E-005,-1.11778e+01,-9.23798e+00
-8.509000E-005,-1.11778e+01,-9.43899e+00
-8.506000E-005,-1.11778e+01,-9.23798e+00
-8.503000E-005,-1.11778e+01,-9.23798e+00
-8.500000E-005,-1.07758e+01,-9.23798e+00
-8.497000E-005,-1.11778e+01,-9.23798e+00
-8.494000E-005,-1.11778e+01,-9.23798e+00
-8.491000E-005,-1.11778e+01,-9.43899e+00
-8.488000E-005,-1.11778e+01,-9.23798e+00
-8.485000E-005,-1.11778e+01,-9.23798e+00
-8.482000E-005,-1.11778e+01,-9.43899e+00
-8.479000E-005,-1.07758e+01,-9.03698e+00
-8.476000E-005,-1.11778e+01,-9.23798e+00
-8.473000E-005,-1.07758e+01,-9.23798e+00
-8.470000E-005,-1.11778e+01,-9.23798e+00
-8.467000E-005,-1.11778e+01,-9.03698e+00
-8.464000E-005,-1.11778e+01,-9.43899e+00
-8.461000E-005,-1.11778e+01,-9.23798e+00
-8.458000E-005,-1.11778e+01,-9.23798e+00
-8.455000E-005,-1.07758e+01,-9.23798e+00
-8.452000E-005,-1.07758e+01,-9.23798e+00
-8.449000E-005,-1.07758e+01,-9.23798e+00
-8.446000E-005,-1.11778e+01,-9.43899e+00
-8.443000E-005,-1.11778e+01,-9.23798e+00
-8.440000E-005,-1.11778e+01,-9.23798e+00
-8.437000E-005,-1.11778e+01,-9.23798e+00
-8.434000E-005,-1.07758e+01,-9.23798e+00
-8.431000E-005,-1.11778e+01,-9.43899e+00
-8.428000E-005,-1.11778e+01,-9.23798e+00
-8.425000E-005,-1.11778e+01,-9.23798e+00
-8.422000E-005,-1.11778e+01,-9.23798e+00
-8.419000E-005,-1.11778e+01,-9.23798e+00
-8.416000E-005,-1.11778e+01,-9.23798e+00
-8.413000E-005,-1.07758e+01,-9.23798e+00
-8.410000E-005,-1.11778e+01,-9.23798e+00
-8.407000E-005,-1.11778e+01,-9.23798e+00
-8.404000E-005,-1.11778e+01,-9.43899e+00
-8.401000E-005,-1.07758e+01,-9.43899e+00
-8.398000E-005,-1.11778e+01,-9.23798e+00
-8.395000E-005,-1.11778e+01,-9.23798e+00
-8.392000E-005,-1.11778e+01,-9.23798e+00
-8.389000E-005,-1.11778e+01,-9.23798e+00
-8.386000E-005,-1.11778e+01,-9.23798e+00
-8.383000E-005,-1.11778e+01,-9.23798e+00
-8.380000E-005,-1.07758e+01,-9.43899e+00
-8.377000E-005,-1.11778e+01,-9.43899e+00
-8.374000E-005,-1.11778e+01,-9.23798e+00
-8.371000E-005,-1.07758e+01,-9.23798e+00
-8.368000E-005,-1.11778e+01,-9.23798e+00
-8.365000E-005,-1.11778e+01,-9.23798e+00
-8.362000E-005,-1.11778e+01,-9.23798e+00
-8.359000E-005,-1.11778e+01,-9.23798e+00
-8.356000E-005,-1.11778e+01,-9.23798e+00
-8.353000E-005,-1.11778e+01,-9.23798e+00
-8.350000E-005,-1.07758e+01,-9.03698e+00
-8.347000E-005,-1.07758e+01,-9.23798e+00
-8.344000E-005,-1.07758e+01,-9.23798e+00
-8.341000E-005,-1.11778e+01,-9.23798e+00
-8.338000E-005,-1.11778e+01,-9.43899e+00
-8.335000E-005,-1.07758e+01,-9.43899e+00
-8.332000E-005,-1.11778e+01,-9.23798e+00
-8.329000E-005,-1.11778e+01,-9.23798e+00
-8.326000E-005,-1.11778e+01,-9.23798e+00
-8.323000E-005,-1.07758e+01,-9.23798e+00
-8.320000E-005,-1.11778e+01,-9.23798e+00
-8.317000E-005,-1.11778e+01,-9.23798e+00
-8.314000E-005,-1.11778e+01,-9.23798e+00
-8.311000E-005,-1.11778e+01,-9.23798e+00
-8.308000E-005,-1.11778e+01,-9.23798e+00
-8.305000E-005,-1.11778e+01,-9.23798e+00
-8.302000E-005,-1.11778e+01,-9.23798e+00
-8.299000E-005,-1.11778e+01,-9.23798e+00
-8.296000E-005,-1.11778e+01,-9.43899e+00
-8.293000E-005,-1.11778e+01,-9.43899e+00
-8.290000E-005,-1.15798e+01,-9.23798e+00
-8.287000E-005,-1.11778e+01,-9.03698e+00
-8.284000E-005,-1.11778e+01,-9.23798e+00
-8.281000E-005,-1.11778e+01,-9.23798e+00
-8.278000E-005,-1.11778e+01,-9.43899e+00
-8.275000E-005,-1.11778e+01,-9.43899e+00
-8.272000E-005,-1.07758e+01,-9.23798e+00
-8.269000E-005,-1.07758e+01,-9.03698e+00
-8.266000E-005,-1.07758e+01,-9.23798e+00
-8.263000E-005,-1.07758e+01,-9.23798e+00
-8.260000E-005,-1.11778e+01,-9.23798e+00
-8.257000E-005,-1.11778e+01,-9.23798e+00
-8.254000E-005,-1.11778e+01,-9.23798e+00
-8.251000E-005,-1.07758e+01,-9.43899e+00
-8.248000E-005,-1.11778e+01,-9.43899e+00
-8.245000E-005,-1.11778e+01,-9.03698e+00
-8.242000E-005,-1.11778e+01,-9.23798e+00
-8.239000E-005,-1.07758e+01,-9.23798e+00
-8.236000E-005,-1.07758e+01,-9.23798e+00
-8.233000E-005,-1.07758e+01,-9.23798e+00
-8.230000E-005,-1.11778e+01,-9.23798e+00
-8.227000E-005,-1.07758e+01,-9.23798e+00
-8.224000E-005,-1.11778e+01,-9.23798e+00
-8.221000E-005,-1.07758e+01,-9.23798e+00
-8.218000E-005,-1.07758e+01,-9.03698e+00
-8.215000E-005,-1.11778e+01,-9.23798e+00
-8.212000E-005,-1.11778e+01,-9.43899e+00
-8.209000E-005,-1.11778e+01,-9.23798e+00
-8.206000E-005,-1.07758e+01,-9.23798e+00
-8.203000E-005,-1.07758e+01,-9.43899e+00
-8.200000E-005,-1.07758e+01,-9.43899e+00
-8.197000E-005,-1.07758e+01,-9.23798e+00
-8.194000E-005,-1.11778e+01,-9.23798e+00
-8.191000E-005,-1.11778e+01,-9.23798e+00
-8.188000E-005,-1.11778e+01,-9.23798e+00
-8.185000E-005,-1.07758e+01,-9.43899e+00
-8.182000E-005,-1.15798e+01,-9.43899e+00
-8.179000E-005,-1.07758e+01,-9.23798e+00
-8.176000E-005,-1.11778e+01,-9.23798e+00
-8.173000E-005,-1.11778e+01,-9.43899e+00
-8.170000E-005,-1.07758e+01,-9.43899e+00
-8.167000E-005,-1.11778e+01,-9.23798e+00
-8.164000E-005,-1.11778e+01,-9.23798e+00
-8.161000E-005,-1.07758e+01,-9.23798e+00
-8.158000E-005,-1.07758e+01,-9.23798e+00
-8.155000E-005,-1.11778e+01,-9.23798e+00
-8.152000E-005,-1.11778e+01,-9.43899e+00
-8.149000E-005,-1.07758e+01,-9.23798e+00
-8.146000E-005,-1.11778e+01,-9.23798e+00
-8.143000E-005,-1.07758e+01,-9.43899e+00
-8.140000E-005,-1.07758e+01,-9.23798e+00
-8.137000E-005,-1.07758e+01,-9.43899e+00
-8.134000E-005,-1.07758e+01,-9.43899e+00
-8.131000E-005,-1.11778e+01,-9.23798e+00
-8.128000E-005,-1.07758e+01,-9.23798e+00
-8.125000E-005,-1.07758e+01,-9.23798e+00
-8.122000E-005,-1.07758e+01,-9.23798e+00
-8.119000E-005,-1.07758e+01,-9.23798e+00
-8.116000E-005,-1.11778e+01,-9.43899e+00
-8.113000E-005,-1.11778e+01,-9.23798e+00
-8.110000E-005,-1.07758e+01,-9.23798e+00
-8.107000E-005,-1.07758e+01,-9.43899e+00
-8.104000E-005,-1.11778e+01,-9.43899e+00
-8.101000E-005,-1.11778e+01,-9.23798e+00
-8.098000E-005,-1.07758e+01,-9.43899e+00
-8.095000E-005,-1.07758e+01,-9.23798e+00
-8.092000E-005,-1.07758e+01,-9.23798e+00
-8.089000E-005,-1.11778e+01,-9.23798e+00
-8.086000E-005,-1.11778e+01,-9.23798e+00
-8.083000E-005,-1.11778e+01,-9.23798e+00
-8.080000E-005,-1.11778e+01,-9.23798e+00
-8.077000E-005,-1.11778e+01,-9.23798e+00
-8.074000E-005,-1.07758e+01,-9.23798e+00
-8.071000E-005,-1.11778e+01,-9.43899e+00
-8.068000E-005,-1.11778e+01,-9.23798e+00
-8.065000E-005,-1.11778e+01,-9.23798e+00
-8.062000E-005,-1.11778e+01,-9.23798e+00
-8.059000E-005,-1.11778e+01,-9.43899e+00
-8.056000E-005,-1.07758e+01,-9.23798e+00
-8.053000E-005,-1.07758e+01,-9.23798e+00
-8.050000E-005,-1.11778e+01,-9.23798e+00
-8.047000E-005,-1.07758e+01,-9.23798e+00
-8.044000E-005,-1.11778e+01,-9.23798e+00
-8.041000E-005,-1.11778e+01,-9.43899e+00
-8.038000E-005,-1.07758e+01,-9.23798e+00
-8.035000E-005,-1.07758e+01,-9.23798e+00
-8.032000E-005,-1.11778e+01,-9.23798e+00
-8.029000E-005,-1.11778e+01,-9.23798e+00
-8.026000E-005,-1.11778e+01,-9.43899e+00
-8.023000E-005,-1.07758e+01,-9.43899e+00
-8.020000E-005,-1.07758e+01,-9.43899e+00
-8.017000E-005,-1.11778e+01,-9.23798e+00
-8.014000E-005,-1.07758e+01,-9.23798e+00
-8.011000E-005,-1.07758e+01,-9.23798e+00
-8.008000E-005,-1.07758e+01,-9.23798e+00
-8.005000E-005,-1.11778e+01,-9.43899e+00
-8.002000E-005,-1.11778e+01,-9.23798e+00
-7.999000E-005,-1.07758e+01,-9.03698e+00
-7.996000E-005,-1.11778e+01,-9.43899e+00
-7.993000E-005,-1.07758e+01,-9.23798e+00
-7.990000E-005,-1.11778e+01,-9.23798e+00
-7.987000E-005,-1.11778e+01,-9.23798e+00
-7.984000E-005,-1.11778e+01,-9.23798e+00
-7.981000E-005,-1.07758e+01,-9.43899e+00
-7.978000E-005,-1.11778e+01,-9.23798e+00
-7.975000E-005,-1.07758e+01,-9.23798e+00
-7.972000E-005,-1.11778e+01,-9.43899e+00
-7.969000E-005,-1.07758e+01,-9.23798e+00
-7.966000E-005,-1.11778e+01,-9.23798e+00
-7.963000E-005,-1.11778e+01,-9.23798e+00
-7.960000E-005,-1.11778e+01,-9.23798e+00
-7.957000E-005,-1.11778e+01,-9.23798e+00
-7.954000E-005,-1.11778e+01,-9.23798e+00
-7.951000E-005,-1.07758e+01,-9.23798e+00
-7.948000E-005,-1.11778e+01,-9.43899e+00
-7.945000E-005,-1.07758e+01,-9.23798e+00
-7.942000E-005,-1.11778e+01,-9.23798e+00
-7.939000E-005,-1.11778e+01,-9.23798e+00
-7.936000E-005,-1.07758e+01,-9.23798e+00
-7.933000E-005,-1.15798e+01,-9.43899e+00
-7.930000E-005,-1.11778e+01,-9.23798e+00
-7.927000E-005,-1.11778e+01,-9.23798e+00
-7.924000E-005,-1.11778e+01,-9.23798e+00
-7.921000E-005,-1.11778e+01,-9.23798e+00
-7.918000E-005,-1.11778e+01,-9.23798e+00
-7.915000E-005,-1.07758e+01,-9.23798e+00
-7.912000E-005,-1.07758e+01,-9.23798e+00
-7.909000E-005,-1.11778e+01,-9.23798e+00
-7.906000E-005,-1.11778e+01,-9.23798e+00
-7.903000E-005,-1.11778e+01,-9.23798e+00
-7.900000E-005,-1.07758e+01,-9.23798e+00
-7.897000E-005,-1.11778e+01,-9.43899e+00
-7.894000E-005,-1.07758e+01,-9.43899e+00
-7.891000E-005,-1.11778e+01,-9.23798e+00
-7.888000E-005,-1.07758e+01,-9.23798e+00
-7.885000E-005,-1.07758e+01,-9.23798e+00
-7.882000E-005,-1.07758e+01,-9.23798e+00
-7.879000E-005,-1.11778e+01,-9.23798e+00
-7.876000E-005,-1.11778e+01,-9.03698e+00
-7.873000E-005,-1.07758e+01,-9.23798e+00
-7.870000E-005,-1.07758e+01,-9.23798e+00
-7.867000E-005,-1.07758e+01,-9.23798e+00
-7.864000E-005,-1.07758e+01,-9.23798e+00
-7.861000E-005,-1.11778e+01,-9.23798e+00
-7.858000E-005,-1.07758e+01,-9.23798e+00
-7.855000E-005,-1.11778e+01,-9.43899e+00
-7.852000E-005,-1.11778e+01,-9.43899e+00
-7.849000E-005,-1.07758e+01,-9.23798e+00
-7.846000E-005,-1.07758e+01,-9.23798e+00
-7.843000E-005,-1.11778e+01,-9.23798e+00
-7.840000E-005,-1.11778e+01,-9.23798e+00
-7.837000E-005,-1.07758e+01,-9.23798e+00
-7.834000E-005,-1.07758e+01,-9.23798e+00
-7.831000E-005,-1.11778e+01,-9.43899e+00
-7.828000E-005,-1.11778e+01,-9.23798e+00
-7.825000E-005,-1.11778e+01,-9.23798e+00
-7.822000E-005,-1.11778e+01,-9.43899e+00
-7.819000E-005,-1.07758e+01,-9.43899e+00
-7.816000E-005,-1.07758e+01,-9.03698e+00
-7.813000E-005,-1.07758e+01,-9.43899e+00
-7.810000E-005,-1.11778e+01,-9.23798e+00
-7.807000E-005,-1.07758e+01,-9.23798e+00
-7.804000E-005,-1.11778e+01,-9.23798e+00
-7.801000E-005,-1.11778e+01,-9.43899e+00
-7.798000E-005,-1.11778e+01,-9.03698e+00
-7.795000E-005,-1.07758e+01,-9.23798e+00
-7.792000E-005,-1.11778e+01,-9.23798e+00
-7.789000E-005,-1.11778e+01,-9.03698e+00
-7.786000E-005,-1.11778e+01,-9.23798e+00
-7.783000E-005,-1.07758e+01,-9.23798e+00
-7.780000E-005,-1.11778e+01,-9.43899e+00
-7.777000E-005,-1.07758e+01,-9.23798e+00
-7.774000E-005,-1.11778e+01,-9.43899e+00
-7.771000E-005,-1.11778e+01,-9.23798e+00
-7.768000E-005,-1.11778e+01,-9.23798e+00
-7.765000E-005,-1.07758e+01,-9.23798e+00
-7.762000E-005,-1.11778e+01,-9.23798e+00
-7.759000E-005,-1.11778e+01,-9.23798e+00
-7.756000E-005,-1.11778e+01,-9.23798e+00
-7.753000E-005,-1.07758e+01,-9.23798e+00
-7.750000E-005,-1.11778e+01,-9.23798e+00
-7.747000E-005,-1.11778e+01,-9.23798e+00
-7.744000E-005,-1.07758e+01,-9.43899e+00
-7.741000E-005,-1.07758e+01,-9.23798e+00
-7.738000E-005,-1.11778e+01,-9.23798e+00
-7.735000E-005,-1.07758e+01,-9.23798e+00
-7.732000E-005,-1.07758e+01,-9.23798e+00
-7.729000E-005,-1.11778e+01,-9.43899e+00
-7.726000E-005,-1.11778e+01,-9.23798e+00
-7.723000E-005,-1.11778e+01,-9.23798e+00
-7.720000E-005,-1.07758e+01,-9.23798e+00
-7.717000E-005,-1.11778e+01,-9.23798e+00
-7.714000E-005,-1.11778e+01,-9.23798e+00
-7.711000E-005,-1.07758e+01,-9.23798e+00
-7.708000E-005,-1.07758e+01,-9.23798e+00
-7.705000E-005,-1.07758e+01,-9.23798e+00
-7.702000E-005,-1.07758e+01,-9.23798e+00
-7.699000E-005,-1.11778e+01,-9.23798e+00
-7.696000E-005,-1.11778e+01,-9.23798e+00
-7.693000E-005,-1.11778e+01,-9.23798e+00
-7.690000E-005,-1.11778e+01,-9.23798e+00
-7.687000E-005,-1.11778e+01,-9.43899e+00
-7.684000E-005,-1.11778e+01,-9.23798e+00
-7.681000E-005,-1.11778e+01,-9.23798e+00
-7.678000E-005,-1.07758e+01,-9.23798e+00
-7.675000E-005,-1.07758e+01,-9.23798e+00
-7.672000E-005,-1.11778e+01,-9.03698e+00
-7.669000E-005,-1.11778e+01,-9.43899e+00
-7.666000E-005,-1.11778e+01,-9.23798e+00
-7.663000E-005,-1.11778e+01,-9.23798e+00
-7.660000E-005,-1.11778e+01,-9.23798e+00
-7.657000E-005,-1.11778e+01,-9.43899e+00
-7.654000E-005,-1.07758e+01,-9.23798e+00
-7.651000E-005,-1.11778e+01,-9.23798e+00
-7.648000E-005,-1.07758e+01,-9.03698e+00
-7.645000E-005,-1.07758e+01,-9.23798e+00
-7.642000E-005,-1.11778e+01,-9.23798e+00
-7.639000E-005,-1.11778e+01,-9.23798e+00
-7.636000E-005,-1.07758e+01,-9.23798e+00
-7.633000E-005,-1.07758e+01,-9.23798e+00
-7.630000E-005,-1.11778e+01,-9.23798e+00
-7.627000E-005,-1.11778e+01,-9.03698e+00
-7.624000E-005,-1.11778e+01,-9.23798e+00
-7.621000E-005,-1.07758e+01,-9.23798e+00
-7.618000E-005,-1.07758e+01,-9.23798e+00
-7.615000E-005,-1.07758e+01,-9.23798e+00
-7.612000E-005,-1.11778e+01,-9.23798e+00
-7.609000E-005,-1.07758e+01,-9.23798e+00
-7.606000E-005,-1.11778e+01,-9.23798e+00
-7.603000E-005,-1.07758e+01,-9.43899e+00
-7.600000E-005,-1.11778e+01,-9.23798e+00
-7.597000E-005,-1.07758e+01,-9.43899e+00
-7.594000E-005,-1.11778e+01,-9.03698e+00
-7.591000E-005,-1.11778e+01,-9.23798e+00
-7.588000E-005,-1.11778e+01,-9.23798e+00
-7.585000E-005,-1.11778e+01,-9.23798e+00
-7.582000E-005,-1.07758e+01,-9.03698e+00
-7.579000E-005,-1.11778e+01,-9.23798e+00
-7.576000E-005,-1.07758e+01,-9.23798e+00
-7.573000E-005,-1.07758e+01,-9.23798e+00
-7.570000E-005,-1.11778e+01,-9.43899e+00
-7.567000E-005,-1.07758e+01,-9.23798e+00
-7.564000E-005,-1.11778e+01,-9.03698e+00
-7.561000E-005,-1.07758e+01,-9.23798e+00
-7.558000E-005,-1.11778e+01,-9.23798e+00
-7.555000E-005,-1.11778e+01,-9.23798e+00
-7.552000E-005,-1.11778e+01,-9.23798e+00
-7.549000E-005,-1.07758e+01,-9.23798e+00
-7.546000E-005,-1.07758e+01,-9.23798e+00
-7.543000E-005,-1.11778e+01,-9.23798e+00
-7.540000E-005,-1.07758e+01,-9.23798e+00
-7.537000E-005,-1.11778e+01,-9.23798e+00
-7.534000E-005,-1.11778e+01,-9.23798e+00
-7.531000E-005,-1.07758e+01,-9.23798e+00
-7.528000E-005,-1.11778e+01,-9.23798e+00
-7.525000E-005,-1.11778e+01,-9.23798e+00
-7.522000E-005,-1.07758e+01,-9.23798e+00
-7.519000E-005,-1.11778e+01,-9.23798e+00
-7.516000E-005,-1.11778e+01,-9.23798e+00
-7.513000E-005,-1.07758e+01,-9.23798e+00
-7.510000E-005,-1.11778e+01,-9.23798e+00
-7.507000E-005,-1.11778e+01,-9.23798e+00
-7.504000E-005,-1.11778e+01,-9.23798e+00
-7.501000E-005,-1.11778e+01,-9.23798e+00
-7.498000E-005,-1.07758e+01,-9.23798e+00
-7.495000E-005,-1.11778e+01,-9.23798e+00
-7.492000E-005,-1.11778e+01,-9.23798e+00
-7.489000E-005,-1.07758e+01,-9.23798e+00
-7.486000E-005,-1.07758e+01,-9.23798e+00
-7.483000E-005,-1.11778e+01,-9.23798e+00
-7.480000E-005,-1.11778e+01,-9.03698e+00
-7.477000E-005,-1.07758e+01,-9.23798e+00
-7.474000E-005,-1.11778e+01,-9.23798e+00
-7.471000E-005,-1.07758e+01,-9.23798e+00
-7.468000E-005,-1.11778e+01,-9.23798e+00
-7.465000E-005,-1.11778e+01,-9.23798e+00
-7.462000E-005,-1.11778e+01,-9.23798e+00
-7.459000E-005,-1.11778e+01,-9.23798e+00
-7.456000E-005,-1.07758e+01,-9.43899e+00
-7.453000E-005,-1.11778e+01,-9.23798e+00
-7.450000E-005,-1.11778e+01,-9.23798e+00
-7.447000E-005,-1.11778e+01,-9.23798e+00
-7.444000E-005,-1.07758e+01,-9.23798e+00
-7.441000E-005,-1.11778e+01,-9.23798e+00
-7.438000E-005,-1.07758e+01,-9.23798e+00
-7.435000E-005,-1.07758e+01,-9.43899e+00
-7.432000E-005,-1.11778e+01,-9.23798e+00
-7.429000E-005,-1.11778e+01,-9.23798e+00
-7.426000E-005,-1.11778e+01,-9.43899e+00
-7.423000E-005,-1.11778e+01,-9.23798e+00
-7.420000E-005,-1.07758e+01,-9.23798e+00
-7.417000E-005,-1.11778e+01,-9.23798e+00
-7.414000E-005,-1.07758e+01,-9.23798e+00
-7.411000E-005,-1.07758e+01,-9.23798e+00
-7.408000E-005,-1.11778e+01,-9.03698e+00
-7.405000E-005,-1.07758e+01,-9.23798e+00
-7.402000E-005,-1.07758e+01,-9.23798e+00
-7.399000E-005,-1.07758e+01,-9.23798e+00
-7.396000E-005,-1.07758e+01,-9.23798e+00
-7.393000E-005,-1.11778e+01,-9.23798e+00
-7.390000E-005,-1.11778e+01,-9.03698e+00
-7.387000E-005,-1.11778e+01,-9.23798e+00
-7.384000E-005,-1.11778e+01,-9.23798e+00
-7.381000E-005,-1.11778e+01,-9.03698e+00
-7.378000E-005,-1.07758e+01,-9.23798e+00
-7.375000E-005,-1.11778e+01,-9.23798e+00
-7.372000E-005,-1.11778e+01,-9.23798e+00
-7.369000E-005,-1.11778e+01,-9.23798e+00
-7.366000E-005,-1.11778e+01,-9.23798e+00
-7.363000E-005,-1.11778e+01,-9.23798e+00
-7.360000E-005,-1.11778e+01,-9.43899e+00
-7.357000E-005,-1.15798e+01,-9.43899e+00
-7.354000E-005,-1.11778e+01,-9.23798e+00
-7.351000E-005,-1.11778e+01,-9.23798e+00
-7.348000E-005,-1.11778e+01,-9.23798e+00
-7.345000E-005,-1.11778e+01,-9.23798e+00
-7.342000E-005,-1.11778e+01,-9.23798e+00
-7.339000E-005,-1.07758e+01,-9.03698e+00
-7.336000E-005,-1.11778e+01,-9.23798e+00
-7.333000E-005,-1.11778e+01,-9.23798e+00
-7.330000E-005,-1.11778e+01,-9.23798e+00
-7.327000E-005,-1.07758e+01,-9.23798e+00
-7.324000E-005,-1.11778e+01,-9.03698e+00
-7.321000E-005,-1.11778e+01,-9.43899e+00
-7.318000E-005,-1.07758e+01,-9.23798e+00
-7.315000E-005,-1.07758e+01,-9.23798e+00
-7.312000E-005,-1.15798e+01,-9.23798e+00
-7.309000E-005,-1.11778e+01,-9.23798e+00
-7.306000E-005,-1.11778e+01,-9.23798e+00
-7.303000E-005,-1.11778e+01,-9.23798e+00
-7.300000E-005,-1.11778e+01,-9.23798e+00
-7.297000E-005,-1.11778e+01,-9.23798e+00
-7.294000E-005,-1.07758e+01,-9.23798e+00
-7.291000E-005,-1.07758e+01,-9.23798e+00
-7.288000E-005,-1.11778e+01,-9.23798e+00
-7.285000E-005,-1.11778e+01,-9.23798e+00
-7.282000E-005,-1.11778e+01,-9.23798e+00
-7.279000E-005,-1.11778e+01,-9.23798e+00
-7.276000E-005,-1.07758e+01,-9.23798e+00
-7.273000E-005,-1.11778e+01,-9.23798e+00
-7.270000E-005,-1.11778e+01,-9.23798e+00
-7.267000E-005,-1.11778e+01,-9.23798e+00
-7.264000E-005,-1.07758e+01,-9.23798e+00
-7.261000E-005,-1.11778e+01,-9.43899e+00
-7.258000E-005,-1.11778e+01,-9.43899e+00
-7.255000E-005,-1.07758e+01,-9.23798e+00
-7.252000E-005,-1.11778e+01,-9.23798e+00
-7.249000E-005,-1.07758e+01,-9.03698e+00
-7.246000E-005,-1.11778e+01,-9.23798e+00
-7.243000E-005,-1.07758e+01,-9.23798e+00
-7.240000E-005,-1.11778e+01,-9.23798e+00
-7.237000E-005,-1.11778e+01,-9.43899e+00
-7.234000E-005,-1.07758e+01,-9.23798e+00
-7.231000E-005,-1.07758e+01,-9.23798e+00
-7.228000E-005,-1.11778e+01,-9.23798e+00
-7.225000E-005,-1.07758e+01,-9.23798e+00
-7.222000E-005,-1.11778e+01,-9.23798e+00
-7.219000E-005,-1.11778e+01,-9.23798e+00
-7.216000E-005,-1.11778e+01,-9.03698e+00
-7.213000E-005,-1.11778e+01,-9.23798e+00
-7.210000E-005,-1.11778e+01,-9.23798e+00
-7.207000E-005,-1.11778e+01,-9.43899e+00
-7.204000E-005,-1.11778e+01,-9.23798e+00
-7.201000E-005,-1.11778e+01,-9.03698e+00
-7.198000E-005,-1.11778e+01,-9.23798e+00
-7.195000E-005,-1.07758e+01,-9.23798e+00
-7.192000E-005,-1.07758e+01,-9.23798e+00
-7.189000E-005,-1.11778e+01,-9.23798e+00
-7.186000E-005,-1.07758e+01,-9.23798e+00
-7.183000E-005,-1.07758e+01,-9.23798e+00
-7.180000E-005,-1.11778e+01,-9.23798e+00
-7.177000E-005,-1.11778e+01,-9.23798e+00
-7.174000E-005,-1.11778e+01,-9.23798e+00
-7.171000E-005,-1.11778e+01,-9.23798e+00
-7.168000E-005,-1.11778e+01,-9.23798e+00
-7.165000E-005,-1.07758e+01,-9.03698e+00
-7.162000E-005,-1.07758e+01,-9.23798e+00
-7.159000E-005,-1.07758e+01,-9.03698e+00
-7.156000E-005,-1.11778e+01,-9.23798e+00
-7.153000E-005,-1.11778e+01,-9.23798e+00
-7.150000E-005,-1.07758e+01,-9.23798e+00
-7.147000E-005,-1.11778e+01,-9.23798e+00
-7.144000E-005,-1.11778e+01,-9.03698e+00
-7.141000E-005,-1.11778e+01,-9.23798e+00
-7.138000E-005,-1.07758e+01,-9.23798e+00
-7.135000E-005,-1.07758e+01,-9.23798e+00
-7.132000E-005,-1.07758e+01,-9.23798e+00
-7.129000E-005,-1.11778e+01,-9.23798e+00
-7.126000E-005,-1.07758e+01,-9.03698e+00
-7.123000E-005,-1.07758e+01,-9.23798e+00
-7.120000E-005,-1.07758e+01,-9.23798e+00
-7.117000E-005,-1.07758e+01,-9.23798e+00
-7.114000E-005,-1.11778e+01,-9.03698e+00
-7.111000E-005,-1.11778e+01,-9.23798e+00
-7.108000E-005,-1.11778e+01,-9.23798e+00
-7.105000E-005,-1.03738e+01,-9.23798e+00
-7.102000E-005,-1.07758e+01,-9.03698e+00
-7.099000E-005,-1.11778e+01,-9.23798e+00
-7.096000E-005,-1.11778e+01,-9.23798e+00
-7.093000E-005,-1.11778e+01,-9.23798e+00
-7.090000E-005,-1.11778e+01,-9.03698e+00
-7.087000E-005,-1.11778e+01,-9.23798e+00
-7.084000E-005,-1.11778e+01,-9.23798e+00
-7.081000E-005,-1.11778e+01,-9.23798e+00
-7.078000E-005,-1.11778e+01,-9.23798e+00
-7.075000E-005,-1.07758e+01,-9.03698e+00
-7.072000E-005,-1.11778e+01,-9.23798e+00
-7.069000E-005,-1.11778e+01,-9.23798e+00
-7.066000E-005,-1.07758e+01,-9.23798e+00
-7.063000E-005,-1.07758e+01,-9.23798e+00
-7.060000E-005,-1.11778e+01,-9.23798e+00
-7.057000E-005,-1.11778e+01,-9.23798e+00
-7.054000E-005,-1.11778e+01,-9.23798e+00
-7.051000E-005,-1.07758e+01,-9.23798e+00
-7.048000E-005,-1.07758e+01,-9.23798e+00
-7.045000E-005,-1.11778e+01,-9.43899e+00
-7.042000E-005,-1.07758e+01,-9.23798e+00
-7.039000E-005,-1.11778e+01,-9.23798e+00
-7.036000E-005,-1.07758e+01,-9.03698e+00
-7.033000E-005,-1.07758e+01,-9.03698e+00
-7.030000E-005,-1.07758e+01,-9.23798e+00
-7.027000E-005,-1.11778e+01,-9.23798e+00
-7.024000E-005,-1.07758e+01,-9.23798e+00
-7.021000E-005,-1.07758e+01,-9.03698e+00
-7.018000E-005,-1.07758e+01,-9.23798e+00
-7.015000E-005,-1.07758e+01,-9.23798e+00
-7.012000E-005,-1.11778e+01,-9.23798e+00
-7.009000E-005,-1.11778e+01,-9.23798e+00
-7.006000E-005,-1.11778e+01,-9.23798e+00
-7.003000E-005,-1.11778e+01,-9.23798e+00
-7.000000E-005,-1.11778e+01,-9.23798e+00
-6.997000E-005,-1.07758e+01,-9.23798e+00
-6.994000E-005,-1.11778e+01,-9.23798e+00
-6.991000E-005,-1.07758e+01,-9.23798e+00
-6.988000E-005,-1.11778e+01,-9.23798e+00
-6.985000E-005,-1.11778e+01,-9.23798e+00
-6.982000E-005,-1.07758e+01,-9.23798e+00
-6.979000E-005,-1.11778e+01,-9.23798e+00
-6.976000E-005,-1.07758e+01,-9.23798e+00
-6.973000E-005,-1.11778e+01,-9.23798e+00
-6.970000E-005,-1.11778e+01,-9.23798e+00
-6.967000E-005,-1.07758e+01,-9.23798e+00
-6.964000E-005,-1.11778e+01,-9.43899e+00
-6.961000E-005,-1.11778e+01,-9.23798e+00
-6.958000E-005,-1.07758e+01,-9.23798e+00
-6.955000E-005,-1.07758e+01,-9.03698e+00
-6.952000E-005,-1.11778e+01,-9.23798e+00
-6.949000E-005,-1.11778e+01,-9.23798e+00
-6.946000E-005,-1.07758e+01,-9.23798e+00
-6.943000E-005,-1.11778e+01,-9.03698e+00
-6.940000E-005,-1.11778e+01,-9.23798e+00
-6.937000E-005,-1.07758e+01,-9.23798e+00
-6.934000E-005,-1.11778e+01,-9.23798e+00
-6.931000E-005,-1.07758e+01,-9.03698e+00
-6.928000E-005,-1.11778e+01,-9.23798e+00
-6.925000E-005,-1.11778e+01,-9.23798e+00
-6.922000E-005,-1.07758e+01,-9.23798e+00
-6.919000E-005,-1.11778e+01,-9.03698e+00
-6.916000E-005,-1.11778e+01,-9.23798e+00
-6.913000E-005,-1.07758e+01,-9.23798e+00
-6.910000E-005,-1.07758e+01,-9.23798e+00
-6.907000E-005,-1.11778e+01,-9.03698e+00
-6.904000E-005,-1.11778e+01,-9.23798e+00
-6.901000E-005,-1.07758e+01,-9.03698e+00
-6.898000E-005,-1.15798e+01,-9.23798e+00
-6.895000E-005,-1.07758e+01,-9.23798e+00
-6.892000E-005,-1.07758e+01,-9.23798e+00
-6.889000E-005,-1.07758e+01,-9.23798e+00
-6.886000E-005,-1.11778e+01,-9.03698e+00
-6.883000E-005,-1.07758e+01,-9.23798e+00
-6.880000E-005,-1.11778e+01,-9.23798e+00
-6.877000E-005,-1.07758e+01,-9.23798e+00
-6.874000E-005,-1.07758e+01,-9.03698e+00
-6.871000E-005,-1.07758e+01,-9.23798e+00
-6.868000E-005,-1.11778e+01,-9.03698e+00
-6.865000E-005,-1.07758e+01,-9.23798e+00
-6.862000E-005,-1.11778e+01,-9.23798e+00
-6.859000E-005,-1.11778e+01,-9.23798e+00
-6.856000E-005,-1.11778e+01,-9.03698e+00
-6.853000E-005,-1.07758e+01,-9.23798e+00
-6.850000E-005,-1.11778e+01,-9.23798e+00
-6.847000E-005,-1.11778e+01,-9.23798e+00
-6.844000E-005,-1.11778e+01,-9.23798e+00
-6.841000E-005,-1.07758e+01,-9.23798e+00
-6.838000E-005,-1.07758e+01,-9.23798e+00
-6.835000E-005,-1.07758e+01,-9.23798e+00
-6.832000E-005,-1.11778e+01,-9.23798e+00
-6.829000E-005,-1.07758e+01,-9.03698e+00
-6.826000E-005,-1.07758e+01,-9.23798e+00
-6.823000E-005,-1.11778e+01,-9.23798e+00
-6.820000E-005,-1.11778e+01,-9.23798e+00
-6.817000E-005,-1.11778e+01,-9.03698e+00
-6.814000E-005,-1.07758e+01,-9.23798e+00
-6.811000E-005,-1.07758e+01,-9.23798e+00
-6.808000E-005,-1.11778e+01,-9.23798e+00
-6.805000E-005,-1.11778e+01,-9.03698e+00
-6.802000E-005,-1.07758e+01,-9.03698e+00
-6.799000E-005,-1.07758e+01,-9.23798e+00
-6.796000E-005,-1.11778e+01,-9.23798e+00
-6.793000E-005,-1.11778e+01,-9.23798e+00
-6.790000E-005,-1.07758e+01,-9.23798e+00
-6.787000E-005,-1.07758e+01,-9.03698e+00
-6.784000E-005,-1.07758e+01,-9.23798e+00
-6.781000E-005,-1.07758e+01,-9.23798e+00
-6.778000E-005,-1.11778e+01,-9.23798e+00
-6.775000E-005,-1.11778e+01,-9.03698e+00
-6.772000E-005,-1.11778e+01,-9.23798e+00
-6.769000E-005,-1.07758e+01,-9.23798e+00
-6.766000E-005,-1.07758e+01,-9.23798e+00
-6.763000E-005,-1.07758e+01,-8.83597e+00
-6.760000E-005,-1.07758e+01,-9.23798e+00
-6.757000E-005,-1.11778e+01,-9.23798e+00
-6.754000E-005,-1.07758e+01,-9.23798e+00
-6.751000E-005,-1.11778e+01,-9.23798e+00
-6.748000E-005,-1.07758e+01,-9.23798e+00
-6.745000E-005,-1.11778e+01,-9.23798e+00
-6.742000E-005,-1.11778e+01,-9.03698e+00
-6.739000E-005,-1.11778e+01,-9.03698e+00
-6.736000E-005,-1.11778e+01,-9.23798e+00
-6.733000E-005,-1.07758e+01,-9.23798e+00
-6.730000E-005,-1.07758e+01,-9.23798e+00
-6.727000E-005,-1.07758e+01,-9.23798e+00
-6.724000E-005,-1.11778e+01,-9.23798e+00
-6.721000E-005,-1.07758e+01,-9.03698e+00
-6.718000E-005,-1.11778e+01,-9.03698e+00
-6.715000E-005,-1.07758e+01,-9.23798e+00
-6.712000E-005,-1.07758e+01,-9.03698e+00
-6.709000E-005,-1.11778e+01,-9.03698e+00
-6.706000E-005,-1.07758e+01,-9.23798e+00
-6.703000E-005,-1.11778e+01,-9.23798e+00
-6.700000E-005,-1.11778e+01,-9.23798e+00
-6.697000E-005,-1.07758e+01,-9.23798e+00
-6.694000E-005,-1.11778e+01,-9.03698e+00
-6.691000E-005,-1.07758e+01,-9.23798e+00
-6.688000E-005,-1.07758e+01,-9.23798e+00
-6.685000E-005,-1.11778e+01,-9.03698e+00
-6.682000E-005,-1.11778e+01,-9.03698e+00
-6.679000E-005,-1.07758e+01,-9.23798e+00
-6.676000E-005,-1.11778e+01,-9.23798e+00
-6.673000E-005,-1.07758e+01,-9.03698e+00
-6.670000E-005,-1.11778e+01,-9.23798e+00
-6.667000E-005,-1.11778e+01,-9.23798e+00
-6.664000E-005,-1.07758e+01,-9.23798e+00
-6.661000E-005,-1.07758e+01,-9.43899e+00
-6.658000E-005,-1.07758e+01,-9.23798e+00
-6.655000E-005,-1.11778e+01,-9.23798e+00
-6.652000E-005,-1.11778e+01,-9.23798e+00
-6.649000E-005,-1.07758e+01,-9.23798e+00
-6.646000E-005,-1.07758e+01,-9.03698e+00
-6.643000E-005,-1.07758e+01,-9.23798e+00
-6.640000E-005,-1.11778e+01,-9.03698e+00
-6.637000E-005,-1.11778e+01,-9.23798e+00
-6.634000E-005,-1.11778e+01,-9.23798e+00
-6.631000E-005,-1.07758e+01,-9.23798e+00
-6.628000E-005,-1.11778e+01,-9.23798e+00
-6.625000E-005,-1.11778e+01,-9.23798e+00
-6.622000E-005,-1.07758e+01,-9.23798e+00
-6.619000E-005,-1.07758e+01,-9.03698e+00
-6.616000E-005,-1.07758e+01,-9.03698e+00
-6.613000E-005,-1.07758e+01,-9.03698e+00
-6.610000E-005,-1.11778e+01,-9.03698e+00
-6.607000E-005,-1.11778e+01,-9.23798e+00
-6.604000E-005,-1.07758e+01,-9.23798e+00
-6.601000E-005,-1.11778e+01,-9.03698e+00
-6.598000E-005,-1.11778e+01,-9.23798e+00
-6.595000E-005,-1.11778e+01,-9.03698e+00
-6.592000E-005,-1.11778e+01,-9.03698e+00
-6.589000E-005,-1.11778e+01,-9.23798e+00
-6.586000E-005,-1.11778e+01,-9.23798e+00
-6.583000E-005,-1.07758e+01,-9.23798e+00
-6.580000E-005,-1.11778e+01,-9.23798e+00
-6.577000E-005,-1.11778e+01,-9.23798e+00
-6.574000E-005,-1.11778e+01,-9.23798e+00
-6.571000E-005,-1.07758e+01,-9.23798e+00
-6.568000E-005,-1.07758e+01,-9.23798e+00
-6.565000E-005,-1.11778e+01,-9.23798e+00
-6.562000E-005,-1.07758e+01,-9.23798e+00
-6.559000E-005,-1.07758e+01,-9.03698e+00
-6.556000E-005,-1.11778e+01,-9.23798e+00
-6.553000E-005,-1.07758e+01,-9.23798e+00
-6.550000E-005,-1.11778e+01,-9.03698e+00
-6.547000E-005,-1.07758e+01,-9.03698e+00
-6.544000E-005,-1.07758e+01,-9.23798e+00
-6.541000E-005,-1.07758e+01,-9.23798e+00
-6.538000E-005,-1.11778e+01,-9.23798e+00
-6.535000E-005,-1.11778e+01,-9.23798e+00
-6.532000E-005,-1.11778e+01,-9.23798e+00
-6.529000E-005,-1.11778e+01,-9.23798e+00
-6.526000E-005,-1.07758e+01,-9.23798e+00
-6.523000E-005,-1.07758e+01,-9.23798e+00
-6.520000E-005,-1.11778e+01,-9.03698e+00
-6.517000E-005,-1.11778e+01,-9.03698e+00
-6.514000E-005,-1.11778e+01,-9.23798e+00
-6.511000E-005,-1.07758e+01,-9.03698e+00
-6.508000E-005,-1.11778e+01,-9.23798e+00
-6.505000E-005,-1.07758e+01,-9.23798e+00
-6.502000E-005,-1.11778e+01,-9.23798e+00
-6.499000E-005,-1.07758e+01,-9.03698e+00
-6.496000E-005,-1.07758e+01,-9.23798e+00
-6.493000E-005,-1.11778e+01,-9.23798e+00
-6.490000E-005,-1.11778e+01,-9.03698e+00
-6.487000E-005,-1.11778e+01,-9.23798e+00
-6.484000E-005,-1.11778e+01,-9.23798e+00
-6.481000E-005,-1.11778e+01,-9.03698e+00
-6.478000E-005,-1.11778e+01,-9.23798e+00
-6.475000E-005,-1.07758e+01,-9.03698e+00
-6.472000E-005,-1.11778e+01,-9.23798e+00
-6.469000E-005,-1.07758e+01,-9.03698e+00
-6.466000E-005,-1.07758e+01,-9.03698e+00
-6.463000E-005,-1.07758e+01,-9.03698e+00
-6.460000E-005,-1.11778e+01,-9.23798e+00
-6.457000E-005,-1.11778e+01,-9.23798e+00
-6.454000E-005,-1.11778e+01,-9.03698e+00
-6.451000E-005,-1.11778e+01,-9.23798e+00
-6.448000E-005,-1.07758e+01,-9.03698e+00
-6.445000E-005,-1.07758e+01,-9.03698e+00
-6.442000E-005,-1.07758e+01,-9.03698e+00
-6.439000E-005,-1.07758e+01,-9.23798e+00
-6.436000E-005,-1.07758e+01,-9.23798e+00
-6.433000E-005,-1.07758e+01,-9.23798e+00
-6.430000E-005,-1.11778e+01,-9.03698e+00
-6.427000E-005,-1.07758e+01,-9.23798e+00
-6.424000E-005,-1.11778e+01,-9.23798e+00
-6.421000E-005,-1.07758e+01,-9.03698e+00
-6.418000E-005,-1.07758e+01,-9.23798e+00
-6.415000E-005,-1.11778e+01,-9.23798e+00
-6.412000E-005,-1.11778e+01,-9.03698e+00
-6.409000E-005,-1.11778e+01,-9.23798e+00
-6.406000E-005,-1.07758e+01,-9.23798e+00
-6.403000E-005,-1.11778e+01,-9.03698e+00
-6.400000E-005,-1.07758e+01,-9.43899e+00
-6.397000E-005,-1.11778e+01,-9.23798e+00
-6.394000E-005,-1.07758e+01,-9.23798e+00
-6.391000E-005,-1.11778e+01,-9.03698e+00
-6.388000E-005,-1.07758e+01,-9.03698e+00
-6.385000E-005,-1.07758e+01,-9.23798e+00
-6.382000E-005,-1.07758e+01,-9.03698e+00
-6.379000E-005,-1.07758e+01,-9.03698e+00
-6.376000E-005,-1.11778e+01,-9.03698e+00
-6.373000E-005,-1.07758e+01,-9.23798e+00
-6.370000E-005,-1.11778e+01,-9.23798e+00
-6.367000E-005,-1.07758e+01,-9.03698e+00
-6.364000E-005,-1.11778e+01,-9.23798e+00
-6.361000E-005,-1.07758e+01,-9.23798e+00
-6.358000E-005,-1.11778e+01,-9.23798e+00
-6.355000E-005,-1.11778e+01,-9.23798e+00
-6.352000E-005,-1.07758e+01,-9.03698e+00
-6.349000E-005,-1.07758e+01,-9.03698e+00
-6.346000E-005,-1.07758e+01,-9.23798e+00
-6.343000E-005,-1.11778e+01,-9.23798e+00
-6.340000E-005,-1.07758e+01,-9.23798e+00
-6.337000E-005,-1.07758e+01,-9.03698e+00
-6.334000E-005,-1.07758e+01,-9.23798e+00
-6.331000E-005,-1.11778e+01,-9.23798e+00
-6.328000E-005,-1.07758e+01,-9.23798e+00
-6.325000E-005,-1.07758e+01,-9.03698e+00
-6.322000E-005,-1.07758e+01,-9.23798e+00
-6.319000E-005,-1.11778e+01,-9.03698e+00
-6.316000E-005,-1.07758e+01,-9.23798e+00
-6.313000E-005,-1.07758e+01,-9.03698e+00
-6.310000E-005,-1.11778e+01,-9.03698e+00
-6.307000E-005,-1.07758e+01,-9.23798e+00
-6.304000E-005,-1.07758e+01,-9.23798e+00
-6.301000E-005,-1.03738e+01,-9.03698e+00
-6.298000E-005,-1.11778e+01,-9.03698e+00
-6.295000E-005,-1.07758e+01,-9.03698e+00
-6.292000E-005,-1.11778e+01,-9.23798e+00
-6.289000E-005,-1.11778e+01,-9.03698e+00
-6.286000E-005,-1.07758e+01,-9.23798e+00
-6.283000E-005,-1.07758e+01,-9.03698e+00
-6.280000E-005,-1.11778e+01,-9.23798e+00
-6.277000E-005,-1.07758e+01,-9.03698e+00
-6.274000E-005,-1.11778e+01,-9.03698e+00
-6.271000E-005,-1.11778e+01,-9.03698e+00
-6.268000E-005,-1.11778e+01,-9.23798e+00
-6.265000E-005,-1.07758e+01,-9.03698e+00
-6.262000E-005,-1.07758e+01,-9.03698e+00
-6.259000E-005,-1.07758e+01,-9.03698e+00
-6.256000E-005,-1.07758e+01,-9.03698e+00
-6.253000E-005,-1.07758e+01,-9.03698e+00
-6.250000E-005,-1.11778e+01,-9.23798e+00
-6.247000E-005,-1.07758e+01,-9.03698e+00
-6.244000E-005,-1.11778e+01,-9.43899e+00
-6.241000E-005,-1.07758e+01,-9.03698e+00
-6.238000E-005,-1.07758e+01,-9.23798e+00
-6.235000E-005,-1.07758e+01,-9.23798e+00
-6.232000E-005,-1.07758e+01,-9.23798e+00
-6.229000E-005,-1.11778e+01,-9.23798e+00
-6.226000E-005,-1.07758e+01,-9.03698e+00
-6.223000E-005,-1.07758e+01,-9.03698e+00
-6.220000E-005,-1.11778e+01,-9.03698e+00
-6.217000E-005,-1.11778e+01,-9.23798e+00
-6.214000E-005,-1.11778e+01,-9.03698e+00
-6.211000E-005,-1.11778e+01,-9.03698e+00
-6.208000E-005,-1.07758e+01,-9.23798e+00
-6.205000E-005,-1.07758e+01,-9.03698e+00
-6.202000E-005,-1.11778e+01,-9.03698e+00
-6.199000E-005,-1.07758e+01,-9.03698e+00
-6.196000E-005,-1.11778e+01,-9.03698e+00
-6.193000E-005,-1.11778e+01,-9.23798e+00
-6.190000E-005,-1.07758e+01,-9.23798e+00
-6.187000E-005,-1.11778e+01,-9.23798e+00
-6.184000E-005,-1.11778e+01,-9.03698e+00
-6.181000E-005,-1.11778e+01,-9.03698e+00
-6.178000E-005,-1.07758e+01,-9.23798e+00
-6.175000E-005,-1.11778e+01,-9.03698e+00
-6.172000E-005,-1.11778e+01,-9.03698e+00
-6.169000E-005,-1.11778e+01,-9.23798e+00
-6.166000E-005,-1.07758e+01,-9.03698e+00
-6.163000E-005,-1.11778e+01,-9.03698e+00
-6.160000E-005,-1.07758e+01,-9.03698e+00
-6.157000E-005,-1.03738e+01,-9.03698e+00
-6.154000E-005,-1.11778e+01,-9.23798e+00
-6.151000E-005,-1.07758e+01,-9.03698e+00
-6.148000E-005,-1.11778e+01,-9.03698e+00
-6.145000E-005,-1.07758e+01,-9.03698e+00
-6.142000E-005,-1.07758e+01,-9.23798e+00
-6.139000E-005,-1.07758e+01,-9.03698e+00
-6.136000E-005,-1.07758e+01,-9.03698e+00
-6.133000E-005,-1.07758e+01,-9.23798e+00
-6.130000E-005,-1.07758e+01,-9.03698e+00
-6.127000E-005,-1.11778e+01,-9.23798e+00
-6.124000E-005,-1.11778e+01,-8.83597e+00
-6.121000E-005,-1.11778e+01,-9.03698e+00
-6.118000E-005,-1.11778e+01,-9.03698e+00
-6.115000E-005,-1.07758e+01,-9.03698e+00
-6.112000E-005,-1.07758e+01,-9.03698e+00
-6.109000E-005,-1.07758e+01,-9.23798e+00
-6.106000E-005,-1.07758e+01,-9.03698e+00
-6.103000E-005,-1.07758e+01,-9.03698e+00
-6.100000E-005,-1.15798e+01,-9.23798e+00
-6.097000E-005,-1.07758e+01,-9.23798e+00
-6.094000E-005,-1.07758e+01,-9.03698e+00
-6.091000E-005,-1.07758e+01,-9.03698e+00
-6.088000E-005,-1.07758e+01,-9.03698e+00
-6.085000E-005,-1.07758e+01,-9.03698e+00
-6.082000E-005,-1.11778e+01,-9.23798e+00
-6.079000E-005,-1.07758e+01,-9.03698e+00
-6.076000E-005,-1.07758e+01,-9.03698e+00
-6.073000E-005,-1.07758e+01,-9.03698e+00
-6.070000E-005,-1.07758e+01,-9.23798e+00
-6.067000E-005,-1.11778e+01,-9.23798e+00
-6.064000E-005,-1.11778e+01,-9.23798e+00
-6.061000E-005,-1.07758e+01,-9.23798e+00
-6.058000E-005,-1.11778e+01,-9.03698e+00
-6.055000E-005,-1.07758e+01,-9.23798e+00
-6.052000E-005,-1.07758e+01,-9.23798e+00
-6.049000E-005,-1.07758e+01,-9.03698e+00
-6.046000E-005,-1.07758e+01,-9.03698e+00
-6.043000E-005,-1.11778e+01,-9.03698e+00
-6.040000E-005,-1.07758e+01,-9.23798e+00
-6.037000E-005,-1.07758e+01,-9.03698e+00
-6.034000E-005,-1.11778e+01,-9.03698e+00
-6.031000E-005,-1.07758e+01,-9.03698e+00
-6.028000E-005,-1.07758e+01,-9.03698e+00
-6.025000E-005,-1.07758e+01,-9.03698e+00
-6.022000E-005,-1.07758e+01,-9.03698e+00
-6.019000E-005,-1.11778e+01,-9.23798e+00
-6.016000E-005,-1.11778e+01,-9.03698e+00
-6.013000E-005,-1.07758e+01,-9.03698e+00
-6.010000E-005,-1.07758e+01,-9.03698e+00
-6.007000E-005,-1.07758e+01,-9.03698e+00
-6.004000E-005,-1.07758e+01,-9.03698e+00
-6.001000E-005,-1.07758e+01,-9.23798e+00
-5.998000E-005,-1.07758e+01,-9.03698e+00
-5.995000E-005,-1.07758e+01,-9.03698e+00
-5.992000E-005,-1.07758e+01,-9.03698e+00
-5.989000E-005,-1.07758e+01,-9.23798e+00
-5.986000E-005,-1.07758e+01,-9.03698e+00
-5.983000E-005,-1.07758e+01,-9.03698e+00
-5.980000E-005,-1.07758e+01,-9.03698e+00
-5.977000E-005,-1.07758e+01,-9.03698e+00
-5.974000E-005,-1.07758e+01,-9.03698e+00
-5.971000E-005,-1.07758e+01,-9.03698e+00
-5.968000E-005,-1.07758e+01,-9.03698e+00
-5.965000E-005,-1.07758e+01,-9.23798e+00
-5.962000E-005,-1.07758e+01,-9.03698e+00
-5.959000E-005,-1.07758e+01,-8.83597e+00
-5.956000E-005,-1.11778e+01,-9.03698e+00
-5.953000E-005,-1.11778e+01,-9.03698e+00
-5.950000E-005,-1.07758e+01,-9.23798e+00
-5.947000E-005,-1.07758e+01,-9.23798e+00
-5.944000E-005,-1.07758e+01,-9.03698e+00
-5.941000E-005,-1.07758e+01,-9.03698e+00
-5.938000E-005,-1.07758e+01,-9.23798e+00
-5.935000E-005,-1.07758e+01,-9.23798e+00
-5.932000E-005,-1.11778e+01,-9.03698e+00
-5.929000E-005,-1.07758e+01,-9.03698e+00
-5.926000E-005,-1.07758e+01,-9.03698e+00
-5.923000E-005,-1.07758e+01,-9.03698e+00
-5.920000E-005,-1.07758e+01,-9.23798e+00
-5.917000E-005,-1.07758e+01,-9.03698e+00
-5.914000E-005,-1.11778e+01,-9.23798e+00
-5.911000E-005,-1.07758e+01,-8.83597e+00
-5.908000E-005,-1.11778e+01,-9.03698e+00
-5.905000E-005,-1.07758e+01,-9.23798e+00
-5.902000E-005,-1.11778e+01,-9.03698e+00
-5.899000E-005,-1.07758e+01,-9.03698e+00
-5.896000E-005,-1.07758e+01,-9.03698e+00
-5.893000E-005,-1.11778e+01,-9.03698e+00
-5.890000E-005,-1.07758e+01,-9.03698e+00
-5.887000E-005,-1.07758e+01,-9.23798e+00
-5.884000E-005,-1.07758e+01,-9.03698e+00
-5.881000E-005,-1.07758e+01,-9.23798e+00
-5.878000E-005,-1.11778e+01,-9.03698e+00
-5.875000E-005,-1.11778e+01,-9.03698e+00
-5.872000E-005,-1.07758e+01,-9.03698e+00
-5.869000E-005,-1.03738e+01,-9.03698e+00
-5.866000E-005,-1.07758e+01,-9.03698e+00
-5.863000E-005,-1.07758e+01,-9.23798e+00
-5.860000E-005,-1.07758e+01,-9.03698e+00
-5.857000E-005,-1.07758e+01,-9.03698e+00
-5.854000E-005,-1.07758e+01,-9.03698e+00
-5.851000E-005,-1.07758e+01,-9.03698e+00
-5.848000E-005,-1.11778e+01,-9.03698e+00
-5.845000E-005,-1.07758e+01,-9.03698e+00
-5.842000E-005,-1.11778e+01,-9.03698e+00
-5.839000E-005,-1.07758e+01,-9.03698e+00
-5.836000E-005,-1.07758e+01,-9.23798e+00
-5.833000E-005,-1.07758e+01,-9.23798e+00
-5.830000E-005,-1.07758e+01,-9.03698e+00
-5.827000E-005,-1.07758e+01,-8.83597e+00
-5.824000E-005,-1.07758e+01,-9.03698e+00
-5.821000E-005,-1.11778e+01,-9.03698e+00
-5.818000E-005,-1.07758e+01,-9.03698e+00
-5.815000E-005,-1.07758e+01,-8.83597e+00
-5.812000E-005,-1.07758e+01,-9.03698e+00
-5.809000E-005,-1.07758e+01,-9.03698e+00
-5.806000E-005,-1.11778e+01,-9.03698e+00
-5.803000E-005,-1.07758e+01,-9.03698e+00
-5.800000E-005,-1.07758e+01,-9.03698e+00
-5.797000E-005,-1.07758e+01,-9.03698e+00
-5.794000E-005,-1.07758e+01,-9.03698e+00
-5.791000E-005,-1.07758e+01,-9.03698e+00
-5.788000E-005,-1.07758e+01,-9.03698e+00
-5.785000E-005,-1.07758e+01,-9.03698e+00
-5.782000E-005,-1.07758e+01,-9.03698e+00
-5.779000E-005,-1.07758e+01,-9.03698e+00
-5.776000E-005,-1.07758e+01,-9.03698e+00
-5.773000E-005,-1.07758e+01,-9.03698e+00
-5.770000E-005,-1.07758e+01,-9.03698e+00
-5.767000E-005,-1.07758e+01,-9.03698e+00
-5.764000E-005,-1.07758e+01,-9.03698e+00
-5.761000E-005,-1.07758e+01,-9.03698e+00
-5.758000E-005,-1.07758e+01,-9.23798e+00
-5.755000E-005,-1.07758e+01,-9.03698e+00
-5.752000E-005,-1.07758e+01,-9.03698e+00
-5.749000E-005,-1.07758e+01,-9.23798e+00
-5.746000E-005,-1.07758e+01,-9.03698e+00
-5.743000E-005,-1.11778e+01,-9.03698e+00
-5.740000E-005,-1.07758e+01,-9.03698e+00
-5.737000E-005,-1.07758e+01,-9.03698e+00
-5.734000E-005,-1.11778e+01,-9.03698e+00
-5.731000E-005,-1.07758e+01,-9.03698e+00
-5.728000E-005,-1.07758e+01,-8.83597e+00
-5.725000E-005,-1.07758e+01,-9.03698e+00
-5.722000E-005,-1.07758e+01,-9.03698e+00
-5.719000E-005,-1.07758e+01,-9.03698e+00
-5.716000E-005,-1.07758e+01,-9.23798e+00
-5.713000E-005,-1.11778e+01,-8.83597e+00
-5.710000E-005,-1.07758e+01,-9.03698e+00
-5.707000E-005,-1.07758e+01,-9.03698e+00
-5.704000E-005,-1.07758e+01,-9.03698e+00
-5.701000E-005,-1.07758e+01,-9.03698e+00
-5.698000E-005,-1.07758e+01,-9.03698e+00
-5.695000E-005,-1.07758e+01,-9.03698e+00
-5.692000E-005,-1.07758e+01,-9.03698e+00
-5.689000E-005,-1.07758e+01,-9.03698e+00
-5.686000E-005,-1.07758e+01,-8.83597e+00
-5.683000E-005,-1.11778e+01,-9.03698e+00
-5.680000E-005,-1.07758e+01,-9.23798e+00
-5.677000E-005,-1.07758e+01,-9.03698e+00
-5.674000E-005,-1.07758e+01,-9.03698e+00
-5.671000E-005,-1.07758e+01,-9.03698e+00
-5.668000E-005,-1.07758e+01,-9.03698e+00
-5.665000E-005,-1.07758e+01,-9.03698e+00
-5.662000E-005,-1.07758e+01,-9.03698e+00
-5.659000E-005,-1.07758e+01,-9.03698e+00
-5.656000E-005,-1.07758e+01,-9.03698e+00
-5.653000E-005,-1.11778e+01,-9.03698e+00
-5.650000E-005,-1.07758e+01,-9.03698e+00
-5.647000E-005,-1.07758e+01,-9.03698e+00
-5.644000E-005,-1.07758e+01,-9.03698e+00
-5.641000E-005,-1.07758e+01,-9.03698e+00
-5.638000E-005,-1.07758e+01,-9.23798e+00
-5.635000E-005,-1.11778e+01,-9.03698e+00
-5.632000E-005,-1.07758e+01,-9.03698e+00
-5.629000E-005,-1.07758e+01,-9.03698e+00
-5.626000E-005,-1.07758e+01,-9.03698e+00
-5.623000E-005,-1.11778e+01,-9.03698e+00
-5.620000E-005,-1.07758e+01,-9.03698e+00
-5.617000E-005,-1.07758e+01,-9.03698e+00
-5.614000E-005,-1.07758e+01,-8.83597e+00
-5.611000E-005,-1.07758e+01,-9.03698e+00
-5.608000E-005,-1.11778e+01,-9.03698e+00
-5.605000E-005,-1.11778e+01,-9.03698e+00
-5.602000E-005,-1.07758e+01,-9.03698e+00
-5.599000E-005,-1.07758e+01,-9.03698e+00
-5.596000E-005,-1.07758e+01,-9.03698e+00
-5.593000E-005,-1.07758e+01,-9.23798e+00
-5.590000E-005,-1.07758e+01,-9.03698e+00
-5.587000E-005,-1.07758e+01,-9.03698e+00
-5.584000E-005,-1.11778e+01,-9.03698e+00
-5.581000E-005,-1.11778e+01,-9.03698e+00
-5.578000E-005,-1.07758e+01,-9.03698e+00
-5.575000E-005,-1.07758e+01,-9.03698e+00
-5.572000E-005,-1.07758e+01,-8.83597e+00
-5.569000E-005,-1.07758e+01,-8.83597e+00
-5.566000E-005,-1.07758e+01,-9.23798e+00
-5.563000E-005,-1.07758e+01,-9.03698e+00
-5.560000E-005,-1.07758e+01,-9.03698e+00
-5.557000E-005,-1.07758e+01,-9.23798e+00
-5.554000E-005,-1.07758e+01,-9.03698e+00
-5.551000E-005,-1.07758e+01,-9.03698e+00
-5.548000E-005,-1.07758e+01,-9.03698e+00
-5.545000E-005,-1.07758e+01,-9.03698e+00
-5.542000E-005,-1.07758e+01,-9.03698e+00
-5.539000E-005,-1.03738e+01,-8.83597e+00
-5.536000E-005,-1.07758e+01,-8.83597e+00
-5.533000E-005,-1.07758e+01,-9.03698e+00
-5.530000E-005,-1.07758e+01,-9.03698e+00
-5.527000E-005,-1.07758e+01,-9.03698e+00
-5.524000E-005,-1.03738e+01,-9.03698e+00
-5.521000E-005,-1.07758e+01,-9.03698e+00
-5.518000E-005,-1.07758e+01,-8.83597e+00
-5.515000E-005,-1.11778e+01,-9.03698e+00
-5.512000E-005,-1.07758e+01,-9.03698e+00
-5.509000E-005,-1.07758e+01,-9.03698e+00
-5.506000E-005,-1.07758e+01,-9.03698e+00
-5.503000E-005,-1.11778e+01,-9.03698e+00
-5.500000E-005,-1.11778e+01,-9.03698e+00
-5.497000E-005,-1.07758e+01,-9.03698e+00
-5.494000E-005,-1.07758e+01,-9.03698e+00
-5.491000E-005,-1.07758e+01,-9.03698e+00
-5.488000E-005,-1.11778e+01,-8.83597e+00
-5.485000E-005,-1.07758e+01,-9.03698e+00
-5.482000E-005,-1.07758e+01,-9.03698e+00
-5.479000E-005,-1.07758e+01,-8.83597e+00
-5.476000E-005,-1.07758e+01,-9.03698e+00
-5.473000E-005,-1.07758e+01,-9.03698e+00
-5.470000E-005,-1.07758e+01,-9.03698e+00
-5.467000E-005,-1.07758e+01,-9.03698e+00
-5.464000E-005,-1.03738e+01,-9.03698e+00
-5.461000E-005,-1.07758e+01,-9.03698e+00
-5.458000E-005,-1.11778e+01,-8.83597e+00
-5.455000E-005,-1.07758e+01,-8.83597e+00
-5.452000E-005,-1.07758e+01,-9.23798e+00
-5.449000E-005,-1.07758e+01,-9.03698e+00
-5.446000E-005,-1.07758e+01,-9.03698e+00
-5.443000E-005,-1.07758e+01,-9.03698e+00
-5.440000E-005,-1.07758e+01,-9.03698e+00
-5.437000E-005,-1.07758e+01,-9.03698e+00
-5.434000E-005,-1.11778e+01,-9.03698e+00
-5.431000E-005,-1.07758e+01,-9.03698e+00
-5.428000E-005,-1.07758e+01,-9.03698e+00
-5.425000E-005,-1.07758e+01,-8.83597e+00
-5.422000E-005,-1.07758e+01,-9.03698e+00
-5.419000E-005,-1.07758e+01,-9.03698e+00
-5.416000E-005,-1.07758e+01,-9.03698e+00
-5.413000E-005,-1.07758e+01,-9.03698e+00
-5.410000E-005,-1.07758e+01,-9.03698e+00
-5.407000E-005,-1.07758e+01,-8.83597e+00
-5.404000E-005,-1.07758e+01,-9.03698e+00
-5.401000E-005,-1.07758e+01,-9.03698e+00
-5.398000E-005,-1.07758e+01,-9.03698e+00
-5.395000E-005,-1.07758e+01,-8.83597e+00
-5.392000E-005,-1.07758e+01,-9.03698e+00
-5.389000E-005,-1.07758e+01,-9.03698e+00
-5.386000E-005,-1.07758e+01,-8.83597e+00
-5.383000E-005,-1.07758e+01,-9.03698e+00
-5.380000E-005,-1.07758e+01,-9.03698e+00
-5.377000E-005,-1.07758e+01,-9.03698e+00
-5.374000E-005,-1.07758e+01,-9.03698e+00
-5.371000E-005,-1.07758e+01,-9.03698e+00
-5.368000E-005,-1.07758e+01,-9.03698e+00
-5.365000E-005,-1.11778e+01,-9.03698e+00
-5.362000E-005,-1.07758e+01,-8.83597e+00
-5.359000E-005,-1.07758e+01,-9.03698e+00
-5.356000E-005,-1.03738e+01,-9.03698e+00
-5.353000E-005,-1.07758e+01,-9.03698e+00
-5.350000E-005,-1.07758e+01,-9.03698e+00
-5.347000E-005,-1.07758e+01,-9.03698e+00
-5.344000E-005,-1.07758e+01,-9.03698e+00
-5.341000E-005,-1.07758e+01,-9.03698e+00
-5.338000E-005,-1.07758e+01,-9.03698e+00
-5.335000E-005,-1.07758e+01,-9.03698e+00
-5.332000E-005,-1.07758e+01,-9.03698e+00
-5.329000E-005,-1.07758e+01,-9.03698e+00
-5.326000E-005,-1.03738e+01,-8.83597e+00
-5.323000E-005,-1.07758e+01,-9.03698e+00
-5.320000E-005,-1.03738e+01,-8.83597e+00
-5.317000E-005,-1.07758e+01,-9.03698e+00
-5.314000E-005,-1.07758e+01,-9.03698e+00
-5.311000E-005,-1.11778e+01,-9.03698e+00
-5.308000E-005,-1.07758e+01,-9.03698e+00
-5.305000E-005,-1.11778e+01,-9.03698e+00
-5.302000E-005,-1.07758e+01,-9.03698e+00
-5.299000E-005,-1.07758e+01,-9.03698e+00
-5.296000E-005,-1.07758e+01,-9.03698e+00
-5.293000E-005,-1.03738e+01,-9.03698e+00
-5.290000E-005,-1.07758e+01,-9.03698e+00
-5.287000E-005,-1.07758e+01,-8.83597e+00
-5.284000E-005,-1.07758e+01,-8.83597e+00
-5.281000E-005,-1.03738e+01,-9.03698e+00
-5.278000E-005,-1.07758e+01,-9.03698e+00
-5.275000E-005,-1.07758e+01,-9.03698e+00
-5.272000E-005,-1.07758e+01,-9.03698e+00
-5.269000E-005,-1.07758e+01,-9.03698e+00
-5.266000E-005,-1.07758e+01,-9.03698e+00
-5.263000E-005,-1.07758e+01,-9.03698e+00
-5.260000E-005,-1.07758e+01,-8.83597e+00
-5.257000E-005,-1.07758e+01,-8.83597e+00
-5.254000E-005,-1.11778e+01,-9.03698e+00
-5.251000E-005,-1.07758e+01,-9.03698e+00
-5.248000E-005,-1.07758e+01,-8.83597e+00
-5.245000E-005,-1.07758e+01,-9.03698e+00
-5.242000E-005,-1.11778e+01,-9.03698e+00
-5.239000E-005,-1.07758e+01,-8.83597e+00
-5.236000E-005,-1.07758e+01,-9.03698e+00
-5.233000E-005,-1.07758e+01,-9.03698e+00
-5.230000E-005,-1.07758e+01,-9.03698e+00
-5.227000E-005,-1.07758e+01,-8.83597e+00
-5.224000E-005,-1.07758e+01,-9.03698e+00
-5.221000E-005,-1.07758e+01,-8.83597e+00
-5.218000E-005,-1.07758e+01,-9.03698e+00
-5.215000E-005,-1.07758e+01,-9.03698e+00
-5.212000E-005,-1.07758e+01,-9.03698e+00
-5.209000E-005,-1.07758e+01,-9.03698e+00
-5.206000E-005,-1.07758e+01,-9.03698e+00
-5.203000E-005,-1.07758e+01,-9.03698e+00
-5.200000E-005,-1.07758e+01,-9.03698e+00
-5.197000E-005,-1.07758e+01,-8.83597e+00
-5.194000E-005,-1.07758e+01,-9.03698e+00
-5.191000E-005,-1.07758e+01,-9.03698e+00
-5.188000E-005,-1.07758e+01,-8.83597e+00
-5.185000E-005,-1.07758e+01,-9.03698e+00
-5.182000E-005,-1.07758e+01,-8.83597e+00
-5.179000E-005,-1.07758e+01,-8.83597e+00
-5.176000E-005,-1.07758e+01,-8.83597e+00
-5.173000E-005,-1.07758e+01,-9.03698e+00
-5.170000E-005,-1.07758e+01,-8.83597e+00
-5.167000E-005,-1.07758e+01,-9.03698e+00
-5.164000E-005,-1.07758e+01,-9.03698e+00
-5.161000E-005,-1.07758e+01,-9.03698e+00
-5.158000E-005,-1.07758e+01,-8.83597e+00
-5.155000E-005,-1.11778e+01,-9.03698e+00
-5.152000E-005,-1.07758e+01,-8.83597e+00
-5.149000E-005,-1.11778e+01,-9.03698e+00
-5.146000E-005,-1.03738e+01,-8.83597e+00
-5.143000E-005,-1.03738e+01,-9.03698e+00
-5.140000E-005,-1.11778e+01,-9.03698e+00
-5.137000E-005,-1.07758e+01,-8.83597e+00
-5.134000E-005,-1.07758e+01,-9.03698e+00
-5.131000E-005,-1.07758e+01,-9.03698e+00
-5.128000E-005,-1.07758e+01,-9.03698e+00
-5.125000E-005,-1.07758e+01,-8.83597e+00
-5.122000E-005,-1.07758e+01,-8.83597e+00
-5.119000E-005,-1.03738e+01,-9.03698e+00
-5.116000E-005,-1.07758e+01,-8.83597e+00
-5.113000E-005,-1.07758e+01,-8.83597e+00
-5.110000E-005,-1.07758e+01,-9.03698e+00
-5.107000E-005,-1.07758e+01,-9.03698e+00
-5.104000E-005,-1.07758e+01,-8.83597e+00
-5.101000E-005,-1.07758e+01,-8.83597e+00
-5.098000E-005,-1.03738e+01,-8.83597e+00
-5.095000E-005,-1.07758e+01,-9.03698e+00
-5.092000E-005,-1.03738e+01,-8.83597e+00
-5.089000E-005,-1.07758e+01,-9.03698e+00
-5.086000E-005,-1.07758e+01,-9.03698e+00
-5.083000E-005,-1.07758e+01,-8.83597e+00
-5.080000E-005,-1.11778e+01,-9.03698e+00
-5.077000E-005,-1.11778e+01,-9.03698e+00
-5.074000E-005,-1.07758e+01,-9.03698e+00
-5.071000E-005,-1.07758e+01,-8.83597e+00
-5.068000E-005,-1.07758e+01,-8.83597e+00
-5.065000E-005,-1.07758e+01,-9.03698e+00
-5.062000E-005,-1.07758e+01,-9.03698e+00
-5.059000E-005,-1.07758e+01,-8.83597e+00
-5.056000E-005,-1.07758e+01,-9.03698e+00
-5.053000E-005,-1.07758e+01,-9.03698e+00
-5.050000E-005,-1.07758e+01,-9.03698e+00
-5.047000E-005,-1.03738e+01,-9.03698e+00
-5.044000E-005,-1.11778e+01,-9.03698e+00
-5.041000E-005,-1.07758e+01,-8.83597e+00
-5.038000E-005,-1.11778e+01,-8.83597e+00
-5.035000E-005,-1.11778e+01,-8.83597e+00
-5.032000E-005,-1.03738e+01,-8.83597e+00
-5.029000E-005,-1.07758e+01,-8.83597e+00
-5.026000E-005,-1.07758e+01,-8.83597e+00
-5.023000E-005,-1.07758e+01,-9.03698e+00
-5.020000E-005,-1.07758e+01,-9.03698e+00
-5.017000E-005,-1.03738e+01,-8.83597e+00
-5.014000E-005,-1.07758e+01,-9.03698e+00
-5.011000E-005,-1.07758e+01,-8.83597e+00
-5.008000E-005,-1.07758e+01,-8.83597e+00
-5.005000E-005,-1.07758e+01,-8.83597e+00
-5.002000E-005,-1.07758e+01,-9.03698e+00
-4.999000E-005,-1.07758e+01,-8.83597e+00
-4.996000E-005,-1.07758e+01,-9.03698e+00
-4.993000E-005,-1.07758e+01,-8.83597e+00
-4.990000E-005,-1.07758e+01,-8.83597e+00
-4.987000E-005,-1.07758e+01,-8.83597e+00
-4.984000E-005,-1.07758e+01,-8.83597e+00
-4.981000E-005,-1.07758e+01,-9.03698e+00
-4.978000E-005,-1.07758e+01,-8.83597e+00
-4.975000E-005,-1.07758e+01,-9.03698e+00
-4.972000E-005,-1.07758e+01,-9.03698e+00
-4.969000E-005,-1.07758e+01,-8.83597e+00
-4.966000E-005,-1.07758e+01,-8.83597e+00
-4.963000E-005,-1.07758e+01,-8.83597e+00
-4.960000E-005,-1.07758e+01,-9.03698e+00
-4.957000E-005,-1.07758e+01,-8.83597e+00
-4.954000E-005,-1.07758e+01,-8.83597e+00
-4.951000E-005,-1.07758e+01,-9.03698e+00
-4.948000E-005,-1.07758e+01,-8.83597e+00
-4.945000E-005,-1.07758e+01,-8.83597e+00
-4.942000E-005,-1.07758e+01,-8.83597e+00
-4.939000E-005,-1.07758e+01,-8.83597e+00
-4.936000E-005,-1.07758e+01,-8.83597e+00
-4.933000E-005,-1.07758e+01,-8.83597e+00
-4.930000E-005,-1.03738e+01,-9.03698e+00
-4.927000E-005,-1.03738e+01,-8.83597e+00
-4.924000E-005,-1.07758e+01,-8.83597e+00
-4.921000E-005,-1.03738e+01,-8.83597e+00
-4.918000E-005,-1.07758e+01,-9.03698e+00
-4.915000E-005,-1.07758e+01,-8.83597e+00
-4.912000E-005,-1.07758e+01,-8.83597e+00
-4.909000E-005,-1.07758e+01,-8.83597e+00
-4.906000E-005,-1.03738e+01,-8.83597e+00
-4.903000E-005,-1.07758e+01,-9.03698e+00
-4.900000E-005,-1.07758e+01,-8.83597e+00
-4.897000E-005,-1.07758e+01,-9.03698e+00
-4.894000E-005,-1.07758e+01,-8.83597e+00
-4.891000E-005,-1.07758e+01,-9.03698e+00
-4.888000E-005,-1.03738e+01,-8.83597e+00
-4.885000E-005,-1.07758e+01,-8.83597e+00
-4.882000E-005,-1.07758e+01,-8.83597e+00
-4.879000E-005,-1.03738e+01,-9.03698e+00
-4.876000E-005,-1.07758e+01,-9.03698e+00
-4.873000E-005,-1.07758e+01,-9.03698e+00
-4.870000E-005,-1.07758e+01,-8.83597e+00
-4.867000E-005,-1.07758e+01,-8.83597e+00
-4.864000E-005,-1.07758e+01,-8.83597e+00
-4.861000E-005,-1.07758e+01,-9.03698e+00
-4.858000E-005,-1.07758e+01,-9.03698e+00
-4.855000E-005,-1.07758e+01,-9.03698e+00
-4.852000E-005,-1.07758e+01,-9.03698e+00
-4.849000E-005,-1.07758e+01,-9.03698e+00
-4.846000E-005,-1.11778e+01,-8.83597e+00
-4.843000E-005,-1.07758e+01,-8.83597e+00
-4.840000E-005,-1.07758e+01,-9.03698e+00
-4.837000E-005,-1.07758e+01,-8.83597e+00
-4.834000E-005,-1.07758e+01,-9.03698e+00
-4.831000E-005,-1.03738e+01,-8.83597e+00
-4.828000E-005,-1.07758e+01,-9.03698e+00
-4.825000E-005,-1.07758e+01,-8.83597e+00
-4.822000E-005,-1.07758e+01,-8.83597e+00
-4.819000E-005,-1.03738e+01,-8.83597e+00
-4.816000E-005,-1.07758e+01,-8.83597e+00
-4.813000E-005,-1.07758e+01,-8.83597e+00
-4.810000E-005,-1.07758e+01,-8.83597e+00
-4.807000E-005,-1.07758e+01,-8.83597e+00
-4.804000E-005,-1.03738e+01,-8.83597e+00
-4.801000E-005,-1.07758e+01,-9.03698e+00
-4.798000E-005,-1.07758e+01,-9.03698e+00
-4.795000E-005,-1.07758e+01,-8.83597e+00
-4.792000E-005,-1.07758e+01,-8.83597e+00
-4.789000E-005,-1.07758e+01,-8.83597e+00
-4.786000E-005,-1.07758e+01,-8.83597e+00
-4.783000E-005,-1.07758e+01,-8.83597e+00
-4.780000E-005,-1.03738e+01,-8.83597e+00
-4.777000E-005,-1.11778e+01,-8.83597e+00
-4.774000E-005,-1.07758e+01,-8.83597e+00
-4.771000E-005,-1.03738e+01,-9.03698e+00
-4.768000E-005,-1.03738e+01,-8.83597e+00
-4.765000E-005,-1.07758e+01,-9.03698e+00
-4.762000E-005,-1.07758e+01,-8.63497e+00
-4.759000E-005,-1.07758e+01,-8.83597e+00
-4.756000E-005,-1.07758e+01,-8.83597e+00
-4.753000E-005,-1.07758e+01,-8.83597e+00
-4.750000E-005,-1.07758e+01,-8.83597e+00
-4.747000E-005,-1.07758e+01,-8.83597e+00
-4.744000E-005,-1.07758e+01,-9.03698e+00
-4.741000E-005,-1.07758e+01,-8.83597e+00
-4.738000E-005,-1.07758e+01,-8.63497e+00
-4.735000E-005,-1.07758e+01,-8.83597e+00
-4.732000E-005,-1.07758e+01,-8.83597e+00
-4.729000E-005,-1.07758e+01,-8.83597e+00
-4.726000E-005,-1.03738e+01,-8.83597e+00
-4.723000E-005,-1.03738e+01,-8.83597e+00
-4.720000E-005,-1.07758e+01,-8.83597e+00
-4.717000E-005,-1.07758e+01,-8.83597e+00
-4.714000E-005,-1.07758e+01,-8.83597e+00
-4.711000E-005,-1.07758e+01,-8.83597e+00
-4.708000E-005,-1.03738e+01,-8.83597e+00
-4.705000E-005,-1.07758e+01,-8.83597e+00
-4.702000E-005,-1.07758e+01,-8.83597e+00
-4.699000E-005,-1.03738e+01,-8.83597e+00
-4.696000E-005,-1.03738e+01,-8.83597e+00
-4.693000E-005,-1.07758e+01,-8.63497e+00
-4.690000E-005,-1.03738e+01,-9.03698e+00
-4.687000E-005,-1.07758e+01,-9.03698e+00
-4.684000E-005,-1.07758e+01,-8.83597e+00
-4.681000E-005,-1.03738e+01,-9.03698e+00
-4.678000E-005,-1.07758e+01,-8.83597e+00
-4.675000E-005,-1.07758e+01,-8.83597e+00
-4.672000E-005,-1.07758e+01,-8.83597e+00
-4.669000E-005,-1.07758e+01,-8.83597e+00
-4.666000E-005,-1.11778e+01,-8.83597e+00
-4.663000E-005,-1.07758e+01,-8.83597e+00
-4.660000E-005,-1.07758e+01,-8.83597e+00
-4.657000E-005,-1.07758e+01,-8.83597e+00
-4.654000E-005,-1.07758e+01,-8.83597e+00
-4.651000E-005,-1.07758e+01,-8.63497e+00
-4.648000E-005,-1.07758e+01,-8.83597e+00
-4.645000E-005,-1.07758e+01,-8.83597e+00
-4.642000E-005,-1.07758e+01,-8.83597e+00
-4.639000E-005,-1.03738e+01,-8.83597e+00
-4.636000E-005,-1.03738e+01,-8.83597e+00
-4.633000E-005,-1.07758e+01,-8.83597e+00
-4.630000E-005,-1.07758e+01,-8.83597e+00
-4.627000E-005,-1.07758e+01,-9.03698e+00
-4.624000E-005,-1.03738e+01,-8.83597e+00
-4.621000E-005,-1.07758e+01,-8.83597e+00
-4.618000E-005,-1.03738e+01,-9.03698e+00
-4.615000E-005,-1.07758e+01,-8.83597e+00
-4.612000E-005,-1.07758e+01,-8.83597e+00
-4.609000E-005,-1.07758e+01,-8.83597e+00
-4.606000E-005,-1.03738e+01,-8.83597e+00
-4.603000E-005,-1.07758e+01,-8.83597e+00
-4.600000E-005,-1.07758e+01,-8.83597e+00
-4.597000E-005,-1.11778e+01,-8.83597e+00
-4.594000E-005,-1.07758e+01,-8.83597e+00
-4.591000E-005,-1.07758e+01,-8.83597e+00
-4.588000E-005,-1.07758e+01,-8.83597e+00
-4.585000E-005,-1.03738e+01,-8.83597e+00
-4.582000E-005,-1.07758e+01,-8.83597e+00
-4.579000E-005,-1.07758e+01,-8.83597e+00
-4.576000E-005,-1.03738e+01,-8.63497e+00
-4.573000E-005,-1.07758e+01,-8.83597e+00
-4.570000E-005,-1.07758e+01,-8.83597e+00
-4.567000E-005,-1.07758e+01,-8.83597e+00
-4.564000E-005,-1.07758e+01,-8.83597e+00
-4.561000E-005,-1.07758e+01,-8.83597e+00
-4.558000E-005,-1.07758e+01,-8.83597e+00
-4.555000E-005,-1.03738e+01,-8.83597e+00
-4.552000E-005,-1.07758e+01,-8.83597e+00
-4.549000E-005,-1.03738e+01,-8.83597e+00
-4.546000E-005,-1.07758e+01,-8.83597e+00
-4.543000E-005,-1.07758e+01,-8.83597e+00
-4.540000E-005,-1.11778e+01,-8.83597e+00
-4.537000E-005,-1.03738e+01,-8.83597e+00
-4.534000E-005,-1.03738e+01,-8.83597e+00
-4.531000E-005,-1.03738e+01,-9.03698e+00
-4.528000E-005,-1.03738e+01,-8.83597e+00
-4.525000E-005,-1.03738e+01,-8.83597e+00
-4.522000E-005,-1.07758e+01,-8.63497e+00
-4.519000E-005,-1.07758e+01,-8.83597e+00
-4.516000E-005,-1.03738e+01,-8.83597e+00
-4.513000E-005,-1.07758e+01,-8.83597e+00
-4.510000E-005,-1.07758e+01,-8.83597e+00
-4.507000E-005,-1.07758e+01,-8.83597e+00
-4.504000E-005,-1.07758e+01,-8.83597e+00
-4.501000E-005,-1.07758e+01,-8.83597e+00
-4.498000E-005,-1.07758e+01,-8.83597e+00
-4.495000E-005,-1.07758e+01,-8.83597e+00
-4.492000E-005,-1.07758e+01,-8.63497e+00
-4.489000E-005,-1.07758e+01,-8.83597e+00
-4.486000E-005,-1.03738e+01,-8.83597e+00
-4.483000E-005,-1.03738e+01,-8.63497e+00
-4.480000E-005,-1.07758e+01,-8.63497e+00
-4.477000E-005,-1.07758e+01,-8.83597e+00
-4.474000E-005,-1.07758e+01,-8.83597e+00
-4.471000E-005,-1.03738e+01,-8.83597e+00
-4.468000E-005,-1.07758e+01,-8.83597e+00
-4.465000E-005,-1.07758e+01,-8.83597e+00
-4.462000E-005,-1.03738e+01,-8.63497e+00
-4.459000E-005,-1.07758e+01,-8.83597e+00
-4.456000E-005,-1.11778e+01,-9.03698e+00
-4.453000E-005,-1.07758e+01,-8.83597e+00
-4.450000E-005,-1.03738e+01,-8.63497e+00
-4.447000E-005,-1.07758e+01,-8.83597e+00
-4.444000E-005,-1.07758e+01,-8.83597e+00
-4.441000E-005,-1.07758e+01,-8.83597e+00
-4.438000E-005,-1.07758e+01,-8.83597e+00
-4.435000E-005,-1.07758e+01,-8.83597e+00
-4.432000E-005,-1.03738e+01,-8.83597e+00
-4.429000E-005,-1.03738e+01,-8.83597e+00
-4.426000E-005,-1.03738e+01,-8.83597e+00
-4.423000E-005,-1.07758e+01,-8.63497e+00
-4.420000E-005,-1.03738e+01,-8.63497e+00
-4.417000E-005,-1.07758e+01,-9.03698e+00
-4.414000E-005,-1.07758e+01,-8.83597e+00
-4.411000E-005,-1.03738e+01,-8.83597e+00
-4.408000E-005,-1.07758e+01,-8.83597e+00
-4.405000E-005,-1.07758e+01,-8.83597e+00
-4.402000E-005,-1.07758e+01,-8.63497e+00
-4.399000E-005,-1.03738e+01,-8.83597e+00
-4.396000E-005,-1.07758e+01,-8.83597e+00
-4.393000E-005,-1.07758e+01,-8.83597e+00
-4.390000E-005,-1.03738e+01,-8.63497e+00
-4.387000E-005,-1.07758e+01,-8.83597e+00
-4.384000E-005,-1.07758e+01,-8.83597e+00
-4.381000E-005,-1.03738e+01,-8.83597e+00
-4.378000E-005,-1.03738e+01,-8.83597e+00
-4.375000E-005,-1.03738e+01,-8.63497e+00
-4.372000E-005,-1.07758e+01,-8.83597e+00
-4.369000E-005,-1.07758e+01,-8.63497e+00
-4.366000E-005,-1.07758e+01,-8.63497e+00
-4.363000E-005,-1.07758e+01,-8.83597e+00
-4.360000E-005,-1.07758e+01,-8.63497e+00
-4.357000E-005,-1.07758e+01,-8.83597e+00
-4.354000E-005,-1.03738e+01,-8.83597e+00
-4.351000E-005,-1.03738e+01,-8.83597e+00
-4.348000E-005,-1.03738e+01,-8.83597e+00
-4.345000E-005,-1.03738e+01,-8.83597e+00
-4.342000E-005,-1.03738e+01,-8.83597e+00
-4.339000E-005,-1.03738e+01,-8.63497e+00
-4.336000E-005,-1.07758e+01,-8.83597e+00
-4.333000E-005,-1.07758e+01,-8.83597e+00
-4.330000E-005,-1.03738e+01,-8.63497e+00
-4.327000E-005,-1.07758e+01,-8.63497e+00
-4.324000E-005,-1.03738e+01,-8.63497e+00
-4.321000E-005,-1.07758e+01,-8.63497e+00
-4.318000E-005,-1.07758e+01,-8.83597e+00
-4.315000E-005,-1.07758e+01,-8.63497e+00
-4.312000E-005,-1.03738e+01,-8.63497e+00
-4.309000E-005,-1.07758e+01,-8.83597e+00
-4.306000E-005,-1.03738e+01,-8.63497e+00
-4.303000E-005,-1.03738e+01,-8.83597e+00
-4.300000E-005,-1.07758e+01,-8.83597e+00
-4.297000E-005,-1.07758e+01,-8.83597e+00
-4.294000E-005,-1.07758e+01,-8.63497e+00
-4.291000E-005,-1.03738e+01,-8.63497e+00
-4.288000E-005,-1.03738e+01,-8.83597e+00
-4.285000E-005,-1.03738e+01,-8.63497e+00
-4.282000E-005,-1.07758e+01,-8.83597e+00
-4.279000E-005,-1.03738e+01,-8.63497e+00
-4.276000E-005,-1.07758e+01,-8.83597e+00
-4.273000E-005,-1.07758e+01,-8.63497e+00
-4.270000E-005,-1.07758e+01,-8.63497e+00
-4.267000E-005,-1.03738e+01,-8.63497e+00
-4.264000E-005,-1.03738e+01,-8.63497e+00
-4.261000E-005,-1.03738e+01,-8.83597e+00
-4.258000E-005,-1.03738e+01,-8.83597e+00
-4.255000E-005,-1.03738e+01,-8.63497e+00
-4.252000E-005,-1.07758e+01,-8.83597e+00
-4.249000E-005,-1.07758e+01,-8.63497e+00
-4.246000E-005,-1.07758e+01,-8.83597e+00
-4.243000E-005,-1.07758e+01,-8.63497e+00
-4.240000E-005,-1.07758e+01,-8.83597e+00
-4.237000E-005,-1.03738e+01,-8.83597e+00
-4.234000E-005,-1.07758e+01,-8.63497e+00
-4.231000E-005,-1.07758e+01,-8.63497e+00
-4.228000E-005,-1.03738e+01,-8.63497e+00
-4.225000E-005,-1.03738e+01,-8.83597e+00
-4.222000E-005,-1.03738e+01,-8.63497e+00
-4.219000E-005,-1.03738e+01,-8.83597e+00
-4.216000E-005,-1.03738e+01,-8.63497e+00
-4.213000E-005,-1.07758e+01,-8.63497e+00
-4.210000E-005,-1.03738e+01,-8.63497e+00
-4.207000E-005,-1.03738e+01,-8.83597e+00
-4.204000E-005,-1.03738e+01,-8.63497e+00
-4.201000E-005,-1.07758e+01,-8.63497e+00
-4.198000E-005,-1.07758e+01,-8.63497e+00
-4.195000E-005,-1.07758e+01,-8.63497e+00
-4.192000E-005,-1.07758e+01,-8.63497e+00
-4.189000E-005,-1.07758e+01,-8.83597e+00
-4.186000E-005,-1.03738e+01,-8.63497e+00
-4.183000E-005,-1.03738e+01,-8.63497e+00
-4.180000E-005,-1.03738e+01,-8.63497e+00
-4.177000E-005,-1.03738e+01,-8.83597e+00
-4.174000E-005,-1.07758e+01,-8.63497e+00
-4.171000E-005,-1.07758e+01,-8.63497e+00
-4.168000E-005,-1.07758e+01,-8.83597e+00
-4.165000E-005,-1.03738e+01,-8.83597e+00
-4.162000E-005,-1.03738e+01,-8.63497e+00
-4.159000E-005,-1.03738e+01,-8.83597e+00
-4.156000E-005,-1.07758e+01,-8.63497e+00
-4.153000E-005,-1.03738e+01,-8.63497e+00
-4.150000E-005,-1.03738e+01,-8.63497e+00
-4.147000E-005,-1.03738e+01,-8.83597e+00
-4.144000E-005,-1.07758e+01,-8.63497e+00
-4.141000E-005,-1.07758e+01,-8.63497e+00
-4.138000E-005,-1.03738e+01,-8.63497e+00
-4.135000E-005,-1.03738e+01,-8.63497e+00
-4.132000E-005,-1.07758e+01,-8.63497e+00
-4.129000E-005,-1.07758e+01,-8.63497e+00
-4.126000E-005,-1.07758e+01,-8.63497e+00
-4.123000E-005,-1.03738e+01,-8.63497e+00
-4.120000E-005,-1.07758e+01,-8.63497e+00
-4.117000E-005,-1.07758e+01,-8.83597e+00
-4.114000E-005,-1.03738e+01,-8.63497e+00
-4.111000E-005,-1.03738e+01,-8.63497e+00
-4.108000E-005,-1.03738e+01,-8.83597e+00
-4.105000E-005,-1.03738e+01,-8.83597e+00
-4.102000E-005,-1.03738e+01,-8.63497e+00
-4.099000E-005,-1.03738e+01,-8.63497e+00
-4.096000E-005,-1.03738e+01,-8.83597e+00
-4.093000E-005,-1.03738e+01,-8.63497e+00
-4.090000E-005,-1.07758e+01,-8.63497e+00
-4.087000E-005,-1.03738e+01,-8.63497e+00
-4.084000E-005,-1.03738e+01,-8.63497e+00
-4.081000E-005,-9.97176e+00,-8.83597e+00
-4.078000E-005,-1.03738e+01,-8.63497e+00
-4.075000E-005,-1.03738e+01,-8.63497e+00
-4.072000E-005,-1.07758e+01,-8.63497e+00
-4.069000E-005,-1.03738e+01,-8.63497e+00
-4.066000E-005,-1.07758e+01,-8.63497e+00
-4.063000E-005,-1.07758e+01,-8.63497e+00
-4.060000E-005,-1.03738e+01,-8.63497e+00
-4.057000E-005,-9.97176e+00,-8.63497e+00
-4.054000E-005,-1.03738e+01,-8.63497e+00
-4.051000E-005,-1.03738e+01,-8.83597e+00
-4.048000E-005,-1.07758e+01,-8.63497e+00
-4.045000E-005,-1.07758e+01,-8.63497e+00
-4.042000E-005,-1.07758e+01,-8.63497e+00
-4.039000E-005,-1.03738e+01,-8.63497e+00
-4.036000E-005,-1.03738e+01,-8.63497e+00
-4.033000E-005,-1.07758e+01,-8.63497e+00
-4.030000E-005,-1.07758e+01,-8.63497e+00
-4.027000E-005,-1.03738e+01,-8.63497e+00
-4.024000E-005,-1.03738e+01,-8.63497e+00
-4.021000E-005,-1.07758e+01,-8.43396e+00
-4.018000E-005,-9.97176e+00,-8.83597e+00
-4.015000E-005,-1.03738e+01,-8.63497e+00
-4.012000E-005,-1.03738e+01,-8.63497e+00
-4.009000E-005,-1.03738e+01,-8.63497e+00
-4.006000E-005,-1.03738e+01,-8.63497e+00
-4.003000E-005,-1.03738e+01,-8.63497e+00
-4.000000E-005,-1.07758e+01,-8.63497e+00
-3.997000E-005,-1.07758e+01,-8.43396e+00
-3.994000E-005,-1.07758e+01,-8.83597e+00
-3.991000E-005,-1.03738e+01,-8.43396e+00
-3.988000E-005,-1.03738e+01,-8.83597e+00
-3.985000E-005,-1.07758e+01,-8.63497e+00
-3.982000E-005,-1.07758e+01,-8.63497e+00
-3.979000E-005,-1.07758e+01,-8.63497e+00
-3.976000E-005,-1.03738e+01,-8.63497e+00
-3.973000E-005,-1.03738e+01,-8.83597e+00
-3.970000E-005,-1.07758e+01,-8.63497e+00
-3.967000E-005,-1.03738e+01,-8.63497e+00
-3.964000E-005,-1.03738e+01,-8.63497e+00
-3.961000E-005,-1.03738e+01,-8.63497e+00
-3.958000E-005,-1.07758e+01,-8.43396e+00
-3.955000E-005,-1.03738e+01,-8.43396e+00
-3.952000E-005,-1.03738e+01,-8.63497e+00
-3.949000E-005,-1.07758e+01,-8.63497e+00
-3.946000E-005,-1.03738e+01,-8.63497e+00
-3.943000E-005,-1.07758e+01,-8.63497e+00
-3.940000E-005,-1.03738e+01,-8.63497e+00
-3.937000E-005,-1.03738e+01,-8.63497e+00
-3.934000E-005,-1.03738e+01,-8.63497e+00
-3.931000E-005,-9.97176e+00,-8.63497e+00
-3.928000E-005,-1.03738e+01,-8.63497e+00
-3.925000E-005,-1.03738e+01,-8.63497e+00
-3.922000E-005,-1.03738e+01,-8.43396e+00
-3.919000E-005,-1.07758e+01,-8.63497e+00
-3.916000E-005,-1.03738e+01,-8.63497e+00
-3.913000E-005,-1.03738e+01,-8.63497e+00
-3.910000E-005,-1.07758e+01,-8.63497e+00
-3.907000E-005,-1.07758e+01,-8.63497e+00
-3.904000E-005,-1.03738e+01,-8.63497e+00
-3.901000E-005,-1.03738e+01,-8.63497e+00
-3.898000E-005,-1.07758e+01,-8.43396e+00
-3.895000E-005,-1.03738e+01,-8.63497e+00
-3.892000E-005,-9.97176e+00,-8.63497e+00
-3.889000E-005,-1.07758e+01,-8.63497e+00
-3.886000E-005,-1.07758e+01,-8.63497e+00
-3.883000E-005,-1.07758e+01,-8.43396e+00
-3.880000E-005,-1.03738e+01,-8.63497e+00
-3.877000E-005,-9.97176e+00,-8.83597e+00
-3.874000E-005,-1.03738e+01,-8.43396e+00
-3.871000E-005,-1.07758e+01,-8.63497e+00
-3.868000E-005,-1.03738e+01,-8.63497e+00
-3.865000E-005,-1.03738e+01,-8.43396e+00
-3.862000E-005,-1.03738e+01,-8.63497e+00
-3.859000E-005,-1.07758e+01,-8.63497e+00
-3.856000E-005,-1.03738e+01,-8.63497e+00
-3.853000E-005,-1.03738e+01,-8.63497e+00
-3.850000E-005,-1.03738e+01,-8.63497e+00
-3.847000E-005,-1.03738e+01,-8.43396e+00
-3.844000E-005,-1.03738e+01,-8.43396e+00
-3.841000E-005,-9.97176e+00,-8.43396e+00
-3.838000E-005,-1.07758e+01,-8.43396e+00
-3.835000E-005,-1.03738e+01,-8.43396e+00
-3.832000E-005,-1.03738e+01,-8.43396e+00
-3.829000E-005,-1.03738e+01,-8.83597e+00
-3.826000E-005,-1.03738e+01,-8.63497e+00
-3.823000E-005,-1.03738e+01,-8.63497e+00
-3.820000E-005,-1.03738e+01,-8.63497e+00
-3.817000E-005,-1.03738e+01,-8.63497e+00
-3.814000E-005,-1.07758e+01,-8.63497e+00
-3.811000E-005,-1.03738e+01,-8.63497e+00
-3.808000E-005,-1.03738e+01,-8.43396e+00
-3.805000E-005,-1.07758e+01,-8.63497e+00
-3.802000E-005,-1.03738e+01,-8.43396e+00
-3.799000E-005,-1.03738e+01,-8.63497e+00
-3.796000E-005,-1.03738e+01,-8.43396e+00
-3.793000E-005,-1.03738e+01,-8.43396e+00
-3.790000E-005,-1.03738e+01,-8.63497e+00
-3.787000E-005,-1.07758e+01,-8.63497e+00
-3.784000E-005,-1.07758e+01,-8.43396e+00
-3.781000E-005,-1.03738e+01,-8.43396e+00
-3.778000E-005,-1.07758e+01,-8.63497e+00
-3.775000E-005,-1.03738e+01,-8.63497e+00
-3.772000E-005,-9.97176e+00,-8.63497e+00
-3.769000E-005,-1.03738e+01,-8.63497e+00
-3.766000E-005,-1.03738e+01,-8.63497e+00
-3.763000E-005,-1.03738e+01,-8.43396e+00
-3.760000E-005,-1.03738e+01,-8.63497e+00
-3.757000E-005,-1.07758e+01,-8.63497e+00
-3.754000E-005,-1.03738e+01,-8.63497e+00
-3.751000E-005,-1.03738e+01,-8.63497e+00
-3.748000E-005,-1.03738e+01,-8.43396e+00
-3.745000E-005,-1.03738e+01,-8.43396e+00
-3.742000E-005,-9.97176e+00,-8.63497e+00
-3.739000E-005,-1.03738e+01,-8.63497e+00
-3.736000E-005,-1.03738e+01,-8.43396e+00
-3.733000E-005,-1.03738e+01,-8.43396e+00
-3.730000E-005,-9.97176e+00,-8.43396e+00
-3.727000E-005,-1.03738e+01,-8.43396e+00
-3.724000E-005,-9.97176e+00,-8.43396e+00
-3.721000E-005,-1.07758e+01,-8.43396e+00
-3.718000E-005,-1.03738e+01,-8.43396e+00
-3.715000E-005,-1.03738e+01,-8.63497e+00
-3.712000E-005,-1.03738e+01,-8.43396e+00
-3.709000E-005,-1.03738e+01,-8.63497e+00
-3.706000E-005,-1.03738e+01,-8.63497e+00
-3.703000E-005,-1.03738e+01,-8.43396e+00
-3.700000E-005,-1.03738e+01,-8.63497e+00
-3.697000E-005,-1.03738e+01,-8.63497e+00
-3.694000E-005,-1.03738e+01,-8.43396e+00
-3.691000E-005,-1.03738e+01,-8.63497e+00
-3.688000E-005,-9.97176e+00,-8.43396e+00
-3.685000E-005,-1.07758e+01,-8.63497e+00
-3.682000E-005,-1.03738e+01,-8.43396e+00
-3.679000E-005,-9.97176e+00,-8.43396e+00
-3.676000E-005,-1.03738e+01,-8.43396e+00
-3.673000E-005,-1.03738e+01,-8.63497e+00
-3.670000E-005,-1.03738e+01,-8.63497e+00
-3.667000E-005,-1.07758e+01,-8.43396e+00
-3.664000E-005,-1.03738e+01,-8.43396e+00
-3.661000E-005,-1.03738e+01,-8.43396e+00
-3.658000E-005,-1.03738e+01,-8.63497e+00
-3.655000E-005,-1.03738e+01,-8.63497e+00
-3.652000E-005,-1.03738e+01,-8.43396e+00
-3.649000E-005,-1.03738e+01,-8.43396e+00
-3.646000E-005,-1.03738e+01,-8.63497e+00
-3.643000E-005,-1.07758e+01,-8.63497e+00
-3.640000E-005,-1.07758e+01,-8.43396e+00
-3.637000E-005,-1.03738e+01,-8.43396e+00
-3.634000E-005,-1.03738e+01,-8.63497e+00
-3.631000E-005,-1.03738e+01,-8.43396e+00
-3.628000E-005,-1.07758e+01,-8.63497e+00
-3.625000E-005,-1.03738e+01,-8.43396e+00
-3.622000E-005,-1.03738e+01,-8.43396e+00
-3.619000E-005,-1.03738e+01,-8.43396e+00
-3.616000E-005,-1.07758e+01,-8.43396e+00
-3.613000E-005,-9.97176e+00,-8.43396e+00
-3.610000E-005,-1.03738e+01,-8.43396e+00
-3.607000E-005,-1.03738e+01,-8.43396e+00
-3.604000E-005,-1.03738e+01,-8.43396e+00
-3.601000E-005,-1.03738e+01,-8.23296e+00
-3.598000E-005,-1.03738e+01,-8.43396e+00
-3.595000E-005,-1.07758e+01,-8.63497e+00
-3.592000E-005,-1.03738e+01,-8.43396e+00
-3.589000E-005,-1.03738e+01,-8.43396e+00
-3.586000E-005,-1.07758e+01,-8.63497e+00
-3.583000E-005,-1.03738e+01,-8.43396e+00
-3.580000E-005,-9.97176e+00,-8.43396e+00
-3.577000E-005,-1.03738e+01,-8.43396e+00
-3.574000E-005,-1.03738e+01,-8.43396e+00
-3.571000E-005,-1.03738e+01,-8.63497e+00
-3.568000E-005,-9.97176e+00,-8.43396e+00
-3.565000E-005,-1.07758e+01,-8.63497e+00
-3.562000E-005,-1.03738e+01,-8.63497e+00
-3.559000E-005,-1.03738e+01,-8.63497e+00
-3.556000E-005,-1.03738e+01,-8.43396e+00
-3.553000E-005,-1.03738e+01,-8.23296e+00
-3.550000E-005,-1.03738e+01,-8.43396e+00
-3.547000E-005,-1.03738e+01,-8.63497e+00
-3.544000E-005,-1.07758e+01,-8.43396e+00
-3.541000E-005,-1.07758e+01,-8.43396e+00
-3.538000E-005,-1.03738e+01,-8.43396e+00
-3.535000E-005,-1.03738e+01,-8.43396e+00
-3.532000E-005,-1.03738e+01,-8.43396e+00
-3.529000E-005,-1.03738e+01,-8.63497e+00
-3.526000E-005,-1.03738e+01,-8.63497e+00
-3.523000E-005,-9.97176e+00,-8.43396e+00
-3.520000E-005,-1.03738e+01,-8.63497e+00
-3.517000E-005,-1.07758e+01,-8.63497e+00
-3.514000E-005,-9.97176e+00,-8.43396e+00
-3.511000E-005,-1.03738e+01,-8.43396e+00
-3.508000E-005,-1.03738e+01,-8.43396e+00
-3.505000E-005,-1.03738e+01,-8.43396e+00
-3.502000E-005,-1.03738e+01,-8.43396e+00
-3.499000E-005,-1.03738e+01,-8.43396e+00
-3.496000E-005,-1.03738e+01,-8.43396e+00
-3.493000E-005,-9.97176e+00,-8.23296e+00
-3.490000E-005,-1.03738e+01,-8.63497e+00
-3.487000E-005,-9.97176e+00,-8.43396e+00
-3.484000E-005,-1.03738e+01,-8.43396e+00
-3.481000E-005,-1.03738e+01,-8.43396e+00
-3.478000E-005,-1.03738e+01,-8.43396e+00
-3.475000E-005,-1.07758e+01,-8.43396e+00
-3.472000E-005,-1.07758e+01,-8.43396e+00
-3.469000E-005,-1.03738e+01,-8.43396e+00
-3.466000E-005,-1.03738e+01,-8.43396e+00
-3.463000E-005,-1.03738e+01,-8.43396e+00
-3.460000E-005,-1.03738e+01,-8.43396e+00
-3.457000E-005,-1.03738e+01,-8.43396e+00
-3.454000E-005,-1.03738e+01,-8.43396e+00
-3.451000E-005,-1.03738e+01,-8.43396e+00
-3.448000E-005,-1.03738e+01,-8.43396e+00
-3.445000E-005,-1.03738e+01,-8.43396e+00
-3.442000E-005,-1.03738e+01,-8.43396e+00
-3.439000E-005,-1.03738e+01,-8.43396e+00
-3.436000E-005,-1.03738e+01,-8.43396e+00
-3.433000E-005,-1.03738e+01,-8.43396e+00
-3.430000E-005,-9.97176e+00,-8.43396e+00
-3.427000E-005,-9.97176e+00,-8.23296e+00
-3.424000E-005,-1.03738e+01,-8.43396e+00
-3.421000E-005,-1.03738e+01,-8.23296e+00
-3.418000E-005,-9.97176e+00,-8.43396e+00
-3.415000E-005,-1.03738e+01,-8.43396e+00
-3.412000E-005,-1.03738e+01,-8.43396e+00
-3.409000E-005,-1.03738e+01,-8.43396e+00
-3.406000E-005,-9.97176e+00,-8.43396e+00
-3.403000E-005,-9.97176e+00,-8.43396e+00
-3.400000E-005,-1.03738e+01,-8.43396e+00
-3.397000E-005,-1.07758e+01,-8.43396e+00
-3.394000E-005,-9.97176e+00,-8.43396e+00
-3.391000E-005,-9.97176e+00,-8.23296e+00
-3.388000E-005,-9.97176e+00,-8.43396e+00
-3.385000E-005,-1.03738e+01,-8.63497e+00
-3.382000E-005,-9.97176e+00,-8.43396e+00
-3.379000E-005,-1.03738e+01,-8.43396e+00
-3.376000E-005,-9.97176e+00,-8.43396e+00
-3.373000E-005,-1.03738e+01,-8.43396e+00
-3.370000E-005,-1.03738e+01,-8.23296e+00
-3.367000E-005,-9.97176e+00,-8.43396e+00
-3.364000E-005,-9.97176e+00,-8.43396e+00
-3.361000E-005,-1.03738e+01,-8.43396e+00
-3.358000E-005,-9.97176e+00,-8.43396e+00
-3.355000E-005,-9.97176e+00,-8.43396e+00
-3.352000E-005,-1.03738e+01,-8.43396e+00
-3.349000E-005,-9.97176e+00,-8.43396e+00
-3.346000E-005,-9.97176e+00,-8.43396e+00
-3.343000E-005,-1.03738e+01,-8.43396e+00
-3.340000E-005,-1.03738e+01,-8.43396e+00
-3.337000E-005,-1.03738e+01,-8.23296e+00
-3.334000E-005,-1.03738e+01,-8.43396e+00
-3.331000E-005,-1.03738e+01,-8.23296e+00
-3.328000E-005,-1.03738e+01,-8.43396e+00
-3.325000E-005,-1.03738e+01,-8.23296e+00
-3.322000E-005,-1.03738e+01,-8.23296e+00
-3.319000E-005,-1.03738e+01,-8.23296e+00
-3.316000E-005,-9.97176e+00,-8.23296e+00
-3.313000E-005,-9.97176e+00,-8.43396e+00
-3.310000E-005,-1.03738e+01,-8.23296e+00
-3.307000E-005,-1.03738e+01,-8.43396e+00
-3.304000E-005,-9.97176e+00,-8.23296e+00
-3.301000E-005,-9.97176e+00,-8.23296e+00
-3.298000E-005,-1.03738e+01,-8.23296e+00
-3.295000E-005,-1.03738e+01,-8.23296e+00
-3.292000E-005,-1.03738e+01,-8.23296e+00
-3.289000E-005,-1.03738e+01,-8.43396e+00
-3.286000E-005,-1.03738e+01,-8.43396e+00
-3.283000E-005,-9.97176e+00,-8.23296e+00
-3.280000E-005,-9.97176e+00,-8.43396e+00
-3.277000E-005,-9.97176e+00,-8.23296e+00
-3.274000E-005,-9.97176e+00,-8.43396e+00
-3.271000E-005,-1.03738e+01,-8.23296e+00
-3.268000E-005,-1.03738e+01,-8.43396e+00
-3.265000E-005,-9.97176e+00,-8.43396e+00
-3.262000E-005,-9.97176e+00,-8.43396e+00
-3.259000E-005,-1.03738e+01,-8.23296e+00
-3.256000E-005,-9.97176e+00,-8.43396e+00
-3.253000E-005,-1.03738e+01,-8.23296e+00
-3.250000E-005,-1.03738e+01,-8.43396e+00
-3.247000E-005,-1.03738e+01,-8.43396e+00
-3.244000E-005,-9.97176e+00,-8.23296e+00
-3.241000E-005,-9.97176e+00,-8.23296e+00
-3.238000E-005,-1.03738e+01,-8.23296e+00
-3.235000E-005,-1.03738e+01,-8.23296e+00
-3.232000E-005,-9.97176e+00,-8.43396e+00
-3.229000E-005,-1.03738e+01,-8.23296e+00
-3.226000E-005,-9.97176e+00,-8.23296e+00
-3.223000E-005,-9.97176e+00,-8.43396e+00
-3.220000E-005,-9.97176e+00,-8.43396e+00
-3.217000E-005,-9.97176e+00,-8.23296e+00
-3.214000E-005,-1.03738e+01,-8.23296e+00
-3.211000E-005,-1.03738e+01,-8.43396e+00
-3.208000E-005,-1.03738e+01,-8.43396e+00
-3.205000E-005,-1.03738e+01,-8.23296e+00
-3.202000E-005,-1.03738e+01,-8.43396e+00
-3.199000E-005,-9.97176e+00,-8.23296e+00
-3.196000E-005,-9.97176e+00,-8.23296e+00
-3.193000E-005,-9.97176e+00,-8.23296e+00
-3.190000E-005,-1.03738e+01,-8.23296e+00
-3.187000E-005,-9.97176e+00,-8.43396e+00
-3.184000E-005,-1.03738e+01,-8.23296e+00
-3.181000E-005,-9.97176e+00,-8.43396e+00
-3.178000E-005,-1.03738e+01,-8.23296e+00
-3.175000E-005,-9.97176e+00,-8.23296e+00
-3.172000E-005,-9.97176e+00,-8.23296e+00
-3.169000E-005,-9.97176e+00,-8.03195e+00
-3.166000E-005,-9.97176e+00,-8.23296e+00
-3.163000E-005,-9.97176e+00,-8.23296e+00
-3.160000E-005,-9.97176e+00,-8.23296e+00
-3.157000E-005,-9.97176e+00,-8.23296e+00
-3.154000E-005,-9.97176e+00,-8.23296e+00
-3.151000E-005,-1.03738e+01,-8.23296e+00
-3.148000E-005,-9.97176e+00,-8.23296e+00
-3.145000E-005,-1.03738e+01,-8.23296e+00
-3.142000E-005,-1.07758e+01,-8.03195e+00
-3.139000E-005,-1.03738e+01,-8.43396e+00
-3.136000E-005,-9.97176e+00,-8.23296e+00
-3.133000E-005,-9.97176e+00,-8.23296e+00
-3.130000E-005,-9.97176e+00,-8.23296e+00
-3.127000E-005,-9.97176e+00,-8.23296e+00
-3.124000E-005,-1.03738e+01,-8.23296e+00
-3.121000E-005,-9.97176e+00,-8.03195e+00
-3.118000E-005,-9.97176e+00,-8.23296e+00
-3.115000E-005,-9.97176e+00,-8.23296e+00
-3.112000E-005,-9.97176e+00,-8.23296e+00
-3.109000E-005,-9.97176e+00,-8.23296e+00
-3.106000E-005,-9.97176e+00,-8.23296e+00
-3.103000E-005,-9.97176e+00,-8.23296e+00
-3.100000E-005,-1.03738e+01,-8.23296e+00
-3.097000E-005,-9.97176e+00,-8.43396e+00
-3.094000E-005,-9.97176e+00,-8.23296e+00
-3.091000E-005,-9.97176e+00,-8.23296e+00
-3.088000E-005,-9.97176e+00,-8.23296e+00
-3.085000E-005,-9.97176e+00,-8.23296e+00
-3.082000E-005,-9.97176e+00,-8.03195e+00
-3.079000E-005,-9.97176e+00,-8.23296e+00
-3.076000E-005,-9.97176e+00,-8.23296e+00
-3.073000E-005,-9.97176e+00,-8.23296e+00
-3.070000E-005,-9.97176e+00,-8.23296e+00
-3.067000E-005,-1.03738e+01,-8.03195e+00
-3.064000E-005,-1.03738e+01,-8.03195e+00
-3.061000E-005,-9.97176e+00,-8.23296e+00
-3.058000E-005,-1.03738e+01,-8.03195e+00
-3.055000E-005,-1.03738e+01,-8.23296e+00
-3.052000E-005,-9.97176e+00,-8.23296e+00
-3.049000E-005,-9.97176e+00,-8.23296e+00
-3.046000E-005,-9.97176e+00,-8.03195e+00
-3.043000E-005,-9.97176e+00,-8.23296e+00
-3.040000E-005,-1.03738e+01,-8.23296e+00
-3.037000E-005,-1.03738e+01,-8.23296e+00
-3.034000E-005,-1.03738e+01,-8.23296e+00
-3.031000E-005,-9.97176e+00,-8.23296e+00
-3.028000E-005,-9.97176e+00,-8.23296e+00
-3.025000E-005,-9.97176e+00,-8.23296e+00
-3.022000E-005,-9.97176e+00,-8.23296e+00
-3.019000E-005,-9.97176e+00,-8.23296e+00
-3.016000E-005,-9.97176e+00,-8.03195e+00
-3.013000E-005,-1.03738e+01,-8.23296e+00
-3.010000E-005,-1.03738e+01,-8.23296e+00
-3.007000E-005,-9.56975e+00,-8.23296e+00
-3.004000E-005,-9.97176e+00,-8.23296e+00
-3.001000E-005,-9.97176e+00,-8.23296e+00
-2.998000E-005,-9.97176e+00,-8.03195e+00
-2.995000E-005,-9.97176e+00,-8.23296e+00
-2.992000E-005,-9.97176e+00,-8.23296e+00
-2.989000E-005,-9.97176e+00,-8.23296e+00
-2.986000E-005,-9.97176e+00,-8.03195e+00
-2.983000E-005,-9.97176e+00,-8.23296e+00
-2.980000E-005,-9.97176e+00,-8.23296e+00
-2.977000E-005,-9.97176e+00,-8.23296e+00
-2.974000E-005,-9.97176e+00,-8.23296e+00
-2.971000E-005,-1.03738e+01,-8.03195e+00
-2.968000E-005,-9.97176e+00,-8.23296e+00
-2.965000E-005,-9.97176e+00,-8.23296e+00
-2.962000E-005,-9.97176e+00,-8.03195e+00
-2.959000E-005,-9.97176e+00,-8.23296e+00
-2.956000E-005,-9.97176e+00,-8.03195e+00
-2.953000E-005,-9.97176e+00,-8.03195e+00
-2.950000E-005,-9.97176e+00,-8.23296e+00
-2.947000E-005,-9.56975e+00,-8.03195e+00
-2.944000E-005,-9.97176e+00,-8.23296e+00
-2.941000E-005,-9.97176e+00,-8.03195e+00
-2.938000E-005,-9.97176e+00,-8.23296e+00
-2.935000E-005,-9.97176e+00,-8.03195e+00
-2.932000E-005,-9.97176e+00,-8.03195e+00
-2.929000E-005,-9.97176e+00,-8.03195e+00
-2.926000E-005,-9.97176e+00,-8.03195e+00
-2.923000E-005,-9.97176e+00,-8.23296e+00
-2.920000E-005,-9.97176e+00,-8.03195e+00
-2.917000E-005,-9.97176e+00,-8.03195e+00
-2.914000E-005,-1.03738e+01,-8.03195e+00
-2.911000E-005,-9.97176e+00,-8.23296e+00
-2.908000E-005,-9.97176e+00,-8.03195e+00
-2.905000E-005,-9.56975e+00,-8.23296e+00
-2.902000E-005,-9.97176e+00,-8.03195e+00
-2.899000E-005,-9.97176e+00,-8.03195e+00
-2.896000E-005,-9.97176e+00,-7.83095e+00
-2.893000E-005,-9.97176e+00,-8.03195e+00
-2.890000E-005,-9.97176e+00,-8.23296e+00
-2.887000E-005,-9.97176e+00,-8.03195e+00
-2.884000E-005,-9.97176e+00,-8.03195e+00
-2.881000E-005,-9.97176e+00,-8.03195e+00
-2.878000E-005,-9.97176e+00,-8.03195e+00
-2.875000E-005,-9.97176e+00,-8.03195e+00
-2.872000E-005,-9.97176e+00,-8.03195e+00
-2.869000E-005,-9.97176e+00,-8.03195e+00
-2.866000E-005,-9.56975e+00,-8.03195e+00
-2.863000E-005,-9.97176e+00,-8.03195e+00
-2.860000E-005,-9.56975e+00,-8.03195e+00
-2.857000E-005,-9.97176e+00,-8.03195e+00
-2.854000E-005,-1.03738e+01,-8.03195e+00
-2.851000E-005,-9.97176e+00,-8.03195e+00
-2.848000E-005,-9.97176e+00,-8.03195e+00
-2.845000E-005,-9.97176e+00,-8.03195e+00
-2.842000E-005,-9.97176e+00,-7.83095e+00
-2.839000E-005,-9.97176e+00,-8.03195e+00
-2.836000E-005,-9.97176e+00,-8.03195e+00
-2.833000E-005,-9.97176e+00,-8.03195e+00
-2.830000E-005,-9.97176e+00,-8.03195e+00
-2.827000E-005,-9.56975e+00,-8.03195e+00
-2.824000E-005,-9.56975e+00,-8.03195e+00
-2.821000E-005,-9.56975e+00,-8.03195e+00
-2.818000E-005,-9.97176e+00,-7.83095e+00
-2.815000E-005,-9.97176e+00,-8.03195e+00
-2.812000E-005,-9.97176e+00,-8.03195e+00
-2.809000E-005,-9.97176e+00,-8.03195e+00
-2.806000E-005,-9.56975e+00,-8.03195e+00
-2.803000E-005,-9.97176e+00,-8.03195e+00
-2.800000E-005,-9.97176e+00,-7.83095e+00
-2.797000E-005,-9.56975e+00,-7.83095e+00
-2.794000E-005,-9.97176e+00,-8.03195e+00
-2.791000E-005,-9.97176e+00,-7.83095e+00
-2.788000E-005,-9.97176e+00,-8.03195e+00
-2.785000E-005,-9.56975e+00,-8.03195e+00
-2.782000E-005,-9.97176e+00,-8.03195e+00
-2.779000E-005,-9.56975e+00,-7.83095e+00
-2.776000E-005,-9.56975e+00,-8.03195e+00
-2.773000E-005,-9.97176e+00,-8.03195e+00
-2.770000E-005,-9.56975e+00,-7.83095e+00
-2.767000E-005,-9.97176e+00,-8.03195e+00
-2.764000E-005,-9.97176e+00,-8.03195e+00
-2.761000E-005,-9.56975e+00,-8.23296e+00
-2.758000E-005,-9.56975e+00,-8.03195e+00
-2.755000E-005,-9.56975e+00,-8.03195e+00
-2.752000E-005,-9.56975e+00,-7.83095e+00
-2.749000E-005,-9.97176e+00,-7.83095e+00
-2.746000E-005,-9.97176e+00,-8.03195e+00
-2.743000E-005,-9.97176e+00,-8.03195e+00
-2.740000E-005,-9.97176e+00,-8.03195e+00
-2.737000E-005,-9.56975e+00,-7.83095e+00
-2.734000E-005,-9.56975e+00,-8.03195e+00
-2.731000E-005,-9.97176e+00,-8.23296e+00
-2.728000E-005,-9.56975e+00,-8.03195e+00
-2.725000E-005,-9.97176e+00,-8.03195e+00
-2.722000E-005,-9.97176e+00,-7.83095e+00
-2.719000E-005,-9.97176e+00,-8.03195e+00
-2.716000E-005,-9.97176e+00,-7.83095e+00
-2.713000E-005,-9.97176e+00,-8.03195e+00
-2.710000E-005,-9.56975e+00,-8.03195e+00
-2.707000E-005,-9.97176e+00,-7.83095e+00
-2.704000E-005,-9.56975e+00,-7.83095e+00
-2.701000E-005,-9.97176e+00,-8.03195e+00
-2.698000E-005,-9.97176e+00,-7.83095e+00
-2.695000E-005,-9.97176e+00,-7.83095e+00
-2.692000E-005,-9.97176e+00,-7.83095e+00
-2.689000E-005,-9.56975e+00,-8.03195e+00
-2.686000E-005,-9.97176e+00,-7.83095e+00
-2.683000E-005,-9.56975e+00,-7.83095e+00
-2.680000E-005,-9.97176e+00,-8.03195e+00
-2.677000E-005,-9.56975e+00,-7.83095e+00
-2.674000E-005,-9.97176e+00,-8.03195e+00
-2.671000E-005,-9.56975e+00,-7.83095e+00
-2.668000E-005,-9.56975e+00,-7.83095e+00
-2.665000E-005,-9.97176e+00,-7.83095e+00
-2.662000E-005,-9.97176e+00,-8.03195e+00
-2.659000E-005,-9.97176e+00,-7.83095e+00
-2.656000E-005,-9.56975e+00,-7.83095e+00
-2.653000E-005,-9.97176e+00,-8.03195e+00
-2.650000E-005,-9.56975e+00,-8.03195e+00
-2.647000E-005,-9.56975e+00,-7.83095e+00
-2.644000E-005,-9.56975e+00,-7.83095e+00
-2.641000E-005,-9.97176e+00,-7.83095e+00
-2.638000E-005,-9.56975e+00,-7.83095e+00
-2.635000E-005,-9.97176e+00,-7.83095e+00
-2.632000E-005,-9.56975e+00,-7.83095e+00
-2.629000E-005,-9.97176e+00,-7.83095e+00
-2.626000E-005,-9.97176e+00,-7.83095e+00
-2.623000E-005,-9.97176e+00,-7.83095e+00
-2.620000E-005,-9.56975e+00,-8.03195e+00
-2.617000E-005,-9.56975e+00,-7.83095e+00
-2.614000E-005,-9.56975e+00,-7.83095e+00
-2.611000E-005,-9.97176e+00,-7.83095e+00
-2.608000E-005,-9.56975e+00,-7.83095e+00
-2.605000E-005,-9.97176e+00,-8.03195e+00
-2.602000E-005,-9.56975e+00,-7.83095e+00
-2.599000E-005,-9.56975e+00,-7.83095e+00
-2.596000E-005,-9.56975e+00,-7.83095e+00
-2.593000E-005,-9.56975e+00,-7.83095e+00
-2.590000E-005,-9.97176e+00,-8.03195e+00
-2.587000E-005,-9.97176e+00,-8.03195e+00
-2.584000E-005,-9.56975e+00,-7.83095e+00
-2.581000E-005,-9.97176e+00,-7.83095e+00
-2.578000E-005,-9.56975e+00,-8.03195e+00
-2.575000E-005,-9.56975e+00,-7.83095e+00
-2.572000E-005,-9.56975e+00,-7.83095e+00
-2.569000E-005,-9.56975e+00,-7.83095e+00
-2.566000E-005,-9.97176e+00,-7.83095e+00
-2.563000E-005,-9.56975e+00,-7.62994e+00
-2.560000E-005,-9.56975e+00,-7.83095e+00
-2.557000E-005,-9.56975e+00,-7.83095e+00
-2.554000E-005,-9.56975e+00,-7.83095e+00
-2.551000E-005,-9.56975e+00,-7.83095e+00
-2.548000E-005,-9.56975e+00,-7.83095e+00
-2.545000E-005,-9.56975e+00,-7.83095e+00
-2.542000E-005,-9.56975e+00,-7.83095e+00
-2.539000E-005,-9.56975e+00,-7.83095e+00
-2.536000E-005,-9.56975e+00,-7.83095e+00
-2.533000E-005,-9.56975e+00,-7.83095e+00
-2.530000E-005,-9.56975e+00,-7.62994e+00
-2.527000E-005,-9.56975e+00,-7.62994e+00
-2.524000E-005,-9.56975e+00,-7.62994e+00
-2.521000E-005,-9.56975e+00,-7.62994e+00
-2.518000E-005,-9.56975e+00,-7.62994e+00
-2.515000E-005,-9.16774e+00,-7.83095e+00
-2.512000E-005,-9.56975e+00,-7.62994e+00
-2.509000E-005,-9.56975e+00,-7.83095e+00
-2.506000E-005,-9.56975e+00,-7.83095e+00
-2.503000E-005,-9.97176e+00,-7.62994e+00
-2.500000E-005,-9.56975e+00,-7.62994e+00
-2.497000E-005,-9.56975e+00,-7.83095e+00
-2.494000E-005,-9.56975e+00,-7.62994e+00
-2.491000E-005,-9.56975e+00,-7.83095e+00
-2.488000E-005,-9.97176e+00,-7.62994e+00
-2.485000E-005,-9.56975e+00,-7.62994e+00
-2.482000E-005,-9.56975e+00,-7.62994e+00
-2.479000E-005,-9.56975e+00,-7.62994e+00
-2.476000E-005,-9.56975e+00,-7.62994e+00
-2.473000E-005,-9.56975e+00,-7.83095e+00
-2.470000E-005,-9.56975e+00,-7.62994e+00
-2.467000E-005,-9.56975e+00,-7.83095e+00
-2.464000E-005,-9.56975e+00,-7.62994e+00
-2.461000E-005,-9.56975e+00,-7.62994e+00
-2.458000E-005,-9.56975e+00,-7.62994e+00
-2.455000E-005,-9.16774e+00,-7.62994e+00
-2.452000E-005,-9.56975e+00,-7.83095e+00
-2.449000E-005,-9.56975e+00,-7.62994e+00
-2.446000E-005,-9.56975e+00,-7.62994e+00
-2.443000E-005,-9.16774e+00,-7.62994e+00
-2.440000E-005,-9.56975e+00,-7.62994e+00
-2.437000E-005,-9.16774e+00,-7.62994e+00
-2.434000E-005,-9.56975e+00,-7.62994e+00
-2.431000E-005,-9.16774e+00,-7.62994e+00
-2.428000E-005,-9.56975e+00,-7.62994e+00
-2.425000E-005,-9.97176e+00,-7.62994e+00
-2.422000E-005,-9.16774e+00,-7.62994e+00
-2.419000E-005,-9.56975e+00,-7.62994e+00
-2.416000E-005,-9.56975e+00,-7.62994e+00
-2.413000E-005,-9.56975e+00,-7.62994e+00
-2.410000E-005,-9.56975e+00,-7.62994e+00
-2.407000E-005,-9.56975e+00,-7.62994e+00
-2.404000E-005,-9.56975e+00,-7.62994e+00
-2.401000E-005,-9.16774e+00,-7.62994e+00
-2.398000E-005,-9.16774e+00,-7.62994e+00
-2.395000E-005,-9.56975e+00,-7.62994e+00
-2.392000E-005,-9.56975e+00,-7.62994e+00
-2.389000E-005,-9.56975e+00,-7.62994e+00
-2.386000E-005,-9.56975e+00,-7.62994e+00
-2.383000E-005,-9.16774e+00,-7.62994e+00
-2.380000E-005,-9.56975e+00,-7.62994e+00
-2.377000E-005,-9.16774e+00,-7.62994e+00
-2.374000E-005,-9.56975e+00,-7.62994e+00
-2.371000E-005,-9.16774e+00,-7.62994e+00
-2.368000E-005,-9.56975e+00,-7.62994e+00
-2.365000E-005,-9.56975e+00,-7.62994e+00
-2.362000E-005,-9.56975e+00,-7.62994e+00
-2.359000E-005,-9.56975e+00,-7.62994e+00
-2.356000E-005,-9.56975e+00,-7.62994e+00
-2.353000E-005,-9.16774e+00,-7.62994e+00
-2.350000E-005,-9.16774e+00,-7.62994e+00
-2.347000E-005,-9.16774e+00,-7.42894e+00
-2.344000E-005,-9.56975e+00,-7.62994e+00
-2.341000E-005,-9.16774e+00,-7.62994e+00
-2.338000E-005,-9.97176e+00,-7.62994e+00
-2.335000E-005,-9.56975e+00,-7.62994e+00
-2.332000E-005,-9.56975e+00,-7.62994e+00
-2.329000E-005,-9.16774e+00,-7.83095e+00
-2.326000E-005,-9.56975e+00,-7.62994e+00
-2.323000E-005,-9.56975e+00,-7.42894e+00
-2.320000E-005,-9.56975e+00,-7.42894e+00
-2.317000E-005,-9.56975e+00,-7.42894e+00
-2.314000E-005,-9.56975e+00,-7.62994e+00
-2.311000E-005,-9.16774e+00,-7.62994e+00
-2.308000E-005,-9.16774e+00,-7.62994e+00
-2.305000E-005,-9.16774e+00,-7.42894e+00
-2.302000E-005,-9.56975e+00,-7.62994e+00
-2.299000E-005,-9.16774e+00,-7.42894e+00
-2.296000E-005,-9.56975e+00,-7.62994e+00
-2.293000E-005,-9.56975e+00,-7.62994e+00
-2.290000E-005,-9.16774e+00,-7.62994e+00
-2.287000E-005,-9.56975e+00,-7.42894e+00
-2.284000E-005,-9.56975e+00,-7.42894e+00
-2.281000E-005,-9.16774e+00,-7.42894e+00
-2.278000E-005,-9.16774e+00,-7.42894e+00
-2.275000E-005,-9.16774e+00,-7.22793e+00
-2.272000E-005,-9.56975e+00,-7.42894e+00
-2.269000E-005,-9.16774e+00,-7.42894e+00
-2.266000E-005,-9.56975e+00,-7.42894e+00
-2.263000E-005,-9.56975e+00,-7.62994e+00
-2.260000E-005,-9.16774e+00,-7.42894e+00
-2.257000E-005,-9.16774e+00,-7.42894e+00
-2.254000E-005,-9.56975e+00,-7.42894e+00
-2.251000E-005,-9.16774e+00,-7.42894e+00
-2.248000E-005,-9.56975e+00,-7.42894e+00
-2.245000E-005,-9.16774e+00,-7.42894e+00
-2.242000E-005,-9.16774e+00,-7.42894e+00
-2.239000E-005,-9.16774e+00,-7.42894e+00
-2.236000E-005,-9.56975e+00,-7.42894e+00
-2.233000E-005,-9.16774e+00,-7.42894e+00
-2.230000E-005,-9.16774e+00,-7.42894e+00
-2.227000E-005,-9.16774e+00,-7.42894e+00
-2.224000E-005,-9.16774e+00,-7.42894e+00
-2.221000E-005,-9.56975e+00,-7.42894e+00
-2.218000E-005,-9.16774e+00,-7.62994e+00
-2.215000E-005,-9.16774e+00,-7.22793e+00
-2.212000E-005,-9.16774e+00,-7.42894e+00
-2.209000E-005,-9.16774e+00,-7.22793e+00
-2.206000E-005,-9.16774e+00,-7.42894e+00
-2.203000E-005,-9.56975e+00,-7.22793e+00
-2.200000E-005,-9.16774e+00,-7.42894e+00
-2.197000E-005,-9.56975e+00,-7.22793e+00
-2.194000E-005,-9.16774e+00,-7.42894e+00
-2.191000E-005,-9.16774e+00,-7.22793e+00
-2.188000E-005,-9.16774e+00,-7.22793e+00
-2.185000E-005,-9.16774e+00,-7.42894e+00
-2.182000E-005,-9.16774e+00,-7.22793e+00
-2.179000E-005,-8.76573e+00,-7.22793e+00
-2.176000E-005,-9.16774e+00,-7.42894e+00
-2.173000E-005,-9.16774e+00,-7.22793e+00
-2.170000E-005,-9.16774e+00,-7.22793e+00
-2.167000E-005,-9.16774e+00,-7.22793e+00
-2.164000E-005,-9.16774e+00,-7.22793e+00
-2.161000E-005,-9.16774e+00,-7.42894e+00
-2.158000E-005,-9.16774e+00,-7.22793e+00
-2.155000E-005,-9.16774e+00,-7.22793e+00
-2.152000E-005,-8.76573e+00,-7.42894e+00
-2.149000E-005,-9.16774e+00,-7.22793e+00
-2.146000E-005,-9.16774e+00,-7.42894e+00
-2.143000E-005,-9.16774e+00,-7.22793e+00
-2.140000E-005,-9.16774e+00,-7.22793e+00
-2.137000E-005,-9.16774e+00,-7.22793e+00
-2.134000E-005,-9.16774e+00,-7.22793e+00
-2.131000E-005,-9.16774e+00,-7.22793e+00
-2.128000E-005,-9.16774e+00,-7.22793e+00
-2.125000E-005,-9.16774e+00,-7.22793e+00
-2.122000E-005,-8.36372e+00,-7.22793e+00
-2.119000E-005,-9.16774e+00,-7.22793e+00
-2.116000E-005,-9.16774e+00,-7.22793e+00
-2.113000E-005,-9.16774e+00,-7.22793e+00
-2.110000E-005,-8.76573e+00,-7.22793e+00
-2.107000E-005,-9.16774e+00,-7.22793e+00
-2.104000E-005,-9.16774e+00,-7.22793e+00
-2.101000E-005,-9.16774e+00,-7.22793e+00
-2.098000E-005,-9.16774e+00,-7.02693e+00
-2.095000E-005,-8.76573e+00,-7.02693e+00
-2.092000E-005,-9.16774e+00,-7.02693e+00
-2.089000E-005,-8.76573e+00,-7.22793e+00
-2.086000E-005,-9.16774e+00,-7.22793e+00
-2.083000E-005,-8.76573e+00,-7.02693e+00
-2.080000E-005,-9.16774e+00,-7.02693e+00
-2.077000E-005,-8.76573e+00,-7.22793e+00
-2.074000E-005,-9.16774e+00,-7.02693e+00
-2.071000E-005,-9.16774e+00,-7.22793e+00
-2.068000E-005,-8.76573e+00,-7.02693e+00
-2.065000E-005,-9.16774e+00,-7.02693e+00
-2.062000E-005,-9.16774e+00,-7.02693e+00
-2.059000E-005,-9.16774e+00,-7.02693e+00
-2.056000E-005,-8.36372e+00,-7.22793e+00
-2.053000E-005,-8.76573e+00,-7.02693e+00
-2.050000E-005,-9.16774e+00,-7.02693e+00
-2.047000E-005,-8.76573e+00,-7.02693e+00
-2.044000E-005,-9.16774e+00,-7.02693e+00
-2.041000E-005,-9.16774e+00,-7.02693e+00
-2.038000E-005,-9.16774e+00,-7.02693e+00
-2.035000E-005,-8.76573e+00,-7.22793e+00
-2.032000E-005,-8.76573e+00,-7.02693e+00
-2.029000E-005,-9.16774e+00,-7.02693e+00
-2.026000E-005,-8.76573e+00,-7.02693e+00
-2.023000E-005,-8.76573e+00,-7.02693e+00
-2.020000E-005,-8.76573e+00,-7.02693e+00
-2.017000E-005,-9.16774e+00,-7.02693e+00
-2.014000E-005,-8.76573e+00,-7.02693e+00
-2.011000E-005,-8.76573e+00,-6.82592e+00
-2.008000E-005,-9.16774e+00,-7.22793e+00
-2.005000E-005,-8.76573e+00,-7.02693e+00
-2.002000E-005,-9.16774e+00,-7.02693e+00
-1.999000E-005,-8.76573e+00,-7.02693e+00
-1.996000E-005,-8.76573e+00,-7.02693e+00
-1.993000E-005,-9.16774e+00,-7.02693e+00
-1.990000E-005,-8.76573e+00,-7.02693e+00
-1.987000E-005,-8.76573e+00,-7.02693e+00
-1.984000E-005,-8.76573e+00,-7.02693e+00
-1.981000E-005,-8.76573e+00,-7.02693e+00
-1.978000E-005,-8.76573e+00,-7.02693e+00
-1.975000E-005,-8.36372e+00,-7.02693e+00
-1.972000E-005,-8.76573e+00,-7.02693e+00
-1.969000E-005,-8.76573e+00,-7.02693e+00
-1.966000E-005,-9.16774e+00,-7.02693e+00
-1.963000E-005,-8.76573e+00,-7.02693e+00
-1.960000E-005,-8.76573e+00,-7.02693e+00
-1.957000E-005,-8.76573e+00,-6.82592e+00
-1.954000E-005,-8.76573e+00,-7.02693e+00
-1.951000E-005,-8.36372e+00,-7.02693e+00
-1.948000E-005,-8.76573e+00,-7.02693e+00
-1.945000E-005,-8.76573e+00,-7.02693e+00
-1.942000E-005,-8.76573e+00,-6.82592e+00
-1.939000E-005,-8.76573e+00,-6.82592e+00
-1.936000E-005,-8.76573e+00,-7.02693e+00
-1.933000E-005,-8.36372e+00,-7.02693e+00
-1.930000E-005,-8.76573e+00,-6.82592e+00
-1.927000E-005,-8.76573e+00,-7.02693e+00
-1.924000E-005,-8.76573e+00,-7.02693e+00
-1.921000E-005,-8.36372e+00,-6.82592e+00
-1.918000E-005,-8.76573e+00,-6.82592e+00
-1.915000E-005,-8.76573e+00,-6.82592e+00
-1.912000E-005,-8.36372e+00,-6.82592e+00
-1.909000E-005,-8.36372e+00,-6.82592e+00
-1.906000E-005,-8.76573e+00,-7.02693e+00
-1.903000E-005,-8.36372e+00,-6.62492e+00
-1.900000E-005,-8.76573e+00,-6.82592e+00
-1.897000E-005,-8.36372e+00,-6.82592e+00
-1.894000E-005,-8.36372e+00,-6.82592e+00
-1.891000E-005,-8.36372e+00,-6.82592e+00
-1.888000E-005,-8.36372e+00,-7.02693e+00
-1.885000E-005,-8.76573e+00,-7.02693e+00
-1.882000E-005,-8.36372e+00,-6.82592e+00
-1.879000E-005,-8.76573e+00,-6.82592e+00
-1.876000E-005,-8.36372e+00,-6.82592e+00
-1.873000E-005,-8.36372e+00,-6.62492e+00
-1.870000E-005,-8.36372e+00,-6.82592e+00
-1.867000E-005,-8.36372e+00,-6.82592e+00
-1.864000E-005,-8.36372e+00,-6.82592e+00
-1.861000E-005,-8.36372e+00,-6.82592e+00
-1.858000E-005,-8.36372e+00,-6.62492e+00
-1.855000E-005,-7.96171e+00,-6.82592e+00
-1.852000E-005,-8.36372e+00,-6.62492e+00
-1.849000E-005,-8.36372e+00,-6.82592e+00
-1.846000E-005,-8.36372e+00,-6.82592e+00
-1.843000E-005,-8.36372e+00,-6.82592e+00
-1.840000E-005,-8.36372e+00,-6.62492e+00
-1.837000E-005,-8.36372e+00,-6.82592e+00
-1.834000E-005,-8.36372e+00,-6.42391e+00
-1.831000E-005,-8.36372e+00,-6.42391e+00
-1.828000E-005,-8.36372e+00,-6.82592e+00
-1.825000E-005,-7.96171e+00,-6.62492e+00
-1.822000E-005,-8.36372e+00,-6.62492e+00
-1.819000E-005,-8.36372e+00,-6.62492e+00
-1.816000E-005,-8.36372e+00,-6.42391e+00
-1.813000E-005,-8.36372e+00,-6.82592e+00
-1.810000E-005,-8.36372e+00,-6.62492e+00
-1.807000E-005,-8.36372e+00,-6.62492e+00
-1.804000E-005,-8.36372e+00,-6.42391e+00
-1.801000E-005,-8.36372e+00,-6.62492e+00
-1.798000E-005,-8.36372e+00,-6.62492e+00
-1.795000E-005,-8.36372e+00,-6.62492e+00
-1.792000E-005,-7.96171e+00,-6.62492e+00
-1.789000E-005,-7.96171e+00,-6.42391e+00
-1.786000E-005,-8.36372e+00,-6.42391e+00
-1.783000E-005,-8.36372e+00,-6.42391e+00
-1.780000E-005,-7.96171e+00,-6.42391e+00
-1.777000E-005,-8.36372e+00,-6.62492e+00
-1.774000E-005,-7.96171e+00,-6.62492e+00
-1.771000E-005,-8.36372e+00,-6.42391e+00
-1.768000E-005,-8.36372e+00,-6.42391e+00
-1.765000E-005,-8.36372e+00,-6.62492e+00
-1.762000E-005,-7.96171e+00,-6.62492e+00
-1.759000E-005,-7.96171e+00,-6.62492e+00
-1.756000E-005,-7.96171e+00,-6.42391e+00
-1.753000E-005,-8.36372e+00,-6.62492e+00
-1.750000E-005,-7.96171e+00,-6.62492e+00
-1.747000E-005,-8.36372e+00,-6.22291e+00
-1.744000E-005,-8.36372e+00,-6.42391e+00
-1.741000E-005,-8.36372e+00,-6.42391e+00
-1.738000E-005,-7.96171e+00,-6.62492e+00
-1.735000E-005,-8.36372e+00,-6.42391e+00
-1.732000E-005,-7.96171e+00,-6.42391e+00
-1.729000E-005,-7.96171e+00,-6.62492e+00
-1.726000E-005,-7.96171e+00,-6.42391e+00
-1.723000E-005,-7.96171e+00,-6.42391e+00
-1.720000E-005,-7.96171e+00,-6.42391e+00
-1.717000E-005,-7.96171e+00,-6.42391e+00
-1.714000E-005,-7.96171e+00,-6.42391e+00
-1.711000E-005,-7.96171e+00,-6.42391e+00
-1.708000E-005,-7.96171e+00,-6.42391e+00
-1.705000E-005,-7.96171e+00,-6.42391e+00
-1.702000E-005,-7.96171e+00,-6.42391e+00
-1.699000E-005,-8.36372e+00,-6.42391e+00
-1.696000E-005,-7.96171e+00,-6.22291e+00
-1.693000E-005,-7.96171e+00,-6.42391e+00
-1.690000E-005,-7.96171e+00,-6.42391e+00
-1.687000E-005,-7.96171e+00,-6.42391e+00
-1.684000E-005,-7.96171e+00,-6.22291e+00
-1.681000E-005,-7.96171e+00,-6.42391e+00
-1.678000E-005,-7.96171e+00,-6.42391e+00
-1.675000E-005,-7.96171e+00,-6.42391e+00
-1.672000E-005,-7.96171e+00,-6.42391e+00
-1.669000E-005,-7.55970e+00,-6.22291e+00
-1.666000E-005,-8.36372e+00,-6.42391e+00
-1.663000E-005,-7.96171e+00,-6.22291e+00
-1.660000E-005,-7.96171e+00,-6.22291e+00
-1.657000E-005,-7.96171e+00,-6.22291e+00
-1.654000E-005,-7.55970e+00,-6.22291e+00
-1.651000E-005,-7.55970e+00,-6.22291e+00
-1.648000E-005,-7.96171e+00,-6.22291e+00
-1.645000E-005,-7.96171e+00,-6.02190e+00
-1.642000E-005,-7.55970e+00,-6.02190e+00
-1.639000E-005,-7.96171e+00,-6.22291e+00
-1.636000E-005,-7.55970e+00,-6.22291e+00
-1.633000E-005,-7.96171e+00,-6.02190e+00
-1.630000E-005,-7.96171e+00,-6.22291e+00
-1.627000E-005,-7.96171e+00,-6.22291e+00
-1.624000E-005,-7.55970e+00,-6.02190e+00
-1.621000E-005,-7.55970e+00,-6.22291e+00
-1.618000E-005,-7.96171e+00,-6.02190e+00
-1.615000E-005,-7.55970e+00,-6.22291e+00
-1.612000E-005,-7.55970e+00,-6.22291e+00
-1.609000E-005,-7.96171e+00,-6.22291e+00
-1.606000E-005,-7.55970e+00,-6.22291e+00
-1.603000E-005,-7.55970e+00,-6.02190e+00
-1.600000E-005,-7.55970e+00,-6.02190e+00
-1.597000E-005,-7.55970e+00,-6.02190e+00
-1.594000E-005,-7.55970e+00,-6.02190e+00
-1.591000E-005,-7.55970e+00,-6.02190e+00
-1.588000E-005,-7.96171e+00,-6.02190e+00
-1.585000E-005,-7.55970e+00,-6.02190e+00
-1.582000E-005,-7.55970e+00,-6.02190e+00
-1.579000E-005,-7.55970e+00,-6.02190e+00
-1.576000E-005,-7.96171e+00,-6.02190e+00
-1.573000E-005,-7.55970e+00,-6.02190e+00
-1.570000E-005,-7.55970e+00,-6.02190e+00
-1.567000E-005,-7.15769e+00,-6.02190e+00
-1.564000E-005,-7.55970e+00,-5.82090e+00
-1.561000E-005,-7.55970e+00,-6.22291e+00
-1.558000E-005,-7.55970e+00,-6.02190e+00
-1.555000E-005,-7.55970e+00,-6.02190e+00
-1.552000E-005,-7.55970e+00,-6.02190e+00
-1.549000E-005,-7.15769e+00,-6.02190e+00
-1.546000E-005,-7.55970e+00,-6.02190e+00
-1.543000E-005,-7.55970e+00,-6.02190e+00
-1.540000E-005,-7.55970e+00,-6.02190e+00
-1.537000E-005,-7.55970e+00,-6.02190e+00
-1.534000E-005,-7.15769e+00,-5.82090e+00
-1.531000E-005,-7.15769e+00,-5.82090e+00
-1.528000E-005,-7.55970e+00,-5.82090e+00
-1.525000E-005,-7.55970e+00,-5.82090e+00
-1.522000E-005,-7.15769e+00,-5.82090e+00
-1.519000E-005,-7.55970e+00,-5.82090e+00
-1.516000E-005,-7.55970e+00,-5.82090e+00
-1.513000E-005,-7.15769e+00,-5.82090e+00
-1.510000E-005,-7.15769e+00,-5.82090e+00
-1.507000E-005,-7.15769e+00,-5.82090e+00
-1.504000E-005,-7.55970e+00,-5.82090e+00
-1.501000E-005,-7.15769e+00,-5.82090e+00
-1.498000E-005,-7.55970e+00,-5.82090e+00
-1.495000E-005,-7.15769e+00,-5.82090e+00
-1.492000E-005,-7.55970e+00,-5.61989e+00
-1.489000E-005,-7.15769e+00,-5.61989e+00
-1.486000E-005,-7.15769e+00,-5.82090e+00
-1.483000E-005,-7.15769e+00,-5.82090e+00
-1.480000E-005,-7.15769e+00,-5.82090e+00
-1.477000E-005,-7.15769e+00,-5.82090e+00
-1.474000E-005,-6.75568e+00,-5.82090e+00
-1.471000E-005,-7.15769e+00,-5.61989e+00
-1.468000E-005,-7.15769e+00,-5.82090e+00
-1.465000E-005,-7.15769e+00,-5.61989e+00
-1.462000E-005,-7.15769e+00,-5.61989e+00
-1.459000E-005,-6.75568e+00,-5.61989e+00
-1.456000E-005,-7.15769e+00,-5.61989e+00
-1.453000E-005,-6.75568e+00,-5.82090e+00
-1.450000E-005,-7.15769e+00,-5.61989e+00
-1.447000E-005,-7.15769e+00,-5.41889e+00
-1.444000E-005,-7.15769e+00,-5.61989e+00
-1.441000E-005,-7.15769e+00,-5.82090e+00
-1.438000E-005,-7.15769e+00,-5.61989e+00
-1.435000E-005,-7.15769e+00,-5.61989e+00
-1.432000E-005,-7.15769e+00,-5.61989e+00
-1.429000E-005,-7.15769e+00,-5.41889e+00
-1.426000E-005,-7.15769e+00,-5.61989e+00
-1.423000E-005,-7.15769e+00,-5.41889e+00
-1.420000E-005,-7.15769e+00,-5.61989e+00
-1.417000E-005,-6.75568e+00,-5.61989e+00
-1.414000E-005,-6.75568e+00,-5.41889e+00
-1.411000E-005,-7.15769e+00,-5.41889e+00
-1.408000E-005,-7.15769e+00,-5.41889e+00
-1.405000E-005,-7.15769e+00,-5.41889e+00
-1.402000E-005,-6.75568e+00,-5.61989e+00
-1.399000E-005,-7.15769e+00,-5.41889e+00
-1.396000E-005,-6.75568e+00,-5.41889e+00
-1.393000E-005,-6.75568e+00,-5.41889e+00
-1.390000E-005,-6.75568e+00,-5.41889e+00
-1.387000E-005,-6.75568e+00,-5.41889e+00
-1.384000E-005,-6.75568e+00,-5.41889e+00
-1.381000E-005,-6.75568e+00,-5.61989e+00
-1.378000E-005,-6.75568e+00,-5.21788e+00
-1.375000E-005,-7.15769e+00,-5.41889e+00
-1.372000E-005,-6.75568e+00,-5.41889e+00
-1.369000E-005,-7.15769e+00,-5.41889e+00
-1.366000E-005,-6.75568e+00,-5.21788e+00
-1.363000E-005,-6.35367e+00,-5.41889e+00
-1.360000E-005,-6.35367e+00,-5.21788e+00
-1.357000E-005,-7.15769e+00,-5.41889e+00
-1.354000E-005,-6.75568e+00,-5.21788e+00
-1.351000E-005,-6.75568e+00,-5.41889e+00
-1.348000E-005,-6.75568e+00,-5.41889e+00
-1.345000E-005,-6.75568e+00,-5.21788e+00
-1.342000E-005,-6.75568e+00,-5.21788e+00
-1.339000E-005,-6.75568e+00,-5.21788e+00
-1.336000E-005,-6.35367e+00,-5.21788e+00
-1.333000E-005,-6.75568e+00,-5.21788e+00
-1.330000E-005,-6.35367e+00,-5.21788e+00
-1.327000E-005,-6.35367e+00,-5.21788e+00
-1.324000E-005,-6.35367e+00,-5.21788e+00
-1.321000E-005,-6.35367e+00,-5.21788e+00
-1.318000E-005,-6.35367e+00,-5.21788e+00
-1.315000E-005,-6.35367e+00,-5.01688e+00
-1.312000E-005,-6.75568e+00,-5.21788e+00
-1.309000E-005,-6.35367e+00,-5.01688e+00
-1.306000E-005,-6.75568e+00,-5.01688e+00
-1.303000E-005,-6.35367e+00,-5.21788e+00
-1.300000E-005,-6.35367e+00,-5.21788e+00
-1.297000E-005,-6.35367e+00,-5.21788e+00
-1.294000E-005,-6.35367e+00,-5.01688e+00
-1.291000E-005,-6.35367e+00,-5.01688e+00
-1.288000E-005,-6.35367e+00,-5.01688e+00
-1.285000E-005,-6.35367e+00,-5.21788e+00
-1.282000E-005,-6.35367e+00,-4.81587e+00
-1.279000E-005,-6.35367e+00,-5.01688e+00
-1.276000E-005,-6.35367e+00,-5.01688e+00
-1.273000E-005,-6.35367e+00,-5.01688e+00
-1.270000E-005,-5.95166e+00,-4.81587e+00
-1.267000E-005,-5.95166e+00,-4.81587e+00
-1.264000E-005,-6.35367e+00,-5.01688e+00
-1.261000E-005,-6.35367e+00,-5.01688e+00
-1.258000E-005,-6.35367e+00,-5.01688e+00
-1.255000E-005,-6.35367e+00,-4.81587e+00
-1.252000E-005,-5.95166e+00,-5.01688e+00
-1.249000E-005,-5.95166e+00,-5.01688e+00
-1.246000E-005,-6.35367e+00,-4.81587e+00
-1.243000E-005,-5.95166e+00,-5.01688e+00
-1.240000E-005,-6.35367e+00,-4.81587e+00
-1.237000E-005,-6.35367e+00,-4.81587e+00
-1.234000E-005,-6.35367e+00,-5.01688e+00
-1.231000E-005,-5.95166e+00,-5.01688e+00
-1.228000E-005,-5.95166e+00,-4.81587e+00
-1.225000E-005,-6.35367e+00,-4.81587e+00
-1.222000E-005,-5.95166e+00,-4.81587e+00
-1.219000E-005,-6.35367e+00,-4.81587e+00
-1.216000E-005,-5.95166e+00,-4.81587e+00
-1.213000E-005,-5.95166e+00,-4.81587e+00
-1.210000E-005,-5.95166e+00,-4.81587e+00
-1.207000E-005,-5.95166e+00,-4.81587e+00
-1.204000E-005,-5.95166e+00,-4.61487e+00
-1.201000E-005,-5.95166e+00,-4.61487e+00
-1.198000E-005,-5.95166e+00,-4.81587e+00
-1.195000E-005,-5.95166e+00,-4.81587e+00
-1.192000E-005,-5.95166e+00,-4.81587e+00
-1.189000E-005,-6.35367e+00,-4.81587e+00
-1.186000E-005,-5.95166e+00,-4.61487e+00
-1.183000E-005,-5.95166e+00,-4.61487e+00
-1.180000E-005,-5.95166e+00,-4.61487e+00
-1.177000E-005,-5.95166e+00,-4.61487e+00
-1.174000E-005,-5.95166e+00,-4.61487e+00
-1.171000E-005,-5.54965e+00,-4.61487e+00
-1.168000E-005,-5.95166e+00,-4.61487e+00
-1.165000E-005,-5.95166e+00,-4.61487e+00
-1.162000E-005,-5.95166e+00,-4.61487e+00
-1.159000E-005,-5.95166e+00,-4.61487e+00
-1.156000E-005,-5.95166e+00,-4.61487e+00
-1.153000E-005,-5.54965e+00,-4.41386e+00
-1.150000E-005,-5.95166e+00,-4.41386e+00
-1.147000E-005,-5.95166e+00,-4.41386e+00
-1.144000E-005,-5.95166e+00,-4.41386e+00
-1.141000E-005,-5.95166e+00,-4.41386e+00
-1.138000E-005,-5.54965e+00,-4.61487e+00
-1.135000E-005,-5.95166e+00,-4.41386e+00
-1.132000E-005,-5.54965e+00,-4.41386e+00
-1.129000E-005,-5.54965e+00,-4.41386e+00
-1.126000E-005,-5.54965e+00,-4.61487e+00
-1.123000E-005,-5.54965e+00,-4.41386e+00
-1.120000E-005,-5.95166e+00,-4.41386e+00
-1.117000E-005,-5.95166e+00,-4.41386e+00
-1.114000E-005,-5.54965e+00,-4.21286e+00
-1.111000E-005,-5.14764e+00,-4.41386e+00
-1.108000E-005,-5.95166e+00,-4.41386e+00
-1.105000E-005,-5.54965e+00,-4.41386e+00
-1.102000E-005,-5.54965e+00,-4.41386e+00
-1.099000E-005,-5.54965e+00,-4.41386e+00
-1.096000E-005,-5.95166e+00,-4.21286e+00
-1.093000E-005,-5.54965e+00,-4.41386e+00
-1.090000E-005,-5.54965e+00,-4.21286e+00
-1.087000E-005,-5.54965e+00,-4.01185e+00
-1.084000E-005,-5.54965e+00,-4.41386e+00
-1.081000E-005,-5.54965e+00,-4.21286e+00
-1.078000E-005,-5.54965e+00,-4.21286e+00
-1.075000E-005,-5.54965e+00,-4.21286e+00
-1.072000E-005,-5.54965e+00,-4.41386e+00
-1.069000E-005,-5.54965e+00,-4.41386e+00
-1.066000E-005,-5.54965e+00,-4.21286e+00
-1.063000E-005,-5.54965e+00,-4.21286e+00
-1.060000E-005,-5.54965e+00,-4.21286e+00
-1.057000E-005,-5.54965e+00,-4.41386e+00
-1.054000E-005,-5.14764e+00,-4.21286e+00
-1.051000E-005,-5.14764e+00,-4.21286e+00
-1.048000E-005,-5.54965e+00,-4.21286e+00
-1.045000E-005,-5.14764e+00,-4.21286e+00
-1.042000E-005,-5.54965e+00,-4.01185e+00
-1.039000E-005,-5.14764e+00,-3.81085e+00
-1.036000E-005,-5.14764e+00,-4.21286e+00
-1.033000E-005,-5.14764e+00,-4.21286e+00
-1.030000E-005,-5.54965e+00,-4.21286e+00
-1.027000E-005,-5.14764e+00,-4.01185e+00
-1.024000E-005,-5.14764e+00,-4.01185e+00
-1.021000E-005,-5.14764e+00,-4.01185e+00
-1.018000E-005,-5.14764e+00,-4.21286e+00
-1.015000E-005,-5.14764e+00,-3.81085e+00
-1.012000E-005,-5.14764e+00,-4.01185e+00
-1.009000E-005,-5.54965e+00,-4.01185e+00
-1.006000E-005,-5.54965e+00,-4.01185e+00
-1.003000E-005,-5.14764e+00,-4.01185e+00
-1.000000E-005,-5.54965e+00,-3.81085e+00
-9.970000E-006,-5.14764e+00,-4.01185e+00
-9.940000E-006,-5.14764e+00,-3.81085e+00
-9.910000E-006,-5.14764e+00,-3.81085e+00
-9.880000E-006,-5.14764e+00,-4.01185e+00
-9.850000E-006,-5.14764e+00,-3.81085e+00
-9.820000E-006,-5.14764e+00,-3.81085e+00
-9.790000E-006,-5.14764e+00,-3.81085e+00
-9.760000E-006,-5.54965e+00,-3.81085e+00
-9.730000E-006,-5.14764e+00,-3.81085e+00
-9.700000E-006,-5.14764e+00,-3.81085e+00
-9.670000E-006,-5.14764e+00,-3.81085e+00
-9.640000E-006,-5.14764e+00,-3.81085e+00
-9.610000E-006,-5.14764e+00,-3.60984e+00
-9.580000E-006,-5.14764e+00,-3.81085e+00
-9.550000E-006,-5.14764e+00,-3.60984e+00
-9.520000E-006,-5.14764e+00,-3.81085e+00
-9.490000E-006,-5.14764e+00,-3.60984e+00
-9.460000E-006,-5.14764e+00,-3.81085e+00
-9.430000E-006,-5.14764e+00,-3.60984e+00
-9.400000E-006,-4.74563e+00,-3.81085e+00
-9.370000E-006,-5.14764e+00,-3.81085e+00
-9.340000E-006,-4.74563e+00,-3.81085e+00
-9.310000E-006,-5.14764e+00,-3.81085e+00
-9.280000E-006,-5.14764e+00,-3.60984e+00
-9.250000E-006,-5.14764e+00,-3.60984e+00
-9.220000E-006,-5.14764e+00,-3.60984e+00
-9.190000E-006,-4.74563e+00,-3.60984e+00
-9.160000E-006,-5.14764e+00,-3.60984e+00
-9.130000E-006,-4.74563e+00,-3.81085e+00
-9.100000E-006,-4.74563e+00,-3.60984e+00
-9.070000E-006,-5.14764e+00,-3.40884e+00
-9.040000E-006,-5.14764e+00,-3.60984e+00
-9.010000E-006,-4.74563e+00,-3.60984e+00
-8.980000E-006,-4.74563e+00,-3.60984e+00
-8.950000E-006,-5.14764e+00,-3.60984e+00
-8.920000E-006,-5.14764e+00,-3.40884e+00
-8.890000E-006,-5.14764e+00,-3.40884e+00
-8.860000E-006,-4.74563e+00,-3.40884e+00
-8.830000E-006,-5.14764e+00,-3.60984e+00
-8.800000E-006,-5.14764e+00,-3.60984e+00
-8.770000E-006,-4.74563e+00,-3.40884e+00
-8.740000E-006,-4.34362e+00,-3.60984e+00
-8.710000E-006,-4.74563e+00,-3.40884e+00
-8.680000E-006,-5.14764e+00,-3.40884e+00
-8.650000E-006,-5.14764e+00,-3.40884e+00
-8.620000E-006,-4.74563e+00,-3.40884e+00
-8.590000E-006,-4.74563e+00,-3.40884e+00
-8.560000E-006,-4.34362e+00,-3.40884e+00
-8.530000E-006,-5.14764e+00,-3.40884e+00
-8.500000E-006,-4.74563e+00,-3.40884e+00
-8.470000E-006,-4.74563e+00,-3.60984e+00
-8.440000E-006,-4.74563e+00,-3.20783e+00
-8.410000E-006,-5.14764e+00,-3.40884e+00
-8.380000E-006,-4.74563e+00,-3.40884e+00
-8.350000E-006,-4.74563e+00,-3.40884e+00
-8.320000E-006,-4.74563e+00,-3.20783e+00
-8.290000E-006,-4.74563e+00,-3.40884e+00
-8.260000E-006,-4.74563e+00,-3.40884e+00
-8.230000E-006,-4.74563e+00,-3.40884e+00
-8.200000E-006,-4.74563e+00,-3.20783e+00
-8.170000E-006,-4.74563e+00,-3.20783e+00
-8.140000E-006,-4.74563e+00,-3.40884e+00
-8.110000E-006,-4.74563e+00,-3.20783e+00
-8.080000E-006,-4.74563e+00,-3.20783e+00
-8.050000E-006,-4.74563e+00,-3.20783e+00
-8.020000E-006,-4.74563e+00,-3.20783e+00
-7.990000E-006,-4.74563e+00,-3.20783e+00
-7.960000E-006,-4.74563e+00,-3.00683e+00
-7.930000E-006,-4.74563e+00,-3.20783e+00
-7.900000E-006,-4.74563e+00,-3.20783e+00
-7.870000E-006,-4.74563e+00,-3.00683e+00
-7.840000E-006,-4.74563e+00,-3.20783e+00
-7.810000E-006,-4.34362e+00,-3.20783e+00
-7.780000E-006,-4.74563e+00,-3.00683e+00
-7.750000E-006,-4.74563e+00,-3.20783e+00
-7.720000E-006,-4.74563e+00,-3.00683e+00
-7.690000E-006,-4.74563e+00,-3.00683e+00
-7.660000E-006,-4.74563e+00,-3.00683e+00
-7.630000E-006,-4.74563e+00,-3.20783e+00
-7.600000E-006,-4.74563e+00,-3.00683e+00
-7.570000E-006,-4.74563e+00,-3.00683e+00
-7.540000E-006,-4.74563e+00,-2.80582e+00
-7.510000E-006,-4.74563e+00,-3.00683e+00
-7.480000E-006,-4.74563e+00,-3.00683e+00
-7.450000E-006,-4.74563e+00,-3.00683e+00
-7.420000E-006,-4.74563e+00,-3.00683e+00
-7.390000E-006,-4.34362e+00,-3.00683e+00
-7.360000E-006,-4.34362e+00,-3.00683e+00
-7.330000E-006,-4.74563e+00,-2.80582e+00
-7.300000E-006,-4.74563e+00,-3.00683e+00
-7.270000E-006,-4.74563e+00,-3.00683e+00
-7.240000E-006,-4.34362e+00,-3.00683e+00
-7.210000E-006,-4.34362e+00,-3.00683e+00
-7.180000E-006,-4.74563e+00,-3.00683e+00
-7.150000E-006,-4.74563e+00,-2.80582e+00
-7.120000E-006,-4.34362e+00,-2.80582e+00
-7.090000E-006,-4.74563e+00,-3.00683e+00
-7.060000E-006,-4.74563e+00,-3.00683e+00
-7.030000E-006,-4.74563e+00,-2.80582e+00
-7.000000E-006,-4.74563e+00,-3.00683e+00
-6.970000E-006,-4.74563e+00,-2.80582e+00
-6.940000E-006,-4.34362e+00,-2.80582e+00
-6.910000E-006,-4.74563e+00,-2.80582e+00
-6.880000E-006,-4.34362e+00,-2.80582e+00
-6.850000E-006,-4.74563e+00,-2.80582e+00
-6.820000E-006,-4.34362e+00,-2.80582e+00
-6.790000E-006,-4.34362e+00,-2.80582e+00
-6.760000E-006,-4.74563e+00,-2.80582e+00
-6.730000E-006,-4.34362e+00,-3.00683e+00
-6.700000E-006,-4.34362e+00,-2.80582e+00
-6.670000E-006,-4.74563e+00,-2.80582e+00
-6.640000E-006,-4.34362e+00,-2.80582e+00
-6.610000E-006,-4.34362e+00,-2.80582e+00
-6.580000E-006,-4.74563e+00,-2.80582e+00
-6.550000E-006,-4.74563e+00,-2.80582e+00
-6.520000E-006,-4.34362e+00,-2.80582e+00
-6.490000E-006,-4.34362e+00,-2.80582e+00
-6.460000E-006,-4.34362e+00,-2.80582e+00
-6.430000E-006,-4.34362e+00,-2.80582e+00
-6.400000E-006,-4.34362e+00,-2.60482e+00
-6.370000E-006,-4.74563e+00,-2.60482e+00
-6.340000E-006,-4.34362e+00,-2.80582e+00
-6.310000E-006,-4.34362e+00,-2.60482e+00
-6.280000E-006,-4.34362e+00,-2.60482e+00
-6.250000E-006,-4.34362e+00,-2.60482e+00
-6.220000E-006,-4.34362e+00,-2.60482e+00
-6.190000E-006,-4.34362e+00,-2.60482e+00
-6.160000E-006,-4.74563e+00,-2.60482e+00
-6.130000E-006,-4.74563e+00,-2.60482e+00
-6.100000E-006,-4.34362e+00,-2.60482e+00
-6.070000E-006,-4.34362e+00,-2.60482e+00
-6.040000E-006,-3.94161e+00,-2.60482e+00
-6.010000E-006,-4.74563e+00,-2.80582e+00
-5.980000E-006,-4.34362e+00,-2.40381e+00
-5.950000E-006,-4.34362e+00,-2.40381e+00
-5.920000E-006,-4.34362e+00,-2.40381e+00
-5.890000E-006,-4.74563e+00,-2.60482e+00
-5.860000E-006,-3.94161e+00,-2.60482e+00
-5.830000E-006,-4.34362e+00,-2.40381e+00
-5.800000E-006,-4.34362e+00,-2.60482e+00
-5.770000E-006,-4.34362e+00,-2.60482e+00
-5.740000E-006,-4.74563e+00,-2.40381e+00
-5.710000E-006,-4.34362e+00,-2.60482e+00
-5.680000E-006,-4.34362e+00,-2.40381e+00
-5.650000E-006,-3.94161e+00,-2.60482e+00
-5.620000E-006,-4.34362e+00,-2.60482e+00
-5.590000E-006,-4.34362e+00,-2.40381e+00
-5.560000E-006,-3.94161e+00,-2.40381e+00
-5.530000E-006,-4.34362e+00,-2.40381e+00
-5.500000E-006,-4.34362e+00,-2.40381e+00
-5.470000E-006,-4.34362e+00,-2.40381e+00
-5.440000E-006,-4.74563e+00,-2.40381e+00
-5.410000E-006,-4.34362e+00,-2.40381e+00
-5.380000E-006,-4.34362e+00,-2.40381e+00
-5.350000E-006,-3.94161e+00,-2.40381e+00
-5.320000E-006,-4.34362e+00,-2.40381e+00
-5.290000E-006,-4.34362e+00,-2.40381e+00
-5.260000E-006,-4.74563e+00,-2.40381e+00
-5.230000E-006,-4.34362e+00,-2.20281e+00
-5.200000E-006,-4.74563e+00,-2.40381e+00
-5.170000E-006,-4.74563e+00,-2.40381e+00
-5.140000E-006,-4.34362e+00,-2.40381e+00
-5.110000E-006,-4.34362e+00,-2.20281e+00
-5.080000E-006,-4.34362e+00,-2.40381e+00
-5.050000E-006,-4.34362e+00,-2.40381e+00
-5.020000E-006,-4.34362e+00,-2.20281e+00
-4.990000E-006,-4.34362e+00,-2.40381e+00
-4.960000E-006,-4.34362e+00,-2.40381e+00
-4.930000E-006,-4.34362e+00,-2.20281e+00
-4.900000E-006,-4.34362e+00,-2.00180e+00
-4.870000E-006,-4.34362e+00,-2.40381e+00
-4.840000E-006,-4.34362e+00,-2.40381e+00
-4.810000E-006,-4.34362e+00,-2.40381e+00
-4.780000E-006,-4.34362e+00,-2.20281e+00
-4.750000E-006,-4.34362e+00,-2.40381e+00
-4.720000E-006,-3.94161e+00,-2.20281e+00
-4.690000E-006,-4.34362e+00,-2.20281e+00
-4.660000E-006,-4.34362e+00,-2.20281e+00
-4.630000E-006,-4.34362e+00,-2.00180e+00
-4.600000E-006,-4.34362e+00,-2.40381e+00
-4.570000E-006,-4.74563e+00,-2.20281e+00
-4.540000E-006,-4.34362e+00,-2.40381e+00
-4.510000E-006,-4.34362e+00,-2.20281e+00
-4.480000E-006,-3.94161e+00,-2.20281e+00
-4.450000E-006,-4.74563e+00,-2.20281e+00
-4.420000E-006,-4.34362e+00,-2.20281e+00
-4.390000E-006,-4.34362e+00,-2.20281e+00
-4.360000E-006,-4.74563e+00,-2.20281e+00
-4.330000E-006,-4.34362e+00,-2.20281e+00
-4.300000E-006,-4.34362e+00,-2.40381e+00
-4.270000E-006,-4.34362e+00,-2.40381e+00
-4.240000E-006,-4.34362e+00,-2.20281e+00
-4.210000E-006,-3.94161e+00,-2.20281e+00
-4.180000E-006,-4.34362e+00,-2.20281e+00
-4.150000E-006,-4.34362e+00,-2.00180e+00
-4.120000E-006,-4.34362e+00,-2.20281e+00
-4.090000E-006,-4.34362e+00,-2.00180e+00
-4.060000E-006,-4.34362e+00,-2.20281e+00
-4.030000E-006,-4.34362e+00,-2.00180e+00
-4.000000E-006,-4.74563e+00,-2.20281e+00
-3.970000E-006,-4.74563e+00,-2.20281e+00
-3.940000E-006,-4.34362e+00,-2.00180e+00
-3.910000E-006,-4.34362e+00,-2.00180e+00
-3.880000E-006,-4.74563e+00,-2.00180e+00
-3.850000E-006,-4.34362e+00,-2.00180e+00
-3.820000E-006,-4.34362e+00,-2.20281e+00
-3.790000E-006,-4.34362e+00,-2.20281e+00
-3.760000E-006,-4.34362e+00,-2.00180e+00
-3.730000E-006,-4.74563e+00,-2.20281e+00
-3.700000E-006,-4.34362e+00,-2.20281e+00
-3.670000E-006,-4.34362e+00,-2.20281e+00
-3.640000E-006,-4.34362e+00,-2.20281e+00
-3.610000E-006,-4.34362e+00,-2.20281e+00
-3.580000E-006,-4.34362e+00,-2.00180e+00
-3.550000E-006,-3.94161e+00,-2.00180e+00
-3.520000E-006,-4.74563e+00,-2.00180e+00
-3.490000E-006,-4.74563e+00,-2.20281e+00
-3.460000E-006,-4.34362e+00,-2.20281e+00
-3.430000E-006,-4.34362e+00,-2.00180e+00
-3.400000E-006,-4.34362e+00,-2.00180e+00
-3.370000E-006,-4.34362e+00,-2.00180e+00
-3.340000E-006,-4.74563e+00,-2.20281e+00
-3.310000E-006,-4.34362e+00,-1.80080e+00
-3.280000E-006,-3.94161e+00,-2.00180e+00
-3.250000E-006,-3.94161e+00,-2.00180e+00
-3.220000E-006,-4.34362e+00,-2.00180e+00
-3.190000E-006,-4.34362e+00,-2.00180e+00
-3.160000E-006,-4.34362e+00,-2.00180e+00
-3.130000E-006,-4.34362e+00,-1.80080e+00
-3.100000E-006,-4.34362e+00,-2.00180e+00
-3.070000E-006,-4.34362e+00,-1.80080e+00
-3.040000E-006,-4.34362e+00,-2.00180e+00
-3.010000E-006,-4.34362e+00,-1.80080e+00
-2.980000E-006,-4.34362e+00,-2.00180e+00
-2.950000E-006,-4.34362e+00,-2.00180e+00
-2.920000E-006,-4.34362e+00,-2.00180e+00
-2.890000E-006,-4.34362e+00,-1.80080e+00
-2.860000E-006,-4.34362e+00,-2.00180e+00
-2.830000E-006,-3.94161e+00,-2.00180e+00
-2.800000E-006,-4.34362e+00,-1.80080e+00
-2.770000E-006,-4.34362e+00,-2.00180e+00
-2.740000E-006,-4.34362e+00,-1.80080e+00
-2.710000E-006,-4.34362e+00,-1.80080e+00
-2.680000E-006,-4.34362e+00,-2.00180e+00
-2.650000E-006,-4.34362e+00,-1.80080e+00
-2.620000E-006,-3.94161e+00,-1.80080e+00
-2.590000E-006,-3.94161e+00,-1.80080e+00
-2.560000E-006,-4.34362e+00,-2.00180e+00
-2.530000E-006,-4.34362e+00,-1.80080e+00
-2.500000E-006,-4.34362e+00,-2.00180e+00
-2.470000E-006,-3.94161e+00,-2.00180e+00
-2.440000E-006,-3.94161e+00,-1.80080e+00
-2.410000E-006,-3.94161e+00,-1.80080e+00
-2.380000E-006,-3.94161e+00,-1.80080e+00
-2.350000E-006,-4.34362e+00,-1.80080e+00
-2.320000E-006,-3.94161e+00,-1.80080e+00
-2.290000E-006,-3.94161e+00,-1.80080e+00
-2.260000E-006,-3.94161e+00,-1.80080e+00
-2.230000E-006,-3.94161e+00,-1.59979e+00
-2.200000E-006,-3.53960e+00,-1.80080e+00
-2.170000E-006,-3.53960e+00,-1.80080e+00
-2.140000E-006,-3.53960e+00,-1.80080e+00
-2.110000E-006,-3.94161e+00,-1.80080e+00
-2.080000E-006,-3.94161e+00,-1.59979e+00
-2.050000E-006,-3.53960e+00,-1.59979e+00
-2.020000E-006,-3.53960e+00,-1.59979e+00
-1.990000E-006,-3.94161e+00,-1.59979e+00
-1.960000E-006,-3.53960e+00,-1.59979e+00
-1.930000E-006,-3.53960e+00,-1.59979e+00
-1.900000E-006,-3.53960e+00,-1.80080e+00
-1.870000E-006,-3.53960e+00,-1.59979e+00
-1.840000E-006,-3.13759e+00,-1.59979e+00
-1.810000E-006,-3.53960e+00,-1.59979e+00
-1.780000E-006,-3.13759e+00,-1.39879e+00
-1.750000E-006,-3.13759e+00,-1.59979e+00
-1.720000E-006,-3.13759e+00,-1.59979e+00
-1.690000E-006,-3.53960e+00,-1.59979e+00
-1.660000E-006,-3.53960e+00,-1.59979e+00
-1.630000E-006,-3.13759e+00,-1.59979e+00
-1.600000E-006,-3.13759e+00,-1.39879e+00
-1.570000E-006,-3.53960e+00,-1.39879e+00
-1.540000E-006,-3.13759e+00,-1.39879e+00
-1.510000E-006,-3.13759e+00,-1.39879e+00
-1.480000E-006,-2.73558e+00,-1.39879e+00
-1.450000E-006,-2.73558e+00,-1.59979e+00
-1.420000E-006,-2.73558e+00,-1.39879e+00
-1.390000E-006,-2.73558e+00,-1.39879e+00
-1.360000E-006,-2.33357e+00,-1.39879e+00
-1.330000E-006,-2.73558e+00,-1.19778e+00
-1.300000E-006,-2.73558e+00,-1.39879e+00
-1.270000E-006,-2.73558e+00,-1.39879e+00
-1.240000E-006,-2.73558e+00,-1.39879e+00
-1.210000E-006,-2.73558e+00,-1.19778e+00
-1.180000E-006,-2.33357e+00,-1.39879e+00
-1.150000E-006,-2.33357e+00,-1.39879e+00
-1.120000E-006,-2.33357e+00,-1.39879e+00
-1.090000E-006,-2.33357e+00,-1.39879e+00
-1.060000E-006,-1.93156e+00,-1.19778e+00
-1.030000E-006,-2.33357e+00,-1.19778e+00
-1.000000E-006,-2.33357e+00,-1.39879e+00
-9.700000E-007,-1.93156e+00,-1.19778e+00
-9.400000E-007,-1.93156e+00,-1.19778e+00
-9.100000E-007,-2.33357e+00,-1.19778e+00
-8.800000E-007,-2.33357e+00,-9.96777e-01
-8.500000E-007,-1.93156e+00,-1.19778e+00
-8.200000E-007,-1.93156e+00,-1.19778e+00
-7.900000E-007,-1.93156e+00,-1.19778e+00
-7.600000E-007,-1.93156e+00,-1.19778e+00
-7.300000E-007,-1.93156e+00,-9.96777e-01
-7.000000E-007,-1.12754e+00,-9.96777e-01
-6.700000E-007,-1.52955e+00,-9.96777e-01
-6.400000E-007,-1.52955e+00,-1.19778e+00
-6.100000E-007,-1.52955e+00,-1.19778e+00
-5.800000E-007,-1.52955e+00,-9.96777e-01
-5.500000E-007,-7.25529e-01,-9.96777e-01
-5.200000E-007,-1.12754e+00,-9.96777e-01
-4.900000E-007,-7.25529e-01,-9.96777e-01
-4.600000E-007,-1.12754e+00,-9.96777e-01
-4.300000E-007,-1.12754e+00,-9.96777e-01
-4.000000E-007,-7.25529e-01,-7.95772e-01
-3.700000E-007,-1.12754e+00,-9.96777e-01
-3.400000E-007,-1.12754e+00,-9.96777e-01
-3.100000E-007,-7.25529e-01,-9.96777e-01
-2.800000E-007,-7.25529e-01,-9.96777e-01
-2.500000E-007,-7.25529e-01,-7.95772e-01
-2.200000E-007,-7.25529e-01,-9.96777e-01
-1.900000E-007,-7.25529e-01,-7.95772e-01
-1.600000E-007,-3.23519e-01,-7.95772e-01
-1.300000E-007,7.84912e-02,-7.95772e-01
-1.000000E-007,-3.23519e-01,-7.95772e-01
-7.000000E-008,7.84912e-02,-7.95772e-01
-4.000000E-008,7.84912e-02,-7.95772e-01
-1.000000E-008,7.84912e-02,-5.94766e-01
2.000000E-008,7.84912e-02,-5.94766e-01
5.000000E-008,7.84912e-02,-5.94766e-01
8.000000E-008,-3.23519e-01,-7.95772e-01
1.100000E-007,7.84912e-02,-5.94766e-01
1.400000E-007,7.84912e-02,-5.94766e-01
1.700000E-007,7.84912e-02,-5.94766e-01
2.000000E-007,4.80501e-01,-7.95772e-01
2.300000E-007,4.80501e-01,-5.94766e-01
2.600000E-007,4.80501e-01,-5.94766e-01
2.900000E-007,4.80501e-01,-3.93761e-01
3.200000E-007,4.80501e-01,-5.94766e-01
3.500000E-007,8.82511e-01,-1.92756e-01
3.800000E-007,4.80501e-01,-3.93761e-01
4.100000E-007,4.80501e-01,-5.94766e-01
4.400000E-007,8.82511e-01,-3.93761e-01
4.700000E-007,8.82511e-01,-3.93761e-01
5.000000E-007,4.80501e-01,-3.93761e-01
5.300000E-007,8.82511e-01,-3.93761e-01
5.600000E-007,8.82511e-01,-3.93761e-01
5.900000E-007,8.82511e-01,-1.92756e-01
6.200000E-007,8.82511e-01,-3.93761e-01
6.500000E-007,8.82511e-01,-3.93761e-01
6.800000E-007,1.28452e+00,-3.93761e-01
7.100000E-007,1.28452e+00,-1.92756e-01
7.400000E-007,1.28452e+00,-1.92756e-01
7.700000E-007,1.28452e+00,-1.92756e-01
8.000000E-007,1.28452e+00,-1.92756e-01
8.300000E-007,1.28452e+00,8.24928e-03
8.600000E-007,1.28452e+00,-1.92756e-01
8.900000E-007,1.68653e+00,-1.92756e-01
9.200000E-007,1.68653e+00,8.24928e-03
9.500000E-007,1.68653e+00,-1.92756e-01
9.800000E-007,1.68653e+00,8.24928e-03
1.010000E-006,1.68653e+00,8.24928e-03
1.040000E-006,2.08854e+00,2.09254e-01
1.070000E-006,2.08854e+00,8.24928e-03
1.100000E-006,2.08854e+00,8.24928e-03
1.130000E-006,2.08854e+00,2.09254e-01
1.160000E-006,2.08854e+00,2.09254e-01
1.190000E-006,2.08854e+00,8.24928e-03
1.220000E-006,2.08854e+00,2.09254e-01
1.250000E-006,2.08854e+00,2.09254e-01
1.280000E-006,2.49055e+00,2.09254e-01
1.310000E-006,2.08854e+00,2.09254e-01
1.340000E-006,2.49055e+00,2.09254e-01
1.370000E-006,2.49055e+00,4.10259e-01
1.400000E-006,2.08854e+00,2.09254e-01
1.430000E-006,2.49055e+00,2.09254e-01
1.460000E-006,2.89256e+00,2.09254e-01
1.490000E-006,2.89256e+00,4.10259e-01
1.520000E-006,2.49055e+00,2.09254e-01
1.550000E-006,2.89256e+00,6.11264e-01
1.580000E-006,2.49055e+00,4.10259e-01
1.610000E-006,2.49055e+00,4.10259e-01
1.640000E-006,2.89256e+00,4.10259e-01
1.670000E-006,3.29457e+00,4.10259e-01
1.700000E-006,2.89256e+00,6.11264e-01
1.730000E-006,3.29457e+00,4.10259e-01
1.760000E-006,2.89256e+00,4.10259e-01
1.790000E-006,2.89256e+00,4.10259e-01
1.820000E-006,3.29457e+00,6.11264e-01
1.850000E-006,2.89256e+00,6.11264e-01
1.880000E-006,3.29457e+00,6.11264e-01
1.910000E-006,3.29457e+00,6.11264e-01
1.940000E-006,3.29457e+00,8.12269e-01
1.970000E-006,3.29457e+00,6.11264e-01
2.000000E-006,3.29457e+00,6.11264e-01
2.030000E-006,3.69658e+00,8.12269e-01
2.060000E-006,3.29457e+00,6.11264e-01
2.090000E-006,3.69658e+00,8.12269e-01
2.120000E-006,3.29457e+00,6.11264e-01
2.150000E-006,3.69658e+00,6.11264e-01
2.180000E-006,3.29457e+00,8.12269e-01
2.210000E-006,3.69658e+00,1.01327e+00
2.240000E-006,3.29457e+00,8.12269e-01
2.270000E-006,3.29457e+00,8.12269e-01
2.300000E-006,3.29457e+00,1.01327e+00
2.330000E-006,3.29457e+00,1.01327e+00
2.360000E-006,3.69658e+00,1.01327e+00
2.390000E-006,3.69658e+00,8.12269e-01
2.420000E-006,3.69658e+00,1.01327e+00
2.450000E-006,3.69658e+00,1.01327e+00
2.480000E-006,4.09859e+00,1.01327e+00
2.510000E-006,3.69658e+00,1.01327e+00
2.540000E-006,3.69658e+00,1.01327e+00
2.570000E-006,3.69658e+00,1.21428e+00
2.600000E-006,3.69658e+00,1.01327e+00
2.630000E-006,4.09859e+00,1.21428e+00
2.660000E-006,3.69658e+00,1.01327e+00
2.690000E-006,3.69658e+00,1.01327e+00
2.720000E-006,3.69658e+00,1.21428e+00
2.750000E-006,4.09859e+00,1.01327e+00
2.780000E-006,3.69658e+00,1.21428e+00
2.810000E-006,4.09859e+00,1.21428e+00
2.840000E-006,4.09859e+00,1.21428e+00
2.870000E-006,4.09859e+00,1.21428e+00
2.900000E-006,4.50060e+00,1.21428e+00
2.930000E-006,4.50060e+00,1.41528e+00
2.960000E-006,4.50060e+00,1.41528e+00
2.990000E-006,4.09859e+00,1.21428e+00
3.020000E-006,4.50060e+00,1.41528e+00
3.050000E-006,4.09859e+00,1.41528e+00
3.080000E-006,4.09859e+00,1.41528e+00
3.110000E-006,4.50060e+00,1.41528e+00
3.140000E-006,4.09859e+00,1.41528e+00
3.170000E-006,4.09859e+00,1.41528e+00
3.200000E-006,4.50060e+00,1.41528e+00
3.230000E-006,4.50060e+00,1.61629e+00
3.260000E-006,4.50060e+00,1.61629e+00
3.290000E-006,4.50060e+00,1.41528e+00
3.320000E-006,4.50060e+00,1.61629e+00
3.350000E-006,4.50060e+00,1.41528e+00
3.380000E-006,4.09859e+00,1.41528e+00
3.410000E-006,4.50060e+00,1.61629e+00
3.440000E-006,4.50060e+00,1.61629e+00
3.470000E-006,4.50060e+00,1.61629e+00
3.500000E-006,4.90261e+00,1.61629e+00
3.530000E-006,4.50060e+00,1.61629e+00
3.560000E-006,4.50060e+00,1.61629e+00
3.590000E-006,4.50060e+00,1.61629e+00
3.620000E-006,4.09859e+00,1.61629e+00
3.650000E-006,4.50060e+00,1.81729e+00
3.680000E-006,4.50060e+00,1.61629e+00
3.710000E-006,4.09859e+00,1.61629e+00
3.740000E-006,4.09859e+00,1.61629e+00
3.770000E-006,4.50060e+00,1.81729e+00
3.800000E-006,4.50060e+00,1.81729e+00
3.830000E-006,4.50060e+00,1.61629e+00
3.860000E-006,4.50060e+00,1.81729e+00
3.890000E-006,4.50060e+00,1.81729e+00
3.920000E-006,4.09859e+00,1.81729e+00
3.950000E-006,4.09859e+00,1.81729e+00
3.980000E-006,4.90261e+00,1.81729e+00
4.010000E-006,4.50060e+00,1.81729e+00
4.040000E-006,4.50060e+00,1.81729e+00
4.070000E-006,4.50060e+00,1.81729e+00
4.100000E-006,4.50060e+00,1.81729e+00
4.130000E-006,4.09859e+00,1.81729e+00
4.160000E-006,4.90261e+00,2.01830e+00
4.190000E-006,4.50060e+00,2.01830e+00
4.220000E-006,4.50060e+00,1.81729e+00
4.250000E-006,4.09859e+00,2.01830e+00
4.280000E-006,4.50060e+00,2.01830e+00
4.310000E-006,4.09859e+00,2.01830e+00
4.340000E-006,4.09859e+00,2.01830e+00
4.370000E-006,4.09859e+00,2.01830e+00
4.400000E-006,4.09859e+00,1.81729e+00
4.430000E-006,4.50060e+00,2.01830e+00
4.460000E-006,4.50060e+00,2.01830e+00
4.490000E-006,4.50060e+00,2.01830e+00
4.520000E-006,4.50060e+00,2.01830e+00
4.550000E-006,4.09859e+00,1.81729e+00
4.580000E-006,4.50060e+00,2.01830e+00
4.610000E-006,4.09859e+00,2.01830e+00
4.640000E-006,4.09859e+00,2.01830e+00
4.670000E-006,4.09859e+00,2.01830e+00
4.700000E-006,4.09859e+00,2.01830e+00
4.730000E-006,4.09859e+00,2.01830e+00
4.760000E-006,4.50060e+00,2.01830e+00
4.790000E-006,4.09859e+00,2.01830e+00
4.820000E-006,4.50060e+00,2.21930e+00
4.850000E-006,4.09859e+00,2.01830e+00
4.880000E-006,4.09859e+00,2.21930e+00
4.910000E-006,4.50060e+00,2.21930e+00
4.940000E-006,4.09859e+00,2.21930e+00
4.970000E-006,4.09859e+00,2.21930e+00
5.000000E-006,4.09859e+00,2.21930e+00
5.030000E-006,4.09859e+00,2.01830e+00
5.060000E-006,3.69658e+00,2.01830e+00
5.090000E-006,4.50060e+00,2.01830e+00
5.120000E-006,4.09859e+00,2.21930e+00
5.150000E-006,3.69658e+00,2.01830e+00
5.180000E-006,4.09859e+00,2.21930e+00
5.210000E-006,4.09859e+00,2.21930e+00
5.240000E-006,4.09859e+00,2.21930e+00
5.270000E-006,3.69658e+00,2.42031e+00
5.300000E-006,4.09859e+00,2.01830e+00
5.330000E-006,3.69658e+00,2.42031e+00
5.360000E-006,4.09859e+00,2.21930e+00
5.390000E-006,3.69658e+00,2.21930e+00
5.420000E-006,3.69658e+00,2.42031e+00
5.450000E-006,4.09859e+00,2.21930e+00
5.480000E-006,3.69658e+00,2.21930e+00
5.510000E-006,3.69658e+00,2.42031e+00
5.540000E-006,3.69658e+00,2.21930e+00
5.570000E-006,3.69658e+00,2.21930e+00
5.600000E-006,3.69658e+00,2.21930e+00
5.630000E-006,3.69658e+00,2.42031e+00
5.660000E-006,3.69658e+00,2.21930e+00
5.690000E-006,3.29457e+00,2.01830e+00
5.720000E-006,3.69658e+00,2.21930e+00
5.750000E-006,3.29457e+00,2.42031e+00
5.780000E-006,3.69658e+00,2.21930e+00
5.810000E-006,3.69658e+00,2.21930e+00
5.840000E-006,3.69658e+00,2.42031e+00
5.870000E-006,3.69658e+00,2.21930e+00
5.900000E-006,3.29457e+00,2.42031e+00
5.930000E-006,3.29457e+00,2.21930e+00
5.960000E-006,3.29457e+00,2.42031e+00
5.990000E-006,3.69658e+00,2.42031e+00
6.020000E-006,3.29457e+00,2.42031e+00
6.050000E-006,3.69658e+00,2.42031e+00
6.080000E-006,3.29457e+00,2.42031e+00
6.110000E-006,3.29457e+00,2.42031e+00
6.140000E-006,3.29457e+00,2.21930e+00
6.170000E-006,3.29457e+00,2.42031e+00
6.200000E-006,3.69658e+00,2.42031e+00
6.230000E-006,3.69658e+00,2.42031e+00
6.260000E-006,3.29457e+00,2.42031e+00
6.290000E-006,3.29457e+00,2.42031e+00
6.320000E-006,3.29457e+00,2.21930e+00
6.350000E-006,2.89256e+00,2.42031e+00
6.380000E-006,3.29457e+00,2.21930e+00
6.410000E-006,3.29457e+00,2.42031e+00
6.440000E-006,3.29457e+00,2.42031e+00
6.470000E-006,2.89256e+00,2.42031e+00
6.500000E-006,3.29457e+00,2.21930e+00
6.530000E-006,3.29457e+00,2.42031e+00
6.560000E-006,2.89256e+00,2.42031e+00
6.590000E-006,3.29457e+00,2.21930e+00
6.620000E-006,2.89256e+00,2.42031e+00
6.650000E-006,2.89256e+00,2.42031e+00
6.680000E-006,3.29457e+00,2.42031e+00
6.710000E-006,2.89256e+00,2.42031e+00
6.740000E-006,2.89256e+00,2.21930e+00
6.770000E-006,3.29457e+00,2.21930e+00
6.800000E-006,3.29457e+00,2.42031e+00
6.830000E-006,2.89256e+00,2.42031e+00
6.860000E-006,2.49055e+00,2.21930e+00
6.890000E-006,2.89256e+00,2.21930e+00
6.920000E-006,2.89256e+00,2.42031e+00
6.950000E-006,2.89256e+00,2.42031e+00
6.980000E-006,2.89256e+00,2.42031e+00
7.010000E-006,2.89256e+00,2.21930e+00
7.040000E-006,2.49055e+00,2.21930e+00
7.070000E-006,2.89256e+00,2.42031e+00
7.100000E-006,2.49055e+00,2.21930e+00
7.130000E-006,2.89256e+00,2.21930e+00
7.160000E-006,2.08854e+00,2.42031e+00
7.190000E-006,2.49055e+00,2.42031e+00
7.220000E-006,2.89256e+00,2.42031e+00
7.250000E-006,2.49055e+00,2.21930e+00
7.280000E-006,2.49055e+00,2.42031e+00
7.310000E-006,2.89256e+00,2.21930e+00
7.340000E-006,2.49055e+00,2.21930e+00
7.370000E-006,2.49055e+00,2.42031e+00
7.400000E-006,2.49055e+00,2.21930e+00
7.430000E-006,2.08854e+00,2.42031e+00
7.460000E-006,2.08854e+00,2.21930e+00
7.490000E-006,2.49055e+00,2.21930e+00
7.520000E-006,2.49055e+00,2.42031e+00
7.550000E-006,2.49055e+00,2.42031e+00
7.580000E-006,2.08854e+00,2.42031e+00
7.610000E-006,2.49055e+00,2.21930e+00
7.640000E-006,2.08854e+00,2.42031e+00
7.670000E-006,2.08854e+00,2.21930e+00
7.700000E-006,2.49055e+00,2.42031e+00
7.730000E-006,2.08854e+00,2.42031e+00
7.760000E-006,2.49055e+00,2.42031e+00
7.790000E-006,2.08854e+00,2.42031e+00
7.820000E-006,2.08854e+00,2.42031e+00
7.850000E-006,2.08854e+00,2.21930e+00
7.880000E-006,2.08854e+00,2.42031e+00
7.910000E-006,2.08854e+00,2.42031e+00
7.940000E-006,2.08854e+00,2.21930e+00
7.970000E-006,2.08854e+00,2.42031e+00
8.000000E-006,2.08854e+00,2.42031e+00
8.030000E-006,2.49055e+00,2.42031e+00
8.060000E-006,2.08854e+00,2.21930e+00
8.090000E-006,2.08854e+00,2.21930e+00
8.120000E-006,1.68653e+00,2.21930e+00
8.150000E-006,2.08854e+00,2.42031e+00
8.180000E-006,2.08854e+00,2.01830e+00
8.210000E-006,2.08854e+00,2.21930e+00
8.240000E-006,2.08854e+00,2.21930e+00
8.270000E-006,2.08854e+00,2.21930e+00
8.300000E-006,2.08854e+00,2.21930e+00
8.330000E-006,2.08854e+00,2.21930e+00
8.360000E-006,2.08854e+00,2.21930e+00
8.390000E-006,2.08854e+00,2.21930e+00
8.420000E-006,2.08854e+00,2.21930e+00
8.450000E-006,1.68653e+00,2.21930e+00
8.480000E-006,1.68653e+00,2.01830e+00
8.510000E-006,2.08854e+00,2.01830e+00
8.540000E-006,1.68653e+00,2.21930e+00
8.570000E-006,1.68653e+00,2.21930e+00
8.600000E-006,1.68653e+00,2.21930e+00
8.630000E-006,2.08854e+00,2.21930e+00
8.660000E-006,1.68653e+00,2.21930e+00
8.690000E-006,1.68653e+00,2.21930e+00
8.720000E-006,1.68653e+00,2.21930e+00
8.750000E-006,2.08854e+00,2.21930e+00
8.780000E-006,2.08854e+00,2.21930e+00
8.810000E-006,2.08854e+00,2.01830e+00
8.840000E-006,1.68653e+00,2.21930e+00
8.870000E-006,1.68653e+00,2.21930e+00
8.900000E-006,1.68653e+00,2.21930e+00
8.930000E-006,1.68653e+00,2.21930e+00
8.960000E-006,1.68653e+00,2.21930e+00
8.990000E-006,1.68653e+00,2.01830e+00
9.020000E-006,1.68653e+00,2.21930e+00
9.050000E-006,1.28452e+00,2.21930e+00
9.080000E-006,1.68653e+00,2.21930e+00
9.110000E-006,1.68653e+00,2.21930e+00
9.140000E-006,1.68653e+00,2.21930e+00
9.170000E-006,1.68653e+00,2.21930e+00
9.200000E-006,1.68653e+00,2.01830e+00
9.230000E-006,1.68653e+00,2.01830e+00
9.260000E-006,1.68653e+00,2.01830e+00
9.290000E-006,1.68653e+00,2.01830e+00
9.320000E-006,1.68653e+00,2.21930e+00
9.350000E-006,1.28452e+00,2.01830e+00
9.380000E-006,1.68653e+00,2.01830e+00
9.410000E-006,1.28452e+00,2.01830e+00
9.440000E-006,1.68653e+00,2.01830e+00
9.470000E-006,1.28452e+00,2.21930e+00
9.500000E-006,1.28452e+00,2.21930e+00
9.530000E-006,1.68653e+00,2.01830e+00
9.560000E-006,1.68653e+00,2.21930e+00
9.590000E-006,1.68653e+00,2.21930e+00
9.620000E-006,1.28452e+00,2.21930e+00
9.650000E-006,1.68653e+00,2.01830e+00
9.680000E-006,1.68653e+00,2.21930e+00
9.710000E-006,1.68653e+00,2.21930e+00
9.740000E-006,1.68653e+00,2.01830e+00
9.770000E-006,1.68653e+00,2.21930e+00
9.800000E-006,1.68653e+00,2.01830e+00
9.830000E-006,1.68653e+00,1.81729e+00
9.860000E-006,1.68653e+00,2.01830e+00
9.890000E-006,1.68653e+00,2.01830e+00
9.920000E-006,1.28452e+00,2.01830e+00
9.950000E-006,1.28452e+00,2.01830e+00
9.980000E-006,1.68653e+00,2.01830e+00
1.001000E-005,1.68653e+00,2.01830e+00
1.004000E-005,1.28452e+00,2.21930e+00
1.007000E-005,1.68653e+00,2.01830e+00
1.010000E-005,1.68653e+00,2.01830e+00
1.013000E-005,1.28452e+00,2.01830e+00
1.016000E-005,1.68653e+00,2.01830e+00
1.019000E-005,1.68653e+00,2.01830e+00
1.022000E-005,1.68653e+00,1.81729e+00
1.025000E-005,1.68653e+00,2.01830e+00
1.028000E-005,1.28452e+00,2.01830e+00
1.031000E-005,1.68653e+00,2.01830e+00
1.034000E-005,1.68653e+00,2.01830e+00
1.037000E-005,1.68653e+00,2.01830e+00
1.040000E-005,1.68653e+00,1.81729e+00
1.043000E-005,1.28452e+00,2.01830e+00
1.046000E-005,1.68653e+00,2.01830e+00
1.049000E-005,1.68653e+00,1.81729e+00
1.052000E-005,1.28452e+00,2.01830e+00
1.055000E-005,1.68653e+00,2.21930e+00
1.058000E-005,1.68653e+00,2.01830e+00
1.061000E-005,1.28452e+00,2.21930e+00
1.064000E-005,1.68653e+00,2.01830e+00
1.067000E-005,1.68653e+00,2.01830e+00
1.070000E-005,1.68653e+00,2.01830e+00
1.073000E-005,2.08854e+00,2.01830e+00
1.076000E-005,1.28452e+00,2.01830e+00
1.079000E-005,1.68653e+00,2.01830e+00
1.082000E-005,1.68653e+00,2.01830e+00
1.085000E-005,1.68653e+00,2.01830e+00
1.088000E-005,2.08854e+00,2.01830e+00
1.091000E-005,1.68653e+00,2.01830e+00
1.094000E-005,1.68653e+00,2.01830e+00
1.097000E-005,1.68653e+00,2.01830e+00
1.100000E-005,2.08854e+00,1.81729e+00
1.103000E-005,1.68653e+00,1.81729e+00
1.106000E-005,1.68653e+00,2.01830e+00
1.109000E-005,1.68653e+00,2.01830e+00
1.112000E-005,1.68653e+00,2.01830e+00
1.115000E-005,2.08854e+00,2.01830e+00
1.118000E-005,2.08854e+00,2.01830e+00
1.121000E-005,2.08854e+00,1.81729e+00
1.124000E-005,2.08854e+00,2.01830e+00
1.127000E-005,1.68653e+00,2.01830e+00
1.130000E-005,2.08854e+00,1.81729e+00
1.133000E-005,2.08854e+00,2.01830e+00
1.136000E-005,1.68653e+00,2.01830e+00
1.139000E-005,2.08854e+00,2.01830e+00
1.142000E-005,2.08854e+00,2.01830e+00
1.145000E-005,1.68653e+00,1.81729e+00
1.148000E-005,2.08854e+00,2.01830e+00
1.151000E-005,1.68653e+00,2.01830e+00
1.154000E-005,2.08854e+00,2.01830e+00
1.157000E-005,2.08854e+00,2.01830e+00
1.160000E-005,1.68653e+00,2.01830e+00
1.163000E-005,2.08854e+00,2.21930e+00
1.166000E-005,2.08854e+00,2.01830e+00
1.169000E-005,2.08854e+00,2.01830e+00
1.172000E-005,2.08854e+00,2.01830e+00
1.175000E-005,2.08854e+00,2.01830e+00
1.178000E-005,2.08854e+00,2.01830e+00
1.181000E-005,1.68653e+00,1.81729e+00
1.184000E-005,2.08854e+00,2.01830e+00
1.187000E-005,2.49055e+00,2.01830e+00
1.190000E-005,2.08854e+00,2.01830e+00
1.193000E-005,2.49055e+00,2.01830e+00
1.196000E-005,2.49055e+00,2.01830e+00
1.199000E-005,2.49055e+00,2.01830e+00
1.202000E-005,2.08854e+00,2.01830e+00
1.205000E-005,2.08854e+00,2.01830e+00
1.208000E-005,2.49055e+00,2.01830e+00
1.211000E-005,2.08854e+00,2.21930e+00
1.214000E-005,2.08854e+00,2.01830e+00
1.217000E-005,2.49055e+00,2.01830e+00
1.220000E-005,2.49055e+00,2.01830e+00
1.223000E-005,2.49055e+00,2.01830e+00
1.226000E-005,2.49055e+00,2.01830e+00
1.229000E-005,2.49055e+00,2.01830e+00
1.232000E-005,2.49055e+00,2.01830e+00
1.235000E-005,2.49055e+00,2.01830e+00
1.238000E-005,2.49055e+00,2.01830e+00
1.241000E-005,2.49055e+00,2.01830e+00
1.244000E-005,2.49055e+00,2.01830e+00
1.247000E-005,2.49055e+00,2.01830e+00
1.250000E-005,2.49055e+00,2.01830e+00
1.253000E-005,2.49055e+00,2.21930e+00
1.256000E-005,2.49055e+00,1.81729e+00
1.259000E-005,2.49055e+00,2.01830e+00
1.262000E-005,2.49055e+00,2.21930e+00
1.265000E-005,2.49055e+00,2.01830e+00
1.268000E-005,2.49055e+00,2.21930e+00
1.271000E-005,2.49055e+00,2.21930e+00
1.274000E-005,2.89256e+00,2.21930e+00
1.277000E-005,2.89256e+00,2.01830e+00
1.280000E-005,2.49055e+00,2.01830e+00
1.283000E-005,2.89256e+00,2.21930e+00
1.286000E-005,2.89256e+00,2.21930e+00
1.289000E-005,2.49055e+00,2.01830e+00
1.292000E-005,2.49055e+00,2.21930e+00
1.295000E-005,2.89256e+00,2.01830e+00
1.298000E-005,2.89256e+00,2.21930e+00
1.301000E-005,2.89256e+00,2.21930e+00
1.304000E-005,2.89256e+00,2.01830e+00
1.307000E-005,3.29457e+00,2.21930e+00
1.310000E-005,2.89256e+00,2.01830e+00
1.313000E-005,3.29457e+00,2.21930e+00
1.316000E-005,2.89256e+00,2.01830e+00
1.319000E-005,2.89256e+00,2.21930e+00
1.322000E-005,2.89256e+00,2.01830e+00
1.325000E-005,2.89256e+00,2.01830e+00
1.328000E-005,2.89256e+00,2.21930e+00
1.331000E-005,3.29457e+00,2.21930e+00
1.334000E-005,2.89256e+00,2.21930e+00
1.337000E-005,3.29457e+00,2.01830e+00
1.340000E-005,3.29457e+00,2.21930e+00
1.343000E-005,3.29457e+00,2.21930e+00
1.346000E-005,3.29457e+00,2.21930e+00
1.349000E-005,3.29457e+00,2.21930e+00
1.352000E-005,3.29457e+00,2.21930e+00
1.355000E-005,3.29457e+00,2.21930e+00
1.358000E-005,3.29457e+00,2.42031e+00
1.361000E-005,3.29457e+00,2.21930e+00
1.364000E-005,3.29457e+00,2.42031e+00
1.367000E-005,3.29457e+00,2.42031e+00
1.370000E-005,3.29457e+00,2.21930e+00
1.373000E-005,3.69658e+00,2.21930e+00
1.376000E-005,3.29457e+00,2.21930e+00
1.379000E-005,3.29457e+00,2.42031e+00
1.382000E-005,3.29457e+00,2.21930e+00
1.385000E-005,3.69658e+00,2.21930e+00
1.388000E-005,3.69658e+00,2.42031e+00
1.391000E-005,3.69658e+00,2.21930e+00
1.394000E-005,3.69658e+00,2.42031e+00
1.397000E-005,3.69658e+00,2.21930e+00
1.400000E-005,3.29457e+00,2.42031e+00
1.403000E-005,3.69658e+00,2.42031e+00
1.406000E-005,3.69658e+00,2.42031e+00
1.409000E-005,3.69658e+00,2.42031e+00
1.412000E-005,3.29457e+00,2.42031e+00
1.415000E-005,3.69658e+00,2.62131e+00
1.418000E-005,3.29457e+00,2.42031e+00
1.421000E-005,3.69658e+00,2.42031e+00
1.424000E-005,4.09859e+00,2.42031e+00
1.427000E-005,3.69658e+00,2.42031e+00
1.430000E-005,3.69658e+00,2.42031e+00
1.433000E-005,3.69658e+00,2.42031e+00
1.436000E-005,3.69658e+00,2.42031e+00
1.439000E-005,3.69658e+00,2.42031e+00
1.442000E-005,3.69658e+00,2.42031e+00
1.445000E-005,4.09859e+00,2.42031e+00
1.448000E-005,3.69658e+00,2.62131e+00
1.451000E-005,3.69658e+00,2.42031e+00
1.454000E-005,3.69658e+00,2.62131e+00
1.457000E-005,4.09859e+00,2.42031e+00
1.460000E-005,4.09859e+00,2.42031e+00
1.463000E-005,4.09859e+00,2.42031e+00
1.466000E-005,4.09859e+00,2.62131e+00
1.469000E-005,4.09859e+00,2.62131e+00
1.472000E-005,4.09859e+00,2.62131e+00
1.475000E-005,4.09859e+00,2.62131e+00
1.478000E-005,4.09859e+00,2.42031e+00
1.481000E-005,4.50060e+00,2.62131e+00
1.484000E-005,4.09859e+00,2.62131e+00
1.487000E-005,4.09859e+00,2.62131e+00
1.490000E-005,4.09859e+00,2.62131e+00
1.493000E-005,4.09859e+00,2.62131e+00
1.496000E-005,4.50060e+00,2.62131e+00
1.499000E-005,4.50060e+00,2.82232e+00
1.502000E-005,4.09859e+00,2.42031e+00
1.505000E-005,4.09859e+00,2.62131e+00
1.508000E-005,4.50060e+00,2.62131e+00
1.511000E-005,4.09859e+00,2.62131e+00
1.514000E-005,4.09859e+00,2.62131e+00
1.517000E-005,4.50060e+00,2.62131e+00
1.520000E-005,4.50060e+00,2.62131e+00
1.523000E-005,4.09859e+00,2.82232e+00
1.526000E-005,4.90261e+00,2.62131e+00
1.529000E-005,4.50060e+00,2.62131e+00
1.532000E-005,4.50060e+00,2.82232e+00
1.535000E-005,4.50060e+00,2.62131e+00
1.538000E-005,4.50060e+00,2.62131e+00
1.541000E-005,4.09859e+00,2.82232e+00
1.544000E-005,4.90261e+00,2.82232e+00
1.547000E-005,4.50060e+00,2.62131e+00
1.550000E-005,4.90261e+00,2.82232e+00
1.553000E-005,4.50060e+00,2.62131e+00
1.556000E-005,4.50060e+00,2.82232e+00
1.559000E-005,4.90261e+00,2.82232e+00
1.562000E-005,4.90261e+00,2.82232e+00
1.565000E-005,4.90261e+00,2.82232e+00
1.568000E-005,4.90261e+00,2.82232e+00
1.571000E-005,4.90261e+00,2.82232e+00
1.574000E-005,4.90261e+00,2.82232e+00
1.577000E-005,4.90261e+00,2.82232e+00
1.580000E-005,4.90261e+00,2.82232e+00
1.583000E-005,4.90261e+00,2.82232e+00
1.586000E-005,4.50060e+00,2.82232e+00
1.589000E-005,4.90261e+00,3.02332e+00
1.592000E-005,4.90261e+00,3.02332e+00
1.595000E-005,4.90261e+00,3.02332e+00
1.598000E-005,4.90261e+00,2.82232e+00
1.601000E-005,4.90261e+00,3.02332e+00
1.604000E-005,5.30462e+00,3.02332e+00
1.607000E-005,4.90261e+00,2.82232e+00
1.610000E-005,5.30462e+00,2.82232e+00
1.613000E-005,4.90261e+00,3.02332e+00
1.616000E-005,5.30462e+00,2.82232e+00
1.619000E-005,4.90261e+00,2.82232e+00
1.622000E-005,4.90261e+00,3.02332e+00
1.625000E-005,4.90261e+00,3.22433e+00
1.628000E-005,4.90261e+00,2.82232e+00
1.631000E-005,4.90261e+00,3.02332e+00
1.634000E-005,4.90261e+00,3.02332e+00
1.637000E-005,5.70663e+00,3.02332e+00
1.640000E-005,5.30462e+00,3.02332e+00
1.643000E-005,5.30462e+00,3.02332e+00
1.646000E-005,5.30462e+00,3.02332e+00
1.649000E-005,5.30462e+00,3.02332e+00
1.652000E-005,5.30462e+00,3.22433e+00
1.655000E-005,5.30462e+00,3.02332e+00
1.658000E-005,5.30462e+00,3.02332e+00
1.661000E-005,5.30462e+00,3.22433e+00
1.664000E-005,5.30462e+00,3.02332e+00
1.667000E-005,5.70663e+00,3.22433e+00
1.670000E-005,5.30462e+00,3.22433e+00
1.673000E-005,5.30462e+00,3.22433e+00
1.676000E-005,5.70663e+00,3.22433e+00
1.679000E-005,5.70663e+00,3.22433e+00
1.682000E-005,5.70663e+00,3.22433e+00
1.685000E-005,5.70663e+00,3.22433e+00
1.688000E-005,5.70663e+00,3.22433e+00
1.691000E-005,5.70663e+00,3.42533e+00
1.694000E-005,5.30462e+00,3.22433e+00
1.697000E-005,5.30462e+00,3.22433e+00
1.700000E-005,5.30462e+00,3.22433e+00
1.703000E-005,5.70663e+00,3.02332e+00
1.706000E-005,5.70663e+00,3.22433e+00
1.709000E-005,5.70663e+00,3.22433e+00
1.712000E-005,5.70663e+00,3.62634e+00
1.715000E-005,5.70663e+00,3.22433e+00
1.718000E-005,5.70663e+00,3.22433e+00
1.721000E-005,5.70663e+00,3.42533e+00
1.724000E-005,6.10864e+00,3.42533e+00
1.727000E-005,5.70663e+00,3.42533e+00
1.730000E-005,5.70663e+00,3.42533e+00
1.733000E-005,6.10864e+00,3.42533e+00
1.736000E-005,5.70663e+00,3.22433e+00
1.739000E-005,6.10864e+00,3.42533e+00
1.742000E-005,6.10864e+00,3.22433e+00
1.745000E-005,6.10864e+00,3.42533e+00
1.748000E-005,5.70663e+00,3.42533e+00
1.751000E-005,6.10864e+00,3.42533e+00
1.754000E-005,6.10864e+00,3.42533e+00
1.757000E-005,5.70663e+00,3.42533e+00
1.760000E-005,6.10864e+00,3.42533e+00
1.763000E-005,6.10864e+00,3.62634e+00
1.766000E-005,5.70663e+00,3.42533e+00
1.769000E-005,5.70663e+00,3.62634e+00
1.772000E-005,5.70663e+00,3.42533e+00
1.775000E-005,5.70663e+00,3.42533e+00
1.778000E-005,6.10864e+00,3.42533e+00
1.781000E-005,6.51065e+00,3.62634e+00
1.784000E-005,6.10864e+00,3.42533e+00
1.787000E-005,6.10864e+00,3.62634e+00
1.790000E-005,5.70663e+00,3.62634e+00
1.793000E-005,6.10864e+00,3.62634e+00
1.796000E-005,6.10864e+00,3.62634e+00
1.799000E-005,6.10864e+00,3.62634e+00
1.802000E-005,6.10864e+00,3.62634e+00
1.805000E-005,6.10864e+00,3.42533e+00
1.808000E-005,6.10864e+00,3.62634e+00
1.811000E-005,6.51065e+00,3.62634e+00
1.814000E-005,6.10864e+00,3.62634e+00
1.817000E-005,6.10864e+00,3.62634e+00
1.820000E-005,6.10864e+00,3.62634e+00
1.823000E-005,6.10864e+00,3.82734e+00
1.826000E-005,6.10864e+00,3.82734e+00
1.829000E-005,6.51065e+00,3.82734e+00
1.832000E-005,6.10864e+00,3.62634e+00
1.835000E-005,6.10864e+00,3.62634e+00
1.838000E-005,6.10864e+00,3.82734e+00
1.841000E-005,5.70663e+00,3.82734e+00
1.844000E-005,6.51065e+00,3.62634e+00
1.847000E-005,6.51065e+00,3.62634e+00
1.850000E-005,6.10864e+00,3.82734e+00
1.853000E-005,6.10864e+00,3.62634e+00
1.856000E-005,6.51065e+00,3.82734e+00
1.859000E-005,6.10864e+00,3.82734e+00
1.862000E-005,6.10864e+00,3.62634e+00
1.865000E-005,5.70663e+00,3.62634e+00
1.868000E-005,6.51065e+00,4.02835e+00
1.871000E-005,6.10864e+00,3.82734e+00
1.874000E-005,6.51065e+00,3.82734e+00
1.877000E-005,6.10864e+00,3.82734e+00
1.880000E-005,6.51065e+00,3.82734e+00
1.883000E-005,6.51065e+00,3.82734e+00
1.886000E-005,6.51065e+00,3.82734e+00
1.889000E-005,6.51065e+00,4.02835e+00
1.892000E-005,6.51065e+00,3.82734e+00
1.895000E-005,6.10864e+00,4.02835e+00
1.898000E-005,6.10864e+00,3.82734e+00
1.901000E-005,6.10864e+00,4.02835e+00
1.904000E-005,6.51065e+00,4.02835e+00
1.907000E-005,6.10864e+00,4.02835e+00
1.910000E-005,6.10864e+00,4.02835e+00
1.913000E-005,6.10864e+00,4.02835e+00
1.916000E-005,6.10864e+00,3.82734e+00
1.919000E-005,6.10864e+00,4.02835e+00
1.922000E-005,6.51065e+00,3.82734e+00
1.925000E-005,6.10864e+00,3.82734e+00
1.928000E-005,6.10864e+00,3.82734e+00
1.931000E-005,6.51065e+00,4.02835e+00
1.934000E-005,6.51065e+00,4.02835e+00
1.937000E-005,6.10864e+00,4.02835e+00
1.940000E-005,6.51065e+00,4.02835e+00
1.943000E-005,6.51065e+00,4.02835e+00
1.946000E-005,6.51065e+00,4.22935e+00
1.949000E-005,6.51065e+00,4.22935e+00
1.952000E-005,6.91266e+00,4.02835e+00
1.955000E-005,6.10864e+00,4.02835e+00
1.958000E-005,6.10864e+00,4.02835e+00
1.961000E-005,6.51065e+00,4.22935e+00
1.964000E-005,6.51065e+00,4.02835e+00
1.967000E-005,6.10864e+00,4.22935e+00
1.970000E-005,6.51065e+00,4.22935e+00
1.973000E-005,6.51065e+00,4.02835e+00
1.976000E-005,6.51065e+00,4.02835e+00
1.979000E-005,6.10864e+00,4.22935e+00
1.982000E-005,6.51065e+00,4.02835e+00
1.985000E-005,6.10864e+00,4.02835e+00
1.988000E-005,6.51065e+00,4.02835e+00
1.991000E-005,6.51065e+00,4.22935e+00
1.994000E-005,6.51065e+00,4.22935e+00
1.997000E-005,6.10864e+00,4.22935e+00
2.000000E-005,6.51065e+00,4.22935e+00
2.003000E-005,6.51065e+00,4.02835e+00
2.006000E-005,6.51065e+00,4.22935e+00
2.009000E-005,6.51065e+00,4.22935e+00
2.012000E-005,6.51065e+00,4.22935e+00
2.015000E-005,6.51065e+00,4.22935e+00
2.018000E-005,6.51065e+00,4.22935e+00
2.021000E-005,6.91266e+00,4.22935e+00
2.024000E-005,6.51065e+00,4.22935e+00
2.027000E-005,6.51065e+00,4.22935e+00
2.030000E-005,6.51065e+00,4.02835e+00
2.033000E-005,6.51065e+00,4.43036e+00
2.036000E-005,6.51065e+00,4.22935e+00
2.039000E-005,6.51065e+00,4.43036e+00
2.042000E-005,6.51065e+00,4.22935e+00
2.045000E-005,6.51065e+00,4.22935e+00
2.048000E-005,6.51065e+00,4.43036e+00
2.051000E-005,6.10864e+00,4.22935e+00
2.054000E-005,6.10864e+00,4.43036e+00
2.057000E-005,6.51065e+00,4.22935e+00
2.060000E-005,6.10864e+00,4.43036e+00
2.063000E-005,6.51065e+00,4.43036e+00
2.066000E-005,6.51065e+00,4.22935e+00
2.069000E-005,6.51065e+00,4.22935e+00
2.072000E-005,6.10864e+00,4.22935e+00
2.075000E-005,6.51065e+00,4.43036e+00
2.078000E-005,6.51065e+00,4.22935e+00
2.081000E-005,6.51065e+00,4.43036e+00
2.084000E-005,6.10864e+00,4.43036e+00
2.087000E-005,6.51065e+00,4.43036e+00
2.090000E-005,6.51065e+00,4.43036e+00
2.093000E-005,6.51065e+00,4.43036e+00
2.096000E-005,6.51065e+00,4.43036e+00
2.099000E-005,6.10864e+00,4.43036e+00
2.102000E-005,6.51065e+00,4.43036e+00
2.105000E-005,6.51065e+00,4.43036e+00
2.108000E-005,6.51065e+00,4.43036e+00
2.111000E-005,6.91266e+00,4.43036e+00
2.114000E-005,6.51065e+00,4.43036e+00
2.117000E-005,6.10864e+00,4.43036e+00
2.120000E-005,6.51065e+00,4.43036e+00
2.123000E-005,6.51065e+00,4.43036e+00
2.126000E-005,6.51065e+00,4.63136e+00
2.129000E-005,6.51065e+00,4.43036e+00
2.132000E-005,6.51065e+00,4.43036e+00
2.135000E-005,6.51065e+00,4.43036e+00
2.138000E-005,6.51065e+00,4.43036e+00
2.141000E-005,6.51065e+00,4.63136e+00
2.144000E-005,6.51065e+00,4.43036e+00
2.147000E-005,6.51065e+00,4.63136e+00
2.150000E-005,6.51065e+00,4.63136e+00
2.153000E-005,6.10864e+00,4.43036e+00
2.156000E-005,6.51065e+00,4.63136e+00
2.159000E-005,6.51065e+00,4.43036e+00
2.162000E-005,6.51065e+00,4.43036e+00
2.165000E-005,6.51065e+00,4.63136e+00
2.168000E-005,6.10864e+00,4.43036e+00
2.171000E-005,6.51065e+00,4.43036e+00
2.174000E-005,6.10864e+00,4.63136e+00
2.177000E-005,6.51065e+00,4.63136e+00
2.180000E-005,6.51065e+00,4.63136e+00
2.183000E-005,6.51065e+00,4.43036e+00
2.186000E-005,6.51065e+00,4.63136e+00
2.189000E-005,6.51065e+00,4.43036e+00
2.192000E-005,6.51065e+00,4.63136e+00
2.195000E-005,6.51065e+00,4.63136e+00
2.198000E-005,6.51065e+00,4.63136e+00
2.201000E-005,6.51065e+00,4.43036e+00
2.204000E-005,6.10864e+00,4.63136e+00
2.207000E-005,6.91266e+00,4.63136e+00
2.210000E-005,6.51065e+00,4.63136e+00
2.213000E-005,6.51065e+00,4.63136e+00
2.216000E-005,6.51065e+00,4.83237e+00
2.219000E-005,6.51065e+00,4.63136e+00
2.222000E-005,6.10864e+00,4.63136e+00
2.225000E-005,6.10864e+00,4.63136e+00
2.228000E-005,6.51065e+00,4.63136e+00
2.231000E-005,6.10864e+00,4.63136e+00
2.234000E-005,6.51065e+00,4.83237e+00
2.237000E-005,6.51065e+00,4.63136e+00
2.240000E-005,6.51065e+00,4.63136e+00
2.243000E-005,6.10864e+00,4.63136e+00
2.246000E-005,6.51065e+00,4.83237e+00
2.249000E-005,6.51065e+00,4.63136e+00
2.252000E-005,6.10864e+00,4.83237e+00
2.255000E-005,6.51065e+00,4.83237e+00
2.258000E-005,6.51065e+00,4.83237e+00
2.261000E-005,6.51065e+00,4.63136e+00
2.264000E-005,6.51065e+00,4.63136e+00
2.267000E-005,6.10864e+00,4.63136e+00
2.270000E-005,6.51065e+00,4.83237e+00
2.273000E-005,6.10864e+00,4.83237e+00
2.276000E-005,6.10864e+00,4.63136e+00
2.279000E-005,6.51065e+00,4.83237e+00
2.282000E-005,6.10864e+00,4.83237e+00
2.285000E-005,6.51065e+00,4.63136e+00
2.288000E-005,6.51065e+00,4.83237e+00
2.291000E-005,6.10864e+00,4.83237e+00
2.294000E-005,6.51065e+00,4.63136e+00
2.297000E-005,6.10864e+00,4.63136e+00
2.300000E-005,6.51065e+00,4.83237e+00
2.303000E-005,6.10864e+00,4.63136e+00
2.306000E-005,6.51065e+00,4.63136e+00
2.309000E-005,6.51065e+00,4.83237e+00
2.312000E-005,6.51065e+00,4.63136e+00
2.315000E-005,6.51065e+00,4.83237e+00
2.318000E-005,6.10864e+00,4.63136e+00
2.321000E-005,6.91266e+00,4.83237e+00
2.324000E-005,6.51065e+00,4.63136e+00
2.327000E-005,6.51065e+00,4.63136e+00
2.330000E-005,6.10864e+00,4.83237e+00
2.333000E-005,6.10864e+00,4.63136e+00
2.336000E-005,6.10864e+00,4.83237e+00
2.339000E-005,6.51065e+00,4.63136e+00
2.342000E-005,6.51065e+00,4.83237e+00
2.345000E-005,6.10864e+00,4.83237e+00
2.348000E-005,6.51065e+00,4.83237e+00
2.351000E-005,6.51065e+00,4.83237e+00
2.354000E-005,6.51065e+00,4.83237e+00
2.357000E-005,6.51065e+00,4.83237e+00
2.360000E-005,6.10864e+00,4.83237e+00
2.363000E-005,6.10864e+00,4.83237e+00
2.366000E-005,6.51065e+00,4.83237e+00
2.369000E-005,6.51065e+00,4.83237e+00
2.372000E-005,6.10864e+00,4.83237e+00
2.375000E-005,6.51065e+00,4.83237e+00
2.378000E-005,6.10864e+00,4.63136e+00
2.381000E-005,6.51065e+00,4.83237e+00
2.384000E-005,6.10864e+00,4.83237e+00
2.387000E-005,6.10864e+00,5.03337e+00
2.390000E-005,6.10864e+00,4.83237e+00
2.393000E-005,6.10864e+00,4.83237e+00
2.396000E-005,6.51065e+00,4.83237e+00
2.399000E-005,6.51065e+00,4.83237e+00
2.402000E-005,6.10864e+00,4.83237e+00
2.405000E-005,6.51065e+00,4.83237e+00
2.408000E-005,6.10864e+00,4.83237e+00
2.411000E-005,6.10864e+00,4.83237e+00
2.414000E-005,6.10864e+00,5.03337e+00
2.417000E-005,6.51065e+00,5.03337e+00
2.420000E-005,6.51065e+00,5.03337e+00
2.423000E-005,6.10864e+00,4.83237e+00
2.426000E-005,6.10864e+00,5.03337e+00
2.429000E-005,6.10864e+00,4.83237e+00
2.432000E-005,6.10864e+00,4.83237e+00
2.435000E-005,6.10864e+00,4.83237e+00
2.438000E-005,6.10864e+00,4.83237e+00
2.441000E-005,6.10864e+00,4.83237e+00
2.444000E-005,6.51065e+00,5.03337e+00
2.447000E-005,6.10864e+00,4.83237e+00
2.450000E-005,6.10864e+00,4.83237e+00
2.453000E-005,6.51065e+00,4.83237e+00
2.456000E-005,6.10864e+00,4.83237e+00
2.459000E-005,6.51065e+00,4.83237e+00
2.462000E-005,6.51065e+00,5.03337e+00
2.465000E-005,6.10864e+00,5.03337e+00
2.468000E-005,6.51065e+00,4.83237e+00
2.471000E-005,6.10864e+00,4.83237e+00
2.474000E-005,6.10864e+00,4.83237e+00
2.477000E-005,6.51065e+00,5.03337e+00
2.480000E-005,6.10864e+00,5.03337e+00
2.483000E-005,6.10864e+00,5.03337e+00
2.486000E-005,6.51065e+00,4.83237e+00
2.489000E-005,6.51065e+00,5.03337e+00
2.492000E-005,6.51065e+00,4.83237e+00
2.495000E-005,6.51065e+00,5.03337e+00
2.498000E-005,6.10864e+00,4.83237e+00
2.501000E-005,6.51065e+00,5.03337e+00
2.504000E-005,6.10864e+00,4.83237e+00
2.507000E-005,6.10864e+00,4.83237e+00
2.510000E-005,6.10864e+00,4.83237e+00
2.513000E-005,6.10864e+00,4.83237e+00
2.516000E-005,6.10864e+00,5.03337e+00
2.519000E-005,6.10864e+00,4.83237e+00
2.522000E-005,6.10864e+00,5.03337e+00
2.525000E-005,6.10864e+00,4.83237e+00
2.528000E-005,6.10864e+00,5.03337e+00
2.531000E-005,6.51065e+00,5.03337e+00
2.534000E-005,6.10864e+00,5.03337e+00
2.537000E-005,6.51065e+00,4.83237e+00
2.540000E-005,6.51065e+00,4.83237e+00
2.543000E-005,6.51065e+00,5.03337e+00
2.546000E-005,6.51065e+00,5.03337e+00
2.549000E-005,6.10864e+00,5.03337e+00
2.552000E-005,6.10864e+00,4.83237e+00
2.555000E-005,6.10864e+00,5.03337e+00
2.558000E-005,6.10864e+00,5.03337e+00
2.561000E-005,6.51065e+00,5.03337e+00
2.564000E-005,6.10864e+00,5.03337e+00
2.567000E-005,6.10864e+00,4.83237e+00
2.570000E-005,6.10864e+00,5.03337e+00
2.573000E-005,6.51065e+00,5.03337e+00
2.576000E-005,6.51065e+00,5.03337e+00
2.579000E-005,6.51065e+00,5.03337e+00
2.582000E-005,6.10864e+00,4.83237e+00
2.585000E-005,6.51065e+00,5.03337e+00
2.588000E-005,6.51065e+00,5.03337e+00
2.591000E-005,6.51065e+00,5.03337e+00
2.594000E-005,6.10864e+00,5.03337e+00
2.597000E-005,6.51065e+00,5.03337e+00
2.600000E-005,6.51065e+00,5.03337e+00
2.603000E-005,6.10864e+00,5.23438e+00
2.606000E-005,6.51065e+00,5.03337e+00
2.609000E-005,6.51065e+00,5.23438e+00
2.612000E-005,6.10864e+00,4.83237e+00
2.615000E-005,6.10864e+00,5.03337e+00
2.618000E-005,6.10864e+00,5.03337e+00
2.621000E-005,6.10864e+00,5.23438e+00
2.624000E-005,6.51065e+00,5.03337e+00
2.627000E-005,6.51065e+00,5.23438e+00
2.630000E-005,6.10864e+00,5.03337e+00
2.633000E-005,6.51065e+00,5.03337e+00
2.636000E-005,6.10864e+00,5.03337e+00
2.639000E-005,6.10864e+00,4.83237e+00
2.642000E-005,6.51065e+00,5.03337e+00
2.645000E-005,6.51065e+00,5.23438e+00
2.648000E-005,6.51065e+00,5.03337e+00
2.651000E-005,6.10864e+00,5.03337e+00
2.654000E-005,6.51065e+00,5.03337e+00
2.657000E-005,6.10864e+00,5.03337e+00
2.660000E-005,6.51065e+00,5.03337e+00
2.663000E-005,6.51065e+00,5.03337e+00
2.666000E-005,6.10864e+00,5.03337e+00
2.669000E-005,6.51065e+00,5.03337e+00
2.672000E-005,6.51065e+00,5.03337e+00
2.675000E-005,6.10864e+00,5.03337e+00
2.678000E-005,6.10864e+00,5.23438e+00
2.681000E-005,6.51065e+00,5.03337e+00
2.684000E-005,6.10864e+00,5.03337e+00
2.687000E-005,6.10864e+00,4.83237e+00
2.690000E-005,6.51065e+00,5.03337e+00
2.693000E-005,6.51065e+00,5.03337e+00
2.696000E-005,6.51065e+00,5.03337e+00
2.699000E-005,6.51065e+00,5.23438e+00
2.702000E-005,6.51065e+00,5.03337e+00
2.705000E-005,6.10864e+00,5.23438e+00
2.708000E-005,6.51065e+00,5.23438e+00
2.711000E-005,6.51065e+00,5.03337e+00
2.714000E-005,6.51065e+00,5.03337e+00
2.717000E-005,6.51065e+00,5.03337e+00
2.720000E-005,6.51065e+00,5.03337e+00
2.723000E-005,6.51065e+00,5.03337e+00
2.726000E-005,6.51065e+00,5.03337e+00
2.729000E-005,6.51065e+00,5.23438e+00
2.732000E-005,6.51065e+00,5.03337e+00
2.735000E-005,6.51065e+00,5.23438e+00
2.738000E-005,6.51065e+00,5.23438e+00
2.741000E-005,6.51065e+00,5.03337e+00
2.744000E-005,6.10864e+00,5.03337e+00
2.747000E-005,6.51065e+00,5.23438e+00
2.750000E-005,6.51065e+00,5.03337e+00
2.753000E-005,6.10864e+00,5.03337e+00
2.756000E-005,6.51065e+00,5.23438e+00
2.759000E-005,6.51065e+00,5.03337e+00
2.762000E-005,6.51065e+00,5.03337e+00
2.765000E-005,6.10864e+00,5.23438e+00
2.768000E-005,6.51065e+00,5.23438e+00
2.771000E-005,6.51065e+00,5.23438e+00
2.774000E-005,6.51065e+00,5.23438e+00
2.777000E-005,6.10864e+00,5.23438e+00
2.780000E-005,6.51065e+00,5.23438e+00
2.783000E-005,6.51065e+00,5.23438e+00
2.786000E-005,6.51065e+00,5.23438e+00
2.789000E-005,6.51065e+00,5.23438e+00
2.792000E-005,6.51065e+00,5.03337e+00
2.795000E-005,6.51065e+00,5.23438e+00
2.798000E-005,6.51065e+00,5.23438e+00
2.801000E-005,6.51065e+00,5.23438e+00
2.804000E-005,6.51065e+00,5.23438e+00
2.807000E-005,6.51065e+00,5.23438e+00
2.810000E-005,6.51065e+00,5.03337e+00
2.813000E-005,6.91266e+00,5.23438e+00
2.816000E-005,6.91266e+00,5.23438e+00
2.819000E-005,6.91266e+00,5.23438e+00
2.822000E-005,6.51065e+00,5.23438e+00
2.825000E-005,6.51065e+00,5.03337e+00
2.828000E-005,6.51065e+00,5.23438e+00
2.831000E-005,6.91266e+00,5.23438e+00
2.834000E-005,6.51065e+00,5.23438e+00
2.837000E-005,6.51065e+00,5.43538e+00
2.840000E-005,6.91266e+00,5.23438e+00
2.843000E-005,6.91266e+00,5.23438e+00
2.846000E-005,6.91266e+00,5.23438e+00
2.849000E-005,6.51065e+00,5.23438e+00
2.852000E-005,6.51065e+00,5.23438e+00
2.855000E-005,6.91266e+00,5.23438e+00
2.858000E-005,6.51065e+00,5.23438e+00
2.861000E-005,6.91266e+00,5.43538e+00
2.864000E-005,6.51065e+00,5.23438e+00
2.867000E-005,6.91266e+00,5.23438e+00
2.870000E-005,6.51065e+00,5.23438e+00
2.873000E-005,6.91266e+00,5.23438e+00
2.876000E-005,6.51065e+00,5.23438e+00
2.879000E-005,6.91266e+00,5.03337e+00
2.882000E-005,6.51065e+00,5.23438e+00
2.885000E-005,6.91266e+00,5.23438e+00
2.888000E-005,6.51065e+00,5.43538e+00
2.891000E-005,6.91266e+00,5.43538e+00
2.894000E-005,6.91266e+00,5.23438e+00
2.897000E-005,6.91266e+00,5.43538e+00
2.900000E-005,7.31467e+00,5.43538e+00
2.903000E-005,6.91266e+00,5.43538e+00
2.906000E-005,6.51065e+00,5.23438e+00
2.909000E-005,6.51065e+00,5.23438e+00
2.912000E-005,6.91266e+00,5.23438e+00
2.915000E-005,6.51065e+00,5.43538e+00
2.918000E-005,6.51065e+00,5.23438e+00
2.921000E-005,6.91266e+00,5.23438e+00
2.924000E-005,6.91266e+00,5.23438e+00
2.927000E-005,6.91266e+00,5.23438e+00
2.930000E-005,6.91266e+00,5.43538e+00
2.933000E-005,6.91266e+00,5.43538e+00
2.936000E-005,6.51065e+00,5.43538e+00
2.939000E-005,6.91266e+00,5.43538e+00
2.942000E-005,7.31467e+00,5.23438e+00
2.945000E-005,6.91266e+00,5.43538e+00
2.948000E-005,6.91266e+00,5.43538e+00
2.951000E-005,6.91266e+00,5.43538e+00
2.954000E-005,6.91266e+00,5.43538e+00
2.957000E-005,6.91266e+00,5.43538e+00
2.960000E-005,6.91266e+00,5.43538e+00
2.963000E-005,6.51065e+00,5.43538e+00
2.966000E-005,6.51065e+00,5.43538e+00
2.969000E-005,6.91266e+00,5.43538e+00
2.972000E-005,6.51065e+00,5.43538e+00
2.975000E-005,6.91266e+00,5.43538e+00
2.978000E-005,7.31467e+00,5.43538e+00
2.981000E-005,6.91266e+00,5.43538e+00
2.984000E-005,7.31467e+00,5.43538e+00
2.987000E-005,6.91266e+00,5.43538e+00
2.990000E-005,6.91266e+00,5.43538e+00
2.993000E-005,6.91266e+00,5.43538e+00
2.996000E-005,6.91266e+00,5.43538e+00
2.999000E-005,7.31467e+00,5.43538e+00
3.002000E-005,6.91266e+00,5.43538e+00
3.005000E-005,6.91266e+00,5.43538e+00
3.008000E-005,7.31467e+00,5.43538e+00
3.011000E-005,6.51065e+00,5.43538e+00
3.014000E-005,7.31467e+00,5.43538e+00
3.017000E-005,6.91266e+00,5.63639e+00
3.020000E-005,6.91266e+00,5.43538e+00
3.023000E-005,7.31467e+00,5.43538e+00
3.026000E-005,7.31467e+00,5.43538e+00
3.029000E-005,7.31467e+00,5.43538e+00
3.032000E-005,6.91266e+00,5.43538e+00
3.035000E-005,7.31467e+00,5.43538e+00
3.038000E-005,7.31467e+00,5.43538e+00
3.041000E-005,6.91266e+00,5.43538e+00
3.044000E-005,6.91266e+00,5.43538e+00
3.047000E-005,7.31467e+00,5.43538e+00
3.050000E-005,6.91266e+00,5.43538e+00
3.053000E-005,7.31467e+00,5.43538e+00
3.056000E-005,7.31467e+00,5.43538e+00
3.059000E-005,7.71668e+00,5.43538e+00
3.062000E-005,6.91266e+00,5.43538e+00
3.065000E-005,7.31467e+00,5.63639e+00
3.068000E-005,7.31467e+00,5.43538e+00
3.071000E-005,7.31467e+00,5.83739e+00
3.074000E-005,6.91266e+00,5.43538e+00
3.077000E-005,7.31467e+00,5.63639e+00
3.080000E-005,7.31467e+00,5.63639e+00
3.083000E-005,7.31467e+00,5.63639e+00
3.086000E-005,7.31467e+00,5.43538e+00
3.089000E-005,6.91266e+00,5.63639e+00
3.092000E-005,7.31467e+00,5.63639e+00
3.095000E-005,7.31467e+00,5.63639e+00
3.098000E-005,7.31467e+00,5.43538e+00
3.101000E-005,7.31467e+00,5.63639e+00
3.104000E-005,7.31467e+00,5.63639e+00
3.107000E-005,7.31467e+00,5.43538e+00
3.110000E-005,7.31467e+00,5.83739e+00
3.113000E-005,7.71668e+00,5.63639e+00
3.116000E-005,7.31467e+00,5.63639e+00
3.119000E-005,7.31467e+00,5.63639e+00
3.122000E-005,7.31467e+00,5.63639e+00
3.125000E-005,7.31467e+00,5.63639e+00
3.128000E-005,7.31467e+00,5.63639e+00
3.131000E-005,7.31467e+00,5.63639e+00
3.134000E-005,7.31467e+00,5.83739e+00
3.137000E-005,7.71668e+00,5.63639e+00
3.140000E-005,7.31467e+00,5.83739e+00
3.143000E-005,6.91266e+00,5.63639e+00
3.146000E-005,7.31467e+00,5.83739e+00
3.149000E-005,7.71668e+00,5.63639e+00
3.152000E-005,7.71668e+00,5.63639e+00
3.155000E-005,7.31467e+00,5.83739e+00
3.158000E-005,7.31467e+00,5.63639e+00
3.161000E-005,7.71668e+00,5.83739e+00
3.164000E-005,7.31467e+00,5.63639e+00
3.167000E-005,7.71668e+00,5.83739e+00
3.170000E-005,7.31467e+00,5.83739e+00
3.173000E-005,7.71668e+00,5.63639e+00
3.176000E-005,7.71668e+00,5.63639e+00
3.179000E-005,7.31467e+00,5.83739e+00
3.182000E-005,7.31467e+00,5.63639e+00
3.185000E-005,7.31467e+00,5.63639e+00
3.188000E-005,7.71668e+00,5.83739e+00
3.191000E-005,7.31467e+00,5.83739e+00
3.194000E-005,7.31467e+00,5.63639e+00
3.197000E-005,7.71668e+00,5.83739e+00
3.200000E-005,7.71668e+00,5.83739e+00
3.203000E-005,7.31467e+00,5.83739e+00
3.206000E-005,7.31467e+00,5.83739e+00
3.209000E-005,7.71668e+00,5.63639e+00
3.212000E-005,7.31467e+00,5.83739e+00
3.215000E-005,7.31467e+00,5.83739e+00
3.218000E-005,7.71668e+00,5.83739e+00
3.221000E-005,7.71668e+00,5.83739e+00
3.224000E-005,7.31467e+00,5.83739e+00
3.227000E-005,7.71668e+00,5.63639e+00
3.230000E-005,7.31467e+00,5.83739e+00
3.233000E-005,7.71668e+00,5.83739e+00
3.236000E-005,7.31467e+00,5.83739e+00
3.239000E-005,7.71668e+00,5.83739e+00
3.242000E-005,7.71668e+00,5.83739e+00
3.245000E-005,7.71668e+00,5.83739e+00
3.248000E-005,7.71668e+00,5.83739e+00
3.251000E-005,7.71668e+00,5.63639e+00
3.254000E-005,8.11869e+00,5.83739e+00
3.257000E-005,7.71668e+00,6.03840e+00
3.260000E-005,7.71668e+00,5.83739e+00
3.263000E-005,7.71668e+00,5.63639e+00
3.266000E-005,8.11869e+00,5.83739e+00
3.269000E-005,7.71668e+00,6.03840e+00
3.272000E-005,7.31467e+00,5.83739e+00
3.275000E-005,7.71668e+00,6.03840e+00
3.278000E-005,7.71668e+00,5.83739e+00
3.281000E-005,7.71668e+00,5.83739e+00
3.284000E-005,7.31467e+00,6.03840e+00
3.287000E-005,7.71668e+00,5.83739e+00
3.290000E-005,7.71668e+00,5.83739e+00
3.293000E-005,8.11869e+00,6.03840e+00
3.296000E-005,7.71668e+00,5.83739e+00
3.299000E-005,7.71668e+00,6.03840e+00
3.302000E-005,7.71668e+00,6.03840e+00
3.305000E-005,7.71668e+00,5.83739e+00
3.308000E-005,7.71668e+00,5.83739e+00
3.311000E-005,8.11869e+00,6.03840e+00
3.314000E-005,7.71668e+00,6.03840e+00
3.317000E-005,7.71668e+00,6.03840e+00
3.320000E-005,8.11869e+00,6.03840e+00
3.323000E-005,7.71668e+00,6.03840e+00
3.326000E-005,8.11869e+00,6.03840e+00
3.329000E-005,7.71668e+00,5.83739e+00
3.332000E-005,7.71668e+00,6.03840e+00
3.335000E-005,7.71668e+00,6.03840e+00
3.338000E-005,7.31467e+00,5.83739e+00
3.341000E-005,7.71668e+00,6.03840e+00
3.344000E-005,8.11869e+00,6.03840e+00
3.347000E-005,8.11869e+00,6.03840e+00
3.350000E-005,7.71668e+00,6.03840e+00
3.353000E-005,8.11869e+00,6.03840e+00
3.356000E-005,8.11869e+00,6.03840e+00
3.359000E-005,8.11869e+00,6.03840e+00
3.362000E-005,8.11869e+00,6.03840e+00
3.365000E-005,8.52070e+00,6.23940e+00
3.368000E-005,7.71668e+00,6.03840e+00
3.371000E-005,8.11869e+00,6.03840e+00
3.374000E-005,8.11869e+00,6.03840e+00
3.377000E-005,8.11869e+00,6.23940e+00
3.380000E-005,8.11869e+00,6.03840e+00
3.383000E-005,7.71668e+00,6.03840e+00
3.386000E-005,8.11869e+00,6.03840e+00
3.389000E-005,8.52070e+00,6.23940e+00
3.392000E-005,8.11869e+00,6.23940e+00
3.395000E-005,7.71668e+00,6.03840e+00
3.398000E-005,8.11869e+00,6.03840e+00
3.401000E-005,8.11869e+00,6.23940e+00
3.404000E-005,7.71668e+00,6.03840e+00
3.407000E-005,7.71668e+00,6.03840e+00
3.410000E-005,8.11869e+00,6.23940e+00
3.413000E-005,7.71668e+00,6.03840e+00
3.416000E-005,7.71668e+00,6.03840e+00
3.419000E-005,8.11869e+00,6.23940e+00
3.422000E-005,8.11869e+00,6.23940e+00
3.425000E-005,8.11869e+00,6.23940e+00
3.428000E-005,8.11869e+00,6.03840e+00
3.431000E-005,8.11869e+00,6.23940e+00
3.434000E-005,8.11869e+00,6.23940e+00
3.437000E-005,8.11869e+00,6.23940e+00
3.440000E-005,8.11869e+00,6.23940e+00
3.443000E-005,8.11869e+00,6.23940e+00
3.446000E-005,8.11869e+00,6.23940e+00
3.449000E-005,8.11869e+00,6.23940e+00
3.452000E-005,7.71668e+00,6.23940e+00
3.455000E-005,8.11869e+00,6.23940e+00
3.458000E-005,8.11869e+00,6.23940e+00
3.461000E-005,8.11869e+00,6.23940e+00
3.464000E-005,7.71668e+00,6.03840e+00
3.467000E-005,8.11869e+00,6.23940e+00
3.470000E-005,8.52070e+00,6.23940e+00
3.473000E-005,8.11869e+00,6.23940e+00
3.476000E-005,8.11869e+00,6.23940e+00
3.479000E-005,8.11869e+00,6.23940e+00
3.482000E-005,8.52070e+00,6.44041e+00
3.485000E-005,8.11869e+00,6.23940e+00
3.488000E-005,8.11869e+00,6.23940e+00
3.491000E-005,7.71668e+00,6.23940e+00
3.494000E-005,8.52070e+00,6.23940e+00
3.497000E-005,8.11869e+00,6.23940e+00
3.500000E-005,8.52070e+00,6.23940e+00
3.503000E-005,8.52070e+00,6.44041e+00
3.506000E-005,8.11869e+00,6.44041e+00
3.509000E-005,8.11869e+00,6.44041e+00
3.512000E-005,8.11869e+00,6.44041e+00
3.515000E-005,8.52070e+00,6.23940e+00
3.518000E-005,8.52070e+00,6.23940e+00
3.521000E-005,8.52070e+00,6.44041e+00
3.524000E-005,8.52070e+00,6.23940e+00
3.527000E-005,8.11869e+00,6.44041e+00
3.530000E-005,8.11869e+00,6.44041e+00
3.533000E-005,8.52070e+00,6.44041e+00
3.536000E-005,8.11869e+00,6.44041e+00
3.539000E-005,8.11869e+00,6.44041e+00
3.542000E-005,8.11869e+00,6.44041e+00
3.545000E-005,8.11869e+00,6.44041e+00
3.548000E-005,8.11869e+00,6.44041e+00
3.551000E-005,8.11869e+00,6.44041e+00
3.554000E-005,8.11869e+00,6.44041e+00
3.557000E-005,8.52070e+00,6.44041e+00
3.560000E-005,8.11869e+00,6.44041e+00
3.563000E-005,8.11869e+00,6.44041e+00
3.566000E-005,8.52070e+00,6.44041e+00
3.569000E-005,8.52070e+00,6.44041e+00
3.572000E-005,8.52070e+00,6.44041e+00
3.575000E-005,8.11869e+00,6.44041e+00
3.578000E-005,8.52070e+00,6.44041e+00
3.581000E-005,8.11869e+00,6.44041e+00
3.584000E-005,8.11869e+00,6.64141e+00
3.587000E-005,8.52070e+00,6.44041e+00
3.590000E-005,8.52070e+00,6.44041e+00
3.593000E-005,8.52070e+00,6.44041e+00
3.596000E-005,8.11869e+00,6.44041e+00
3.599000E-005,8.52070e+00,6.44041e+00
3.602000E-005,8.11869e+00,6.44041e+00
3.605000E-005,8.52070e+00,6.44041e+00
3.608000E-005,8.11869e+00,6.64141e+00
3.611000E-005,8.52070e+00,6.44041e+00
3.614000E-005,8.52070e+00,6.64141e+00
3.617000E-005,8.11869e+00,6.44041e+00
3.620000E-005,8.52070e+00,6.64141e+00
3.623000E-005,8.11869e+00,6.64141e+00
3.626000E-005,8.11869e+00,6.44041e+00
3.629000E-005,8.52070e+00,6.44041e+00
3.632000E-005,8.52070e+00,6.64141e+00
3.635000E-005,8.52070e+00,6.44041e+00
3.638000E-005,8.11869e+00,6.44041e+00
3.641000E-005,8.52070e+00,6.64141e+00
3.644000E-005,8.52070e+00,6.44041e+00
3.647000E-005,8.52070e+00,6.44041e+00
3.650000E-005,8.52070e+00,6.44041e+00
3.653000E-005,8.52070e+00,6.64141e+00
3.656000E-005,8.11869e+00,6.64141e+00
3.659000E-005,8.52070e+00,6.64141e+00
3.662000E-005,8.52070e+00,6.64141e+00
3.665000E-005,8.52070e+00,6.64141e+00
3.668000E-005,8.52070e+00,6.44041e+00
3.671000E-005,8.52070e+00,6.64141e+00
3.674000E-005,8.52070e+00,6.64141e+00
3.677000E-005,8.52070e+00,6.64141e+00
3.680000E-005,8.52070e+00,6.64141e+00
3.683000E-005,8.11869e+00,6.44041e+00
3.686000E-005,8.52070e+00,6.64141e+00
3.689000E-005,8.52070e+00,6.64141e+00
3.692000E-005,8.52070e+00,6.64141e+00
3.695000E-005,8.52070e+00,6.64141e+00
3.698000E-005,8.52070e+00,6.44041e+00
3.701000E-005,8.92271e+00,6.64141e+00
3.704000E-005,8.11869e+00,6.44041e+00
3.707000E-005,8.92271e+00,6.64141e+00
3.710000E-005,8.52070e+00,6.64141e+00
3.713000E-005,8.52070e+00,6.44041e+00
3.716000E-005,8.11869e+00,6.64141e+00
3.719000E-005,8.52070e+00,6.84242e+00
3.722000E-005,8.52070e+00,6.64141e+00
3.725000E-005,8.52070e+00,6.64141e+00
3.728000E-005,8.52070e+00,6.64141e+00
3.731000E-005,8.52070e+00,6.64141e+00
3.734000E-005,8.92271e+00,6.64141e+00
3.737000E-005,8.52070e+00,6.64141e+00
3.740000E-005,8.52070e+00,6.64141e+00
3.743000E-005,8.11869e+00,6.84242e+00
3.746000E-005,8.52070e+00,6.84242e+00
3.749000E-005,8.52070e+00,6.64141e+00
3.752000E-005,8.52070e+00,6.64141e+00
3.755000E-005,8.52070e+00,6.84242e+00
3.758000E-005,8.52070e+00,6.64141e+00
3.761000E-005,8.52070e+00,6.84242e+00
3.764000E-005,8.52070e+00,6.64141e+00
3.767000E-005,8.52070e+00,6.64141e+00
3.770000E-005,8.52070e+00,6.84242e+00
3.773000E-005,8.52070e+00,6.84242e+00
3.776000E-005,8.92271e+00,6.64141e+00
3.779000E-005,8.52070e+00,6.64141e+00
3.782000E-005,8.52070e+00,6.84242e+00
3.785000E-005,8.52070e+00,6.64141e+00
3.788000E-005,8.52070e+00,6.84242e+00
3.791000E-005,8.52070e+00,6.64141e+00
3.794000E-005,8.52070e+00,6.84242e+00
3.797000E-005,8.52070e+00,6.84242e+00
3.800000E-005,8.11869e+00,6.64141e+00
3.803000E-005,8.52070e+00,6.84242e+00
3.806000E-005,8.52070e+00,6.64141e+00
3.809000E-005,8.52070e+00,6.84242e+00
3.812000E-005,8.52070e+00,6.84242e+00
3.815000E-005,8.52070e+00,6.84242e+00
3.818000E-005,8.52070e+00,6.84242e+00
3.821000E-005,8.52070e+00,6.84242e+00
3.824000E-005,8.52070e+00,6.84242e+00
3.827000E-005,8.52070e+00,7.04342e+00
3.830000E-005,8.52070e+00,6.84242e+00
3.833000E-005,8.52070e+00,6.84242e+00
3.836000E-005,8.92271e+00,6.84242e+00
3.839000E-005,8.52070e+00,6.64141e+00
3.842000E-005,8.52070e+00,6.84242e+00
3.845000E-005,8.52070e+00,6.64141e+00
3.848000E-005,8.52070e+00,6.84242e+00
3.851000E-005,8.92271e+00,6.84242e+00
3.854000E-005,8.52070e+00,6.84242e+00
3.857000E-005,8.52070e+00,6.84242e+00
3.860000E-005,8.11869e+00,6.84242e+00
3.863000E-005,8.52070e+00,6.64141e+00
3.866000E-005,8.92271e+00,6.84242e+00
3.869000E-005,8.52070e+00,6.84242e+00
3.872000E-005,8.52070e+00,6.84242e+00
3.875000E-005,8.52070e+00,6.84242e+00
3.878000E-005,8.52070e+00,6.84242e+00
3.881000E-005,8.92271e+00,7.04342e+00
3.884000E-005,8.52070e+00,7.04342e+00
3.887000E-005,8.52070e+00,7.04342e+00
3.890000E-005,8.52070e+00,6.84242e+00
3.893000E-005,8.52070e+00,6.84242e+00
3.896000E-005,8.92271e+00,7.04342e+00
3.899000E-005,8.52070e+00,6.84242e+00
3.902000E-005,8.52070e+00,6.84242e+00
3.905000E-005,8.52070e+00,7.04342e+00
3.908000E-005,8.52070e+00,6.84242e+00
3.911000E-005,8.92271e+00,6.64141e+00
3.914000E-005,8.92271e+00,7.04342e+00
3.917000E-005,8.52070e+00,6.84242e+00
3.920000E-005,8.52070e+00,6.84242e+00
3.923000E-005,8.52070e+00,6.84242e+00
3.926000E-005,8.52070e+00,6.84242e+00
3.929000E-005,8.52070e+00,7.04342e+00
3.932000E-005,8.92271e+00,6.84242e+00
3.935000E-005,8.52070e+00,7.04342e+00
3.938000E-005,8.92271e+00,7.04342e+00
3.941000E-005,8.52070e+00,6.84242e+00
3.944000E-005,8.52070e+00,6.84242e+00
3.947000E-005,8.92271e+00,7.04342e+00
3.950000E-005,8.52070e+00,6.84242e+00
3.953000E-005,8.92271e+00,7.04342e+00
3.956000E-005,8.52070e+00,7.04342e+00
3.959000E-005,8.52070e+00,6.84242e+00
3.962000E-005,8.52070e+00,6.84242e+00
3.965000E-005,8.52070e+00,7.04342e+00
3.968000E-005,8.52070e+00,6.84242e+00
3.971000E-005,8.52070e+00,7.04342e+00
3.974000E-005,8.92271e+00,7.04342e+00
3.977000E-005,8.92271e+00,7.04342e+00
3.980000E-005,8.52070e+00,7.04342e+00
3.983000E-005,8.52070e+00,7.04342e+00
3.986000E-005,8.52070e+00,7.04342e+00
3.989000E-005,8.52070e+00,7.04342e+00
3.992000E-005,8.52070e+00,7.04342e+00
3.995000E-005,8.52070e+00,7.04342e+00
3.998000E-005,8.52070e+00,7.04342e+00
4.001000E-005,8.92271e+00,7.04342e+00
4.004000E-005,8.92271e+00,6.84242e+00
4.007000E-005,8.92271e+00,7.04342e+00
4.010000E-005,8.92271e+00,7.04342e+00
4.013000E-005,8.52070e+00,7.04342e+00
4.016000E-005,8.92271e+00,7.24443e+00
4.019000E-005,8.92271e+00,7.04342e+00
4.022000E-005,8.92271e+00,7.04342e+00
4.025000E-005,8.92271e+00,7.04342e+00
4.028000E-005,8.52070e+00,7.04342e+00
4.031000E-005,8.52070e+00,7.04342e+00
4.034000E-005,8.92271e+00,7.04342e+00
4.037000E-005,8.52070e+00,7.04342e+00
4.040000E-005,8.52070e+00,7.04342e+00
4.043000E-005,8.52070e+00,7.24443e+00
4.046000E-005,8.52070e+00,7.04342e+00
4.049000E-005,8.92271e+00,7.04342e+00
4.052000E-005,8.52070e+00,7.04342e+00
4.055000E-005,8.92271e+00,7.04342e+00
4.058000E-005,8.52070e+00,7.04342e+00
4.061000E-005,8.92271e+00,7.04342e+00
4.064000E-005,8.92271e+00,7.24443e+00
4.067000E-005,8.92271e+00,7.04342e+00
4.070000E-005,8.52070e+00,7.04342e+00
4.073000E-005,8.92271e+00,7.04342e+00
4.076000E-005,8.52070e+00,7.24443e+00
4.079000E-005,8.52070e+00,7.04342e+00
4.082000E-005,8.52070e+00,6.84242e+00
4.085000E-005,8.92271e+00,7.24443e+00
4.088000E-005,8.52070e+00,7.24443e+00
4.091000E-005,8.92271e+00,7.04342e+00
4.094000E-005,8.52070e+00,7.04342e+00
4.097000E-005,8.92271e+00,7.24443e+00
4.100000E-005,8.52070e+00,7.04342e+00
4.103000E-005,8.52070e+00,7.04342e+00
4.106000E-005,8.52070e+00,7.04342e+00
4.109000E-005,8.11869e+00,7.24443e+00
4.112000E-005,8.92271e+00,7.04342e+00
4.115000E-005,8.92271e+00,7.24443e+00
4.118000E-005,8.52070e+00,7.24443e+00
4.121000E-005,8.92271e+00,7.04342e+00
4.124000E-005,8.52070e+00,7.04342e+00
4.127000E-005,8.92271e+00,7.24443e+00
4.130000E-005,8.52070e+00,7.04342e+00
4.133000E-005,8.92271e+00,7.04342e+00
4.136000E-005,8.52070e+00,7.04342e+00
4.139000E-005,8.52070e+00,7.04342e+00
4.142000E-005,8.52070e+00,7.04342e+00
4.145000E-005,8.52070e+00,7.04342e+00
4.148000E-005,8.92271e+00,7.04342e+00
4.151000E-005,8.52070e+00,7.04342e+00
4.154000E-005,8.52070e+00,7.24443e+00
4.157000E-005,8.52070e+00,7.24443e+00
4.160000E-005,8.52070e+00,7.24443e+00
4.163000E-005,8.52070e+00,7.04342e+00
4.166000E-005,8.52070e+00,7.04342e+00
4.169000E-005,8.92271e+00,7.04342e+00
4.172000E-005,8.52070e+00,7.24443e+00
4.175000E-005,8.52070e+00,7.24443e+00
4.178000E-005,8.92271e+00,7.24443e+00
4.181000E-005,8.92271e+00,7.04342e+00
4.184000E-005,8.92271e+00,7.24443e+00
4.187000E-005,8.92271e+00,7.24443e+00
4.190000E-005,8.92271e+00,7.04342e+00
4.193000E-005,8.52070e+00,7.04342e+00
4.196000E-005,8.52070e+00,7.24443e+00
4.199000E-005,8.52070e+00,7.04342e+00
4.202000E-005,8.52070e+00,7.04342e+00
4.205000E-005,8.92271e+00,7.24443e+00
4.208000E-005,8.52070e+00,7.04342e+00
4.211000E-005,8.52070e+00,7.24443e+00
4.214000E-005,8.52070e+00,7.24443e+00
4.217000E-005,8.92271e+00,7.24443e+00
4.220000E-005,8.92271e+00,7.24443e+00
4.223000E-005,8.52070e+00,7.24443e+00
4.226000E-005,8.92271e+00,7.24443e+00
4.229000E-005,8.52070e+00,7.24443e+00
4.232000E-005,8.92271e+00,7.24443e+00
4.235000E-005,8.92271e+00,7.24443e+00
4.238000E-005,8.52070e+00,7.24443e+00
4.241000E-005,8.52070e+00,7.24443e+00
4.244000E-005,8.92271e+00,7.24443e+00
4.247000E-005,8.92271e+00,7.24443e+00
4.250000E-005,8.92271e+00,7.44544e+00
4.253000E-005,8.52070e+00,7.24443e+00
4.256000E-005,8.52070e+00,7.24443e+00
4.259000E-005,8.52070e+00,7.24443e+00
4.262000E-005,8.52070e+00,7.24443e+00
4.265000E-005,8.52070e+00,7.24443e+00
4.268000E-005,8.92271e+00,7.24443e+00
4.271000E-005,8.92271e+00,7.24443e+00
4.274000E-005,8.52070e+00,7.24443e+00
4.277000E-005,8.92271e+00,7.24443e+00
4.280000E-005,8.52070e+00,7.04342e+00
4.283000E-005,8.52070e+00,7.24443e+00
4.286000E-005,8.52070e+00,7.24443e+00
4.289000E-005,8.52070e+00,7.44544e+00
4.292000E-005,8.92271e+00,7.24443e+00
4.295000E-005,8.52070e+00,7.24443e+00
4.298000E-005,8.92271e+00,7.24443e+00
4.301000E-005,8.92271e+00,7.24443e+00
4.304000E-005,8.52070e+00,7.24443e+00
4.307000E-005,8.52070e+00,7.44544e+00
4.310000E-005,8.92271e+00,7.24443e+00
4.313000E-005,8.52070e+00,7.24443e+00
4.316000E-005,8.52070e+00,7.24443e+00
4.319000E-005,8.92271e+00,7.04342e+00
4.322000E-005,8.52070e+00,7.24443e+00
4.325000E-005,8.92271e+00,7.44544e+00
4.328000E-005,8.92271e+00,7.44544e+00
4.331000E-005,8.52070e+00,7.24443e+00
4.334000E-005,8.52070e+00,7.24443e+00
4.337000E-005,8.92271e+00,7.24443e+00
4.340000E-005,8.92271e+00,7.24443e+00
4.343000E-005,8.52070e+00,7.24443e+00
4.346000E-005,8.92271e+00,7.24443e+00
4.349000E-005,8.92271e+00,7.24443e+00
4.352000E-005,9.32472e+00,7.24443e+00
4.355000E-005,8.92271e+00,7.44544e+00
4.358000E-005,8.92271e+00,7.44544e+00
4.361000E-005,8.52070e+00,7.44544e+00
4.364000E-005,8.92271e+00,7.44544e+00
4.367000E-005,8.52070e+00,7.24443e+00
4.370000E-005,8.92271e+00,7.24443e+00
4.373000E-005,8.92271e+00,7.24443e+00
4.376000E-005,8.52070e+00,7.24443e+00
4.379000E-005,8.92271e+00,7.24443e+00
4.382000E-005,8.92271e+00,7.24443e+00
4.385000E-005,8.92271e+00,7.24443e+00
4.388000E-005,8.92271e+00,7.44544e+00
4.391000E-005,8.92271e+00,7.44544e+00
4.394000E-005,8.52070e+00,7.44544e+00
4.397000E-005,8.92271e+00,7.24443e+00
4.400000E-005,8.92271e+00,7.24443e+00
4.403000E-005,8.92271e+00,7.24443e+00
4.406000E-005,8.52070e+00,7.24443e+00
4.409000E-005,8.92271e+00,7.24443e+00
4.412000E-005,8.52070e+00,7.24443e+00
4.415000E-005,8.92271e+00,7.24443e+00
4.418000E-005,8.92271e+00,7.24443e+00
4.421000E-005,8.52070e+00,7.24443e+00
4.424000E-005,8.92271e+00,7.44544e+00
4.427000E-005,8.52070e+00,7.24443e+00
4.430000E-005,8.92271e+00,7.24443e+00
4.433000E-005,8.92271e+00,7.24443e+00
4.436000E-005,8.52070e+00,7.44544e+00
4.439000E-005,8.92271e+00,7.44544e+00
4.442000E-005,8.92271e+00,7.44544e+00
4.445000E-005,8.52070e+00,7.24443e+00
4.448000E-005,8.52070e+00,7.44544e+00
4.451000E-005,8.52070e+00,7.24443e+00
4.454000E-005,8.52070e+00,7.24443e+00
4.457000E-005,8.92271e+00,7.44544e+00
4.460000E-005,8.92271e+00,7.24443e+00
4.463000E-005,8.92271e+00,7.24443e+00
4.466000E-005,8.92271e+00,7.44544e+00
4.469000E-005,8.92271e+00,7.24443e+00
4.472000E-005,8.92271e+00,7.24443e+00
4.475000E-005,8.92271e+00,7.24443e+00
4.478000E-005,8.92271e+00,7.24443e+00
4.481000E-005,8.92271e+00,7.24443e+00
4.484000E-005,8.52070e+00,7.44544e+00
4.487000E-005,8.92271e+00,7.44544e+00
4.490000E-005,8.92271e+00,7.24443e+00
4.493000E-005,8.92271e+00,7.44544e+00
4.496000E-005,8.52070e+00,7.24443e+00
4.499000E-005,8.92271e+00,7.24443e+00
4.502000E-005,8.92271e+00,7.44544e+00
4.505000E-005,8.92271e+00,7.44544e+00
4.508000E-005,8.92271e+00,7.24443e+00
4.511000E-005,8.92271e+00,7.44544e+00
4.514000E-005,8.92271e+00,7.44544e+00
4.517000E-005,8.92271e+00,7.44544e+00
4.520000E-005,8.92271e+00,7.24443e+00
4.523000E-005,8.92271e+00,7.44544e+00
4.526000E-005,8.92271e+00,7.24443e+00
4.529000E-005,8.92271e+00,7.44544e+00
4.532000E-005,8.92271e+00,7.44544e+00
4.535000E-005,8.92271e+00,7.44544e+00
4.538000E-005,8.92271e+00,7.24443e+00
4.541000E-005,8.92271e+00,7.44544e+00
4.544000E-005,8.92271e+00,7.44544e+00
4.547000E-005,8.92271e+00,7.64644e+00
4.550000E-005,8.92271e+00,7.44544e+00
4.553000E-005,8.92271e+00,7.24443e+00
4.556000E-005,8.92271e+00,7.44544e+00
4.559000E-005,8.92271e+00,7.44544e+00
4.562000E-005,9.32472e+00,7.44544e+00
4.565000E-005,8.92271e+00,7.24443e+00
4.568000E-005,8.92271e+00,7.24443e+00
4.571000E-005,8.92271e+00,7.24443e+00
4.574000E-005,8.92271e+00,7.64644e+00
4.577000E-005,8.92271e+00,7.44544e+00
4.580000E-005,8.92271e+00,7.24443e+00
4.583000E-005,8.92271e+00,7.44544e+00
4.586000E-005,8.92271e+00,7.44544e+00
4.589000E-005,9.32472e+00,7.44544e+00
4.592000E-005,8.92271e+00,7.44544e+00
4.595000E-005,8.52070e+00,7.44544e+00
4.598000E-005,9.32472e+00,7.44544e+00
4.601000E-005,8.92271e+00,7.44544e+00
4.604000E-005,8.92271e+00,7.44544e+00
4.607000E-005,8.92271e+00,7.44544e+00
4.610000E-005,9.32472e+00,7.64644e+00
4.613000E-005,8.92271e+00,7.44544e+00
4.616000E-005,9.32472e+00,7.64644e+00
4.619000E-005,9.32472e+00,7.24443e+00
4.622000E-005,9.32472e+00,7.44544e+00
4.625000E-005,8.92271e+00,7.44544e+00
4.628000E-005,8.92271e+00,7.44544e+00
4.631000E-005,8.92271e+00,7.44544e+00
4.634000E-005,8.92271e+00,7.64644e+00
4.637000E-005,8.92271e+00,7.44544e+00
4.640000E-005,8.92271e+00,7.44544e+00
4.643000E-005,8.92271e+00,7.64644e+00
4.646000E-005,8.92271e+00,7.44544e+00
4.649000E-005,8.92271e+00,7.44544e+00
4.652000E-005,8.92271e+00,7.44544e+00
4.655000E-005,9.32472e+00,7.44544e+00
4.658000E-005,8.92271e+00,7.44544e+00
4.661000E-005,9.32472e+00,7.64644e+00
4.664000E-005,8.92271e+00,7.44544e+00
4.667000E-005,8.92271e+00,7.64644e+00
4.670000E-005,9.32472e+00,7.44544e+00
4.673000E-005,8.92271e+00,7.44544e+00
4.676000E-005,9.32472e+00,7.44544e+00
4.679000E-005,8.92271e+00,7.44544e+00
4.682000E-005,8.92271e+00,7.44544e+00
4.685000E-005,8.92271e+00,7.44544e+00
4.688000E-005,8.92271e+00,7.44544e+00
4.691000E-005,8.92271e+00,7.44544e+00
4.694000E-005,9.32472e+00,7.44544e+00
4.697000E-005,8.92271e+00,7.64644e+00
4.700000E-005,9.32472e+00,7.64644e+00
4.703000E-005,9.32472e+00,7.44544e+00
4.706000E-005,8.92271e+00,7.44544e+00
4.709000E-005,8.92271e+00,7.44544e+00
4.712000E-005,9.32472e+00,7.44544e+00
4.715000E-005,8.92271e+00,7.44544e+00
4.718000E-005,8.92271e+00,7.44544e+00
4.721000E-005,8.92271e+00,7.44544e+00
4.724000E-005,8.92271e+00,7.44544e+00
4.727000E-005,8.92271e+00,7.44544e+00
4.730000E-005,9.32472e+00,7.44544e+00
4.733000E-005,9.32472e+00,7.44544e+00
4.736000E-005,8.92271e+00,7.64644e+00
4.739000E-005,9.32472e+00,7.64644e+00
4.742000E-005,8.92271e+00,7.44544e+00
4.745000E-005,8.92271e+00,7.44544e+00
4.748000E-005,9.32472e+00,7.44544e+00
4.751000E-005,8.92271e+00,7.44544e+00
4.754000E-005,8.92271e+00,7.64644e+00
4.757000E-005,8.92271e+00,7.64644e+00
4.760000E-005,9.32472e+00,7.64644e+00
4.763000E-005,9.32472e+00,7.44544e+00
4.766000E-005,8.92271e+00,7.44544e+00
4.769000E-005,9.32472e+00,7.44544e+00
4.772000E-005,9.32472e+00,7.64644e+00
4.775000E-005,8.92271e+00,7.64644e+00
4.778000E-005,8.92271e+00,7.64644e+00
4.781000E-005,9.32472e+00,7.44544e+00
4.784000E-005,9.32472e+00,7.64644e+00
4.787000E-005,8.92271e+00,7.64644e+00
4.790000E-005,8.92271e+00,7.64644e+00
4.793000E-005,9.32472e+00,7.44544e+00
4.796000E-005,9.32472e+00,7.44544e+00
4.799000E-005,8.92271e+00,7.64644e+00
4.802000E-005,9.32472e+00,7.44544e+00
4.805000E-005,8.92271e+00,7.44544e+00
4.808000E-005,9.32472e+00,7.64644e+00
4.811000E-005,8.92271e+00,7.64644e+00
4.814000E-005,9.32472e+00,7.64644e+00
4.817000E-005,9.32472e+00,7.44544e+00
4.820000E-005,9.32472e+00,7.64644e+00
4.823000E-005,9.32472e+00,7.64644e+00
4.826000E-005,8.92271e+00,7.64644e+00
4.829000E-005,9.32472e+00,7.64644e+00
4.832000E-005,8.92271e+00,7.44544e+00
4.835000E-005,9.32472e+00,7.64644e+00
4.838000E-005,8.92271e+00,7.64644e+00
4.841000E-005,9.32472e+00,7.44544e+00
4.844000E-005,9.32472e+00,7.84745e+00
4.847000E-005,9.32472e+00,7.64644e+00
4.850000E-005,8.92271e+00,7.64644e+00
4.853000E-005,9.32472e+00,7.64644e+00
4.856000E-005,9.32472e+00,7.64644e+00
4.859000E-005,9.32472e+00,7.84745e+00
4.862000E-005,9.32472e+00,7.64644e+00
4.865000E-005,8.92271e+00,7.44544e+00
4.868000E-005,9.32472e+00,7.64644e+00
4.871000E-005,9.32472e+00,7.44544e+00
4.874000E-005,9.32472e+00,7.44544e+00
4.877000E-005,8.92271e+00,7.64644e+00
4.880000E-005,8.92271e+00,7.64644e+00
4.883000E-005,8.92271e+00,7.64644e+00
4.886000E-005,9.32472e+00,7.64644e+00
4.889000E-005,9.32472e+00,7.84745e+00
4.892000E-005,8.92271e+00,7.64644e+00
4.895000E-005,8.92271e+00,7.64644e+00
4.898000E-005,9.32472e+00,7.64644e+00
4.901000E-005,9.32472e+00,7.84745e+00
4.904000E-005,9.32472e+00,7.64644e+00
4.907000E-005,9.32472e+00,7.64644e+00
4.910000E-005,9.32472e+00,7.64644e+00
4.913000E-005,9.32472e+00,7.64644e+00
4.916000E-005,8.92271e+00,7.44544e+00
4.919000E-005,8.92271e+00,7.64644e+00
4.922000E-005,9.32472e+00,7.44544e+00
4.925000E-005,9.32472e+00,7.84745e+00
4.928000E-005,9.32472e+00,7.64644e+00
4.931000E-005,9.32472e+00,7.64644e+00
4.934000E-005,9.72673e+00,7.64644e+00
4.937000E-005,9.32472e+00,7.84745e+00
4.940000E-005,9.32472e+00,7.64644e+00
4.943000E-005,9.32472e+00,7.84745e+00
4.946000E-005,9.32472e+00,7.84745e+00
4.949000E-005,8.92271e+00,7.64644e+00
4.952000E-005,9.32472e+00,7.64644e+00
4.955000E-005,8.92271e+00,7.64644e+00
4.958000E-005,9.32472e+00,7.64644e+00
4.961000E-005,9.72673e+00,7.64644e+00
4.964000E-005,9.32472e+00,7.84745e+00
4.967000E-005,9.32472e+00,7.64644e+00
4.970000E-005,9.32472e+00,7.84745e+00
4.973000E-005,9.32472e+00,7.84745e+00
4.976000E-005,9.32472e+00,7.84745e+00
4.979000E-005,9.32472e+00,7.64644e+00
4.982000E-005,9.72673e+00,7.84745e+00
4.985000E-005,9.32472e+00,7.64644e+00
4.988000E-005,8.92271e+00,7.84745e+00
4.991000E-005,9.32472e+00,7.64644e+00
4.994000E-005,9.72673e+00,7.84745e+00
4.997000E-005,9.32472e+00,7.64644e+00
5.000000E-005,9.32472e+00,7.84745e+00
5.003000E-005,9.32472e+00,7.84745e+00
5.006000E-005,9.32472e+00,7.84745e+00
5.009000E-005,9.32472e+00,7.64644e+00
5.012000E-005,9.32472e+00,7.64644e+00
5.015000E-005,9.32472e+00,7.84745e+00
5.018000E-005,9.32472e+00,7.84745e+00
5.021000E-005,9.32472e+00,7.84745e+00
5.024000E-005,9.32472e+00,7.64644e+00
5.027000E-005,9.32472e+00,7.84745e+00
5.030000E-005,9.32472e+00,7.84745e+00
5.033000E-005,9.32472e+00,7.64644e+00
5.036000E-005,9.32472e+00,7.84745e+00
5.039000E-005,9.32472e+00,7.84745e+00
5.042000E-005,9.32472e+00,7.84745e+00
5.045000E-005,9.32472e+00,7.84745e+00
5.048000E-005,9.32472e+00,7.64644e+00
5.051000E-005,9.32472e+00,7.84745e+00
5.054000E-005,9.32472e+00,7.84745e+00
5.057000E-005,9.32472e+00,7.84745e+00
5.060000E-005,9.72673e+00,7.84745e+00
5.063000E-005,9.32472e+00,7.84745e+00
5.066000E-005,9.32472e+00,7.64644e+00
5.069000E-005,9.72673e+00,7.84745e+00
5.072000E-005,9.32472e+00,7.64644e+00
5.075000E-005,9.32472e+00,7.84745e+00
5.078000E-005,9.32472e+00,7.84745e+00
5.081000E-005,9.32472e+00,7.84745e+00
5.084000E-005,9.32472e+00,7.84745e+00
5.087000E-005,9.72673e+00,7.64644e+00
5.090000E-005,9.72673e+00,7.84745e+00
5.093000E-005,9.72673e+00,7.64644e+00
5.096000E-005,9.32472e+00,7.84745e+00
5.099000E-005,9.32472e+00,7.84745e+00
5.102000E-005,9.32472e+00,7.84745e+00
5.105000E-005,9.72673e+00,7.84745e+00
5.108000E-005,9.32472e+00,7.84745e+00
5.111000E-005,9.32472e+00,7.84745e+00
5.114000E-005,9.32472e+00,7.84745e+00
5.117000E-005,9.72673e+00,7.84745e+00
5.120000E-005,9.72673e+00,7.84745e+00
5.123000E-005,9.72673e+00,7.64644e+00
5.126000E-005,9.32472e+00,8.04845e+00
5.129000E-005,9.72673e+00,8.04845e+00
5.132000E-005,9.32472e+00,7.84745e+00
5.135000E-005,9.32472e+00,7.84745e+00
5.138000E-005,9.32472e+00,7.84745e+00
5.141000E-005,9.32472e+00,7.84745e+00
5.144000E-005,9.32472e+00,7.84745e+00
5.147000E-005,9.32472e+00,7.84745e+00
5.150000E-005,9.32472e+00,8.04845e+00
5.153000E-005,9.72673e+00,7.64644e+00
5.156000E-005,9.72673e+00,8.04845e+00
5.159000E-005,9.32472e+00,7.84745e+00
5.162000E-005,9.32472e+00,7.84745e+00
5.165000E-005,9.72673e+00,7.84745e+00
5.168000E-005,9.32472e+00,7.84745e+00
5.171000E-005,8.92271e+00,7.84745e+00
5.174000E-005,9.72673e+00,7.84745e+00
5.177000E-005,9.32472e+00,8.04845e+00
5.180000E-005,9.32472e+00,7.84745e+00
5.183000E-005,9.32472e+00,7.84745e+00
5.186000E-005,9.32472e+00,8.04845e+00
5.189000E-005,9.32472e+00,8.04845e+00
5.192000E-005,9.32472e+00,7.84745e+00
5.195000E-005,9.72673e+00,7.84745e+00
5.198000E-005,9.32472e+00,7.84745e+00
5.201000E-005,9.32472e+00,8.04845e+00
5.204000E-005,9.32472e+00,7.84745e+00
5.207000E-005,9.72673e+00,7.84745e+00
5.210000E-005,9.32472e+00,7.84745e+00
5.213000E-005,9.32472e+00,7.84745e+00
5.216000E-005,9.72673e+00,8.04845e+00
5.219000E-005,9.32472e+00,7.84745e+00
5.222000E-005,9.32472e+00,7.84745e+00
5.225000E-005,9.72673e+00,7.84745e+00
5.228000E-005,9.32472e+00,8.04845e+00
5.231000E-005,9.72673e+00,7.84745e+00
5.234000E-005,9.32472e+00,8.04845e+00
5.237000E-005,9.32472e+00,7.84745e+00
5.240000E-005,9.72673e+00,7.84745e+00
5.243000E-005,9.32472e+00,7.84745e+00
5.246000E-005,9.32472e+00,7.84745e+00
5.249000E-005,9.32472e+00,7.84745e+00
5.252000E-005,9.72673e+00,7.84745e+00
5.255000E-005,9.32472e+00,7.84745e+00
5.258000E-005,9.32472e+00,7.84745e+00
5.261000E-005,9.72673e+00,7.84745e+00
5.264000E-005,9.72673e+00,8.04845e+00
5.267000E-005,9.72673e+00,7.84745e+00
5.270000E-005,9.32472e+00,8.04845e+00
5.273000E-005,1.01287e+01,7.84745e+00
5.276000E-005,9.32472e+00,8.04845e+00
5.279000E-005,9.72673e+00,7.84745e+00
5.282000E-005,9.32472e+00,8.04845e+00
5.285000E-005,9.72673e+00,7.84745e+00
5.288000E-005,9.72673e+00,8.04845e+00
5.291000E-005,9.72673e+00,7.84745e+00
5.294000E-005,9.72673e+00,7.84745e+00
5.297000E-005,9.72673e+00,7.84745e+00
5.300000E-005,9.32472e+00,8.04845e+00
5.303000E-005,9.72673e+00,8.04845e+00
5.306000E-005,9.72673e+00,8.04845e+00
5.309000E-005,9.32472e+00,8.04845e+00
5.312000E-005,9.72673e+00,7.84745e+00
5.315000E-005,9.32472e+00,8.04845e+00
5.318000E-005,9.32472e+00,7.84745e+00
5.321000E-005,9.32472e+00,7.84745e+00
5.324000E-005,9.32472e+00,8.04845e+00
5.327000E-005,9.72673e+00,7.84745e+00
5.330000E-005,9.32472e+00,7.84745e+00
5.333000E-005,9.32472e+00,8.04845e+00
5.336000E-005,9.32472e+00,8.04845e+00
5.339000E-005,9.32472e+00,7.84745e+00
5.342000E-005,9.72673e+00,8.04845e+00
5.345000E-005,9.72673e+00,8.04845e+00
5.348000E-005,9.72673e+00,8.04845e+00
5.351000E-005,9.72673e+00,8.04845e+00
5.354000E-005,9.72673e+00,8.04845e+00
5.357000E-005,9.72673e+00,8.04845e+00
5.360000E-005,9.32472e+00,8.04845e+00
5.363000E-005,9.32472e+00,8.04845e+00
5.366000E-005,9.72673e+00,8.04845e+00
5.369000E-005,9.72673e+00,8.24946e+00
5.372000E-005,1.01287e+01,7.84745e+00
5.375000E-005,9.32472e+00,8.04845e+00
5.378000E-005,9.72673e+00,8.04845e+00
5.381000E-005,9.32472e+00,8.04845e+00
5.384000E-005,9.72673e+00,8.04845e+00
5.387000E-005,9.72673e+00,8.24946e+00
5.390000E-005,9.72673e+00,8.04845e+00
5.393000E-005,9.32472e+00,7.84745e+00
5.396000E-005,9.32472e+00,8.04845e+00
5.399000E-005,9.72673e+00,8.04845e+00
5.402000E-005,9.32472e+00,8.24946e+00
5.405000E-005,9.72673e+00,8.04845e+00
5.408000E-005,9.72673e+00,8.04845e+00
5.411000E-005,9.72673e+00,8.04845e+00
5.414000E-005,9.72673e+00,7.84745e+00
5.417000E-005,1.01287e+01,8.24946e+00
5.420000E-005,9.32472e+00,8.04845e+00
5.423000E-005,9.72673e+00,8.04845e+00
5.426000E-005,9.72673e+00,8.04845e+00
5.429000E-005,9.72673e+00,8.04845e+00
5.432000E-005,9.72673e+00,8.04845e+00
5.435000E-005,1.01287e+01,8.04845e+00
5.438000E-005,9.72673e+00,8.04845e+00
5.441000E-005,9.72673e+00,7.84745e+00
5.444000E-005,9.72673e+00,8.04845e+00
5.447000E-005,9.72673e+00,8.04845e+00
5.450000E-005,9.72673e+00,8.04845e+00
5.453000E-005,9.72673e+00,7.84745e+00
5.456000E-005,9.72673e+00,8.24946e+00
5.459000E-005,9.72673e+00,7.84745e+00
5.462000E-005,9.72673e+00,8.04845e+00
5.465000E-005,9.72673e+00,8.24946e+00
5.468000E-005,9.72673e+00,8.04845e+00
5.471000E-005,9.72673e+00,8.04845e+00
5.474000E-005,9.72673e+00,8.04845e+00
5.477000E-005,9.72673e+00,8.24946e+00
5.480000E-005,9.72673e+00,8.24946e+00
5.483000E-005,9.72673e+00,8.24946e+00
5.486000E-005,9.32472e+00,8.04845e+00
5.489000E-005,9.72673e+00,8.04845e+00
5.492000E-005,9.32472e+00,8.04845e+00
5.495000E-005,9.72673e+00,8.04845e+00
5.498000E-005,9.72673e+00,8.04845e+00
5.501000E-005,9.72673e+00,8.04845e+00
5.504000E-005,9.72673e+00,8.04845e+00
5.507000E-005,9.72673e+00,8.04845e+00
5.510000E-005,9.72673e+00,8.24946e+00
5.513000E-005,9.72673e+00,8.04845e+00
5.516000E-005,9.72673e+00,8.24946e+00
5.519000E-005,9.72673e+00,8.04845e+00
5.522000E-005,9.72673e+00,8.04845e+00
5.525000E-005,9.72673e+00,8.24946e+00
5.528000E-005,9.72673e+00,8.24946e+00
5.531000E-005,9.72673e+00,8.04845e+00
5.534000E-005,9.72673e+00,8.04845e+00
5.537000E-005,9.72673e+00,8.04845e+00
5.540000E-005,9.72673e+00,8.04845e+00
5.543000E-005,9.72673e+00,8.24946e+00
5.546000E-005,1.01287e+01,8.24946e+00
5.549000E-005,1.01287e+01,8.04845e+00
5.552000E-005,9.72673e+00,8.04845e+00
5.555000E-005,9.72673e+00,8.04845e+00
5.558000E-005,9.72673e+00,8.24946e+00
5.561000E-005,9.72673e+00,8.24946e+00
5.564000E-005,9.72673e+00,8.24946e+00
5.567000E-005,9.72673e+00,8.24946e+00
5.570000E-005,9.72673e+00,8.04845e+00
5.573000E-005,9.72673e+00,8.04845e+00
5.576000E-005,9.72673e+00,8.04845e+00
5.579000E-005,9.72673e+00,8.24946e+00
5.582000E-005,1.01287e+01,8.04845e+00
5.585000E-005,9.72673e+00,8.04845e+00
5.588000E-005,9.72673e+00,8.04845e+00
5.591000E-005,1.01287e+01,8.04845e+00
5.594000E-005,9.72673e+00,8.24946e+00
5.597000E-005,9.72673e+00,8.04845e+00
5.600000E-005,9.72673e+00,8.24946e+00
5.603000E-005,9.72673e+00,8.04845e+00
5.606000E-005,9.72673e+00,8.04845e+00
5.609000E-005,9.32472e+00,8.24946e+00
5.612000E-005,9.72673e+00,8.04845e+00
5.615000E-005,9.72673e+00,8.24946e+00
5.618000E-005,9.72673e+00,8.45046e+00
5.621000E-005,9.32472e+00,8.24946e+00
5.624000E-005,9.32472e+00,8.24946e+00
5.627000E-005,9.72673e+00,8.24946e+00
5.630000E-005,9.32472e+00,8.24946e+00
5.633000E-005,9.72673e+00,8.24946e+00
5.636000E-005,9.72673e+00,8.45046e+00
5.639000E-005,1.01287e+01,8.24946e+00
5.642000E-005,9.72673e+00,8.24946e+00
5.645000E-005,9.72673e+00,8.04845e+00
5.648000E-005,9.72673e+00,8.24946e+00
5.651000E-005,9.72673e+00,8.24946e+00
5.654000E-005,9.72673e+00,8.24946e+00
5.657000E-005,9.72673e+00,8.24946e+00
5.660000E-005,9.72673e+00,8.24946e+00
5.663000E-005,9.72673e+00,8.24946e+00
5.666000E-005,9.72673e+00,8.24946e+00
5.669000E-005,1.01287e+01,8.24946e+00
5.672000E-005,9.72673e+00,8.24946e+00
5.675000E-005,9.72673e+00,8.45046e+00
5.678000E-005,9.72673e+00,8.24946e+00
5.681000E-005,1.01287e+01,8.24946e+00
5.684000E-005,1.01287e+01,8.45046e+00
5.687000E-005,9.72673e+00,8.24946e+00
5.690000E-005,9.72673e+00,8.24946e+00
5.693000E-005,1.01287e+01,8.24946e+00
5.696000E-005,9.72673e+00,8.24946e+00
5.699000E-005,9.72673e+00,8.24946e+00
5.702000E-005,9.72673e+00,8.24946e+00
5.705000E-005,9.72673e+00,8.24946e+00
5.708000E-005,1.01287e+01,8.24946e+00
5.711000E-005,9.72673e+00,8.24946e+00
5.714000E-005,9.72673e+00,8.24946e+00
5.717000E-005,9.72673e+00,8.24946e+00
5.720000E-005,9.72673e+00,8.24946e+00
5.723000E-005,1.01287e+01,8.04845e+00
5.726000E-005,9.72673e+00,8.24946e+00
5.729000E-005,9.72673e+00,8.45046e+00
5.732000E-005,9.72673e+00,8.24946e+00
5.735000E-005,1.01287e+01,8.45046e+00
5.738000E-005,9.72673e+00,8.45046e+00
5.741000E-005,9.72673e+00,8.24946e+00
5.744000E-005,9.72673e+00,8.24946e+00
5.747000E-005,9.72673e+00,8.24946e+00
5.750000E-005,9.72673e+00,8.45046e+00
5.753000E-005,9.72673e+00,8.24946e+00
5.756000E-005,9.72673e+00,8.04845e+00
5.759000E-005,9.72673e+00,8.45046e+00
5.762000E-005,9.72673e+00,8.04845e+00
5.765000E-005,9.72673e+00,8.45046e+00
5.768000E-005,9.32472e+00,8.24946e+00
5.771000E-005,9.72673e+00,8.04845e+00
5.774000E-005,9.72673e+00,8.45046e+00
5.777000E-005,9.32472e+00,8.45046e+00
5.780000E-005,9.72673e+00,8.24946e+00
5.783000E-005,1.01287e+01,8.04845e+00
5.786000E-005,1.01287e+01,8.45046e+00
5.789000E-005,9.72673e+00,8.24946e+00
5.792000E-005,9.72673e+00,8.24946e+00
5.795000E-005,9.72673e+00,8.24946e+00
5.798000E-005,9.72673e+00,8.24946e+00
5.801000E-005,9.72673e+00,8.24946e+00
5.804000E-005,9.72673e+00,8.24946e+00
5.807000E-005,9.72673e+00,8.24946e+00
5.810000E-005,9.72673e+00,8.24946e+00
5.813000E-005,9.72673e+00,8.45046e+00
5.816000E-005,1.01287e+01,8.24946e+00
5.819000E-005,9.72673e+00,8.24946e+00
5.822000E-005,9.72673e+00,8.24946e+00
5.825000E-005,9.72673e+00,8.45046e+00
5.828000E-005,9.72673e+00,8.24946e+00
5.831000E-005,9.72673e+00,8.24946e+00
5.834000E-005,9.72673e+00,8.24946e+00
5.837000E-005,9.32472e+00,8.24946e+00
5.840000E-005,9.72673e+00,8.24946e+00
5.843000E-005,9.72673e+00,8.45046e+00
5.846000E-005,9.72673e+00,8.24946e+00
5.849000E-005,9.72673e+00,8.45046e+00
5.852000E-005,9.72673e+00,8.24946e+00
5.855000E-005,9.72673e+00,8.24946e+00
5.858000E-005,9.72673e+00,8.24946e+00
5.861000E-005,9.72673e+00,8.45046e+00
5.864000E-005,9.72673e+00,8.45046e+00
5.867000E-005,1.01287e+01,8.24946e+00
5.870000E-005,9.72673e+00,8.45046e+00
5.873000E-005,9.72673e+00,8.45046e+00
5.876000E-005,9.32472e+00,8.24946e+00
5.879000E-005,9.72673e+00,8.45046e+00
5.882000E-005,9.72673e+00,8.24946e+00
5.885000E-005,1.01287e+01,8.45046e+00
5.888000E-005,9.72673e+00,8.45046e+00
5.891000E-005,9.72673e+00,8.45046e+00
5.894000E-005,1.01287e+01,8.24946e+00
5.897000E-005,9.72673e+00,8.45046e+00
5.900000E-005,9.72673e+00,8.45046e+00
5.903000E-005,9.72673e+00,8.24946e+00
5.906000E-005,9.72673e+00,8.04845e+00
5.909000E-005,9.72673e+00,8.45046e+00
5.912000E-005,9.72673e+00,8.45046e+00
5.915000E-005,9.72673e+00,8.24946e+00
5.918000E-005,1.01287e+01,8.24946e+00
5.921000E-005,9.72673e+00,8.45046e+00
5.924000E-005,9.72673e+00,8.45046e+00
5.927000E-005,9.72673e+00,8.45046e+00
5.930000E-005,1.01287e+01,8.45046e+00
5.933000E-005,9.72673e+00,8.45046e+00
5.936000E-005,9.72673e+00,8.24946e+00
5.939000E-005,9.72673e+00,8.24946e+00
5.942000E-005,9.72673e+00,8.24946e+00
5.945000E-005,1.01287e+01,8.24946e+00
5.948000E-005,9.72673e+00,8.24946e+00
5.951000E-005,9.72673e+00,8.45046e+00
5.954000E-005,9.72673e+00,8.24946e+00
5.957000E-005,1.01287e+01,8.45046e+00
5.960000E-005,9.72673e+00,8.45046e+00
5.963000E-005,1.01287e+01,8.45046e+00
5.966000E-005,9.72673e+00,8.65147e+00
5.969000E-005,1.01287e+01,8.45046e+00
5.972000E-005,9.72673e+00,8.45046e+00
5.975000E-005,9.32472e+00,8.24946e+00
5.978000E-005,9.72673e+00,8.45046e+00
5.981000E-005,9.72673e+00,8.24946e+00
5.984000E-005,9.72673e+00,8.45046e+00
5.987000E-005,1.01287e+01,8.24946e+00
5.990000E-005,1.01287e+01,8.45046e+00
5.993000E-005,9.72673e+00,8.45046e+00
5.996000E-005,9.72673e+00,8.45046e+00
5.999000E-005,1.01287e+01,8.45046e+00
6.002000E-005,1.01287e+01,8.45046e+00
6.005000E-005,9.72673e+00,8.24946e+00
6.008000E-005,9.72673e+00,8.45046e+00
6.011000E-005,9.72673e+00,8.45046e+00
6.014000E-005,9.72673e+00,8.45046e+00
6.017000E-005,9.72673e+00,8.65147e+00
6.020000E-005,1.01287e+01,8.45046e+00
6.023000E-005,9.72673e+00,8.65147e+00
6.026000E-005,9.72673e+00,8.45046e+00
6.029000E-005,9.72673e+00,8.45046e+00
6.032000E-005,9.72673e+00,8.24946e+00
6.035000E-005,9.72673e+00,8.24946e+00
6.038000E-005,9.72673e+00,8.45046e+00
6.041000E-005,9.72673e+00,8.45046e+00
6.044000E-005,9.72673e+00,8.45046e+00
6.047000E-005,1.01287e+01,8.45046e+00
6.050000E-005,9.72673e+00,8.45046e+00
6.053000E-005,9.72673e+00,8.45046e+00
6.056000E-005,9.72673e+00,8.24946e+00
6.059000E-005,1.01287e+01,8.45046e+00
6.062000E-005,9.72673e+00,8.45046e+00
6.065000E-005,9.72673e+00,8.45046e+00
6.068000E-005,1.01287e+01,8.45046e+00
6.071000E-005,9.72673e+00,8.45046e+00
6.074000E-005,9.72673e+00,8.45046e+00
6.077000E-005,9.72673e+00,8.45046e+00
6.080000E-005,9.72673e+00,8.45046e+00
6.083000E-005,9.72673e+00,8.45046e+00
6.086000E-005,9.72673e+00,8.45046e+00
6.089000E-005,1.01287e+01,8.45046e+00
6.092000E-005,9.72673e+00,8.65147e+00
6.095000E-005,9.72673e+00,8.45046e+00
6.098000E-005,1.01287e+01,8.65147e+00
6.101000E-005,1.01287e+01,8.45046e+00
6.104000E-005,9.72673e+00,8.45046e+00
6.107000E-005,9.72673e+00,8.45046e+00
6.110000E-005,1.01287e+01,8.45046e+00
6.113000E-005,1.01287e+01,8.45046e+00
6.116000E-005,9.72673e+00,8.24946e+00
6.119000E-005,1.01287e+01,8.45046e+00
6.122000E-005,1.01287e+01,8.45046e+00
6.125000E-005,1.01287e+01,8.24946e+00
6.128000E-005,9.72673e+00,8.45046e+00
6.131000E-005,1.01287e+01,8.24946e+00
6.134000E-005,9.72673e+00,8.45046e+00
6.137000E-005,9.72673e+00,8.45046e+00
6.140000E-005,9.72673e+00,8.45046e+00
6.143000E-005,9.72673e+00,8.45046e+00
6.146000E-005,9.72673e+00,8.45046e+00
6.149000E-005,9.72673e+00,8.45046e+00
6.152000E-005,9.72673e+00,8.45046e+00
6.155000E-005,1.01287e+01,8.45046e+00
6.158000E-005,1.01287e+01,8.45046e+00
6.161000E-005,9.72673e+00,8.45046e+00
6.164000E-005,9.32472e+00,8.45046e+00
6.167000E-005,9.72673e+00,8.24946e+00
6.170000E-005,1.01287e+01,8.45046e+00
6.173000E-005,1.01287e+01,8.24946e+00
6.176000E-005,1.01287e+01,8.45046e+00
6.179000E-005,1.01287e+01,8.45046e+00
6.182000E-005,1.01287e+01,8.45046e+00
6.185000E-005,1.01287e+01,8.65147e+00
6.188000E-005,1.01287e+01,8.45046e+00
6.191000E-005,9.72673e+00,8.45046e+00
6.194000E-005,1.01287e+01,8.45046e+00
6.197000E-005,1.01287e+01,8.45046e+00
6.200000E-005,9.72673e+00,8.45046e+00
6.203000E-005,9.72673e+00,8.45046e+00
6.206000E-005,1.01287e+01,8.45046e+00
6.209000E-005,9.72673e+00,8.45046e+00
6.212000E-005,9.72673e+00,8.45046e+00
6.215000E-005,9.72673e+00,8.45046e+00
6.218000E-005,1.01287e+01,8.45046e+00
6.221000E-005,9.72673e+00,8.45046e+00
6.224000E-005,1.01287e+01,8.45046e+00
6.227000E-005,9.72673e+00,8.45046e+00
6.230000E-005,1.01287e+01,8.45046e+00
6.233000E-005,9.72673e+00,8.65147e+00
6.236000E-005,9.72673e+00,8.65147e+00
6.239000E-005,1.01287e+01,8.45046e+00
6.242000E-005,1.01287e+01,8.45046e+00
6.245000E-005,9.72673e+00,8.65147e+00
6.248000E-005,9.72673e+00,8.45046e+00
6.251000E-005,9.72673e+00,8.45046e+00
6.254000E-005,1.01287e+01,8.45046e+00
6.257000E-005,1.01287e+01,8.65147e+00
6.260000E-005,9.72673e+00,8.45046e+00
6.263000E-005,9.72673e+00,8.24946e+00
6.266000E-005,1.01287e+01,8.45046e+00
6.269000E-005,1.01287e+01,8.45046e+00
6.272000E-005,1.01287e+01,8.45046e+00
6.275000E-005,1.01287e+01,8.65147e+00
6.278000E-005,1.01287e+01,8.45046e+00
6.281000E-005,1.01287e+01,8.45046e+00
6.284000E-005,9.72673e+00,8.45046e+00
6.287000E-005,1.01287e+01,8.24946e+00
6.290000E-005,9.72673e+00,8.45046e+00
6.293000E-005,9.72673e+00,8.65147e+00
6.296000E-005,9.72673e+00,8.45046e+00
6.299000E-005,1.01287e+01,8.45046e+00
6.302000E-005,9.72673e+00,8.45046e+00
6.305000E-005,1.01287e+01,8.45046e+00
6.308000E-005,1.01287e+01,8.65147e+00
6.311000E-005,9.72673e+00,8.45046e+00
6.314000E-005,9.72673e+00,8.45046e+00
6.317000E-005,9.72673e+00,8.45046e+00
6.320000E-005,1.01287e+01,8.65147e+00
6.323000E-005,9.72673e+00,8.45046e+00
6.326000E-005,9.72673e+00,8.45046e+00
6.329000E-005,9.72673e+00,8.45046e+00
6.332000E-005,9.72673e+00,8.45046e+00
6.335000E-005,1.01287e+01,8.45046e+00
6.338000E-005,1.01287e+01,8.45046e+00
6.341000E-005,9.72673e+00,8.45046e+00
6.344000E-005,1.01287e+01,8.45046e+00
6.347000E-005,1.01287e+01,8.45046e+00
6.350000E-005,9.72673e+00,8.65147e+00
6.353000E-005,9.72673e+00,8.65147e+00
6.356000E-005,1.01287e+01,8.24946e+00
6.359000E-005,9.72673e+00,8.65147e+00
6.362000E-005,1.01287e+01,8.45046e+00
6.365000E-005,9.72673e+00,8.45046e+00
6.368000E-005,1.01287e+01,8.45046e+00
6.371000E-005,1.01287e+01,8.45046e+00
6.374000E-005,9.72673e+00,8.45046e+00
6.377000E-005,9.72673e+00,8.45046e+00
6.380000E-005,1.01287e+01,8.45046e+00
6.383000E-005,1.01287e+01,8.45046e+00
6.386000E-005,9.72673e+00,8.45046e+00
6.389000E-005,1.01287e+01,8.65147e+00
6.392000E-005,1.01287e+01,8.45046e+00
6.395000E-005,1.01287e+01,8.65147e+00
6.398000E-005,1.01287e+01,8.45046e+00
6.401000E-005,1.01287e+01,8.45046e+00
6.404000E-005,9.72673e+00,8.65147e+00
6.407000E-005,1.01287e+01,8.45046e+00
6.410000E-005,1.01287e+01,8.45046e+00
6.413000E-005,9.72673e+00,8.45046e+00
6.416000E-005,1.01287e+01,8.65147e+00
6.419000E-005,1.01287e+01,8.45046e+00
6.422000E-005,1.01287e+01,8.65147e+00
6.425000E-005,9.72673e+00,8.65147e+00
6.428000E-005,9.72673e+00,8.45046e+00
6.431000E-005,9.72673e+00,8.45046e+00
6.434000E-005,1.01287e+01,8.45046e+00
6.437000E-005,9.72673e+00,8.45046e+00
6.440000E-005,9.72673e+00,8.45046e+00
6.443000E-005,1.01287e+01,8.65147e+00
6.446000E-005,1.01287e+01,8.65147e+00
6.449000E-005,1.01287e+01,8.45046e+00
6.452000E-005,1.01287e+01,8.65147e+00
6.455000E-005,9.72673e+00,8.45046e+00
6.458000E-005,9.72673e+00,8.65147e+00
6.461000E-005,1.01287e+01,8.45046e+00
6.464000E-005,1.01287e+01,8.45046e+00
6.467000E-005,9.72673e+00,8.65147e+00
6.470000E-005,9.72673e+00,8.45046e+00
6.473000E-005,9.72673e+00,8.45046e+00
6.476000E-005,1.01287e+01,8.65147e+00
6.479000E-005,1.01287e+01,8.45046e+00
6.482000E-005,1.01287e+01,8.65147e+00
6.485000E-005,1.01287e+01,8.45046e+00
6.488000E-005,1.01287e+01,8.45046e+00
6.491000E-005,1.05308e+01,8.65147e+00
6.494000E-005,1.01287e+01,8.45046e+00
6.497000E-005,1.01287e+01,8.65147e+00
6.500000E-005,1.01287e+01,8.45046e+00
6.503000E-005,1.01287e+01,8.45046e+00
6.506000E-005,1.01287e+01,8.45046e+00
6.509000E-005,1.01287e+01,8.45046e+00
6.512000E-005,1.01287e+01,8.65147e+00
6.515000E-005,1.01287e+01,8.65147e+00
6.518000E-005,9.72673e+00,8.65147e+00
6.521000E-005,1.01287e+01,8.65147e+00
6.524000E-005,1.01287e+01,8.65147e+00
6.527000E-005,1.01287e+01,8.45046e+00
6.530000E-005,1.01287e+01,8.65147e+00
6.533000E-005,9.72673e+00,8.45046e+00
6.536000E-005,1.01287e+01,8.45046e+00
6.539000E-005,9.72673e+00,8.45046e+00
6.542000E-005,1.01287e+01,8.65147e+00
6.545000E-005,1.01287e+01,8.65147e+00
6.548000E-005,1.01287e+01,8.45046e+00
6.551000E-005,1.01287e+01,8.65147e+00
6.554000E-005,1.01287e+01,8.65147e+00
6.557000E-005,1.01287e+01,8.45046e+00
6.560000E-005,1.01287e+01,8.65147e+00
6.563000E-005,1.01287e+01,8.65147e+00
6.566000E-005,1.01287e+01,8.45046e+00
6.569000E-005,1.01287e+01,8.65147e+00
6.572000E-005,1.05308e+01,8.65147e+00
6.575000E-005,1.01287e+01,8.65147e+00
6.578000E-005,9.72673e+00,8.45046e+00
6.581000E-005,9.72673e+00,8.85247e+00
6.584000E-005,1.01287e+01,8.65147e+00
6.587000E-005,1.01287e+01,8.65147e+00
6.590000E-005,9.72673e+00,8.45046e+00
6.593000E-005,1.05308e+01,8.65147e+00
6.596000E-005,1.01287e+01,8.65147e+00
6.599000E-005,1.01287e+01,8.65147e+00
6.602000E-005,9.72673e+00,8.65147e+00
6.605000E-005,1.01287e+01,8.65147e+00
6.608000E-005,9.72673e+00,8.45046e+00
6.611000E-005,1.01287e+01,8.65147e+00
6.614000E-005,1.01287e+01,8.65147e+00
6.617000E-005,1.01287e+01,8.45046e+00
6.620000E-005,1.01287e+01,8.65147e+00
6.623000E-005,1.01287e+01,8.65147e+00
6.626000E-005,1.01287e+01,8.45046e+00
6.629000E-005,1.01287e+01,8.65147e+00
6.632000E-005,1.01287e+01,8.45046e+00
6.635000E-005,1.01287e+01,8.65147e+00
6.638000E-005,1.01287e+01,8.65147e+00
6.641000E-005,1.01287e+01,8.65147e+00
6.644000E-005,1.01287e+01,8.65147e+00
6.647000E-005,1.01287e+01,8.65147e+00
6.650000E-005,9.72673e+00,8.65147e+00
6.653000E-005,9.72673e+00,8.65147e+00
6.656000E-005,1.01287e+01,8.45046e+00
6.659000E-005,1.01287e+01,8.65147e+00
6.662000E-005,1.01287e+01,8.45046e+00
6.665000E-005,1.05308e+01,8.65147e+00
6.668000E-005,1.01287e+01,8.65147e+00
6.671000E-005,1.01287e+01,8.65147e+00
6.674000E-005,9.72673e+00,8.65147e+00
6.677000E-005,1.01287e+01,8.65147e+00
6.680000E-005,1.01287e+01,8.65147e+00
6.683000E-005,1.01287e+01,8.65147e+00
6.686000E-005,1.05308e+01,8.65147e+00
6.689000E-005,1.01287e+01,8.85247e+00
6.692000E-005,1.01287e+01,8.65147e+00
6.695000E-005,1.01287e+01,8.65147e+00
6.698000E-005,9.72673e+00,8.65147e+00
6.701000E-005,1.01287e+01,8.65147e+00
6.704000E-005,1.01287e+01,8.65147e+00
6.707000E-005,1.01287e+01,8.65147e+00
6.710000E-005,1.01287e+01,8.65147e+00
6.713000E-005,1.01287e+01,8.65147e+00
6.716000E-005,1.01287e+01,8.65147e+00
6.719000E-005,1.01287e+01,8.65147e+00
6.722000E-005,1.01287e+01,8.65147e+00
6.725000E-005,1.01287e+01,8.65147e+00
6.728000E-005,1.05308e+01,8.65147e+00
6.731000E-005,1.01287e+01,8.65147e+00
6.734000E-005,1.01287e+01,8.65147e+00
6.737000E-005,9.72673e+00,8.65147e+00
6.740000E-005,1.01287e+01,8.65147e+00
6.743000E-005,1.01287e+01,8.65147e+00
6.746000E-005,1.01287e+01,8.65147e+00
6.749000E-005,1.01287e+01,8.65147e+00
6.752000E-005,1.01287e+01,8.65147e+00
6.755000E-005,9.72673e+00,8.85247e+00
6.758000E-005,1.01287e+01,8.65147e+00
6.761000E-005,9.72673e+00,8.65147e+00
6.764000E-005,1.01287e+01,8.65147e+00
6.767000E-005,1.01287e+01,8.65147e+00
6.770000E-005,9.72673e+00,8.85247e+00
6.773000E-005,1.01287e+01,8.65147e+00
6.776000E-005,1.05308e+01,8.85247e+00
6.779000E-005,9.72673e+00,8.65147e+00
6.782000E-005,1.01287e+01,8.65147e+00
6.785000E-005,1.01287e+01,8.65147e+00
6.788000E-005,1.01287e+01,8.65147e+00
6.791000E-005,1.01287e+01,8.65147e+00
6.794000E-005,1.01287e+01,8.85247e+00
6.797000E-005,1.01287e+01,8.65147e+00
6.800000E-005,1.01287e+01,8.65147e+00
6.803000E-005,1.01287e+01,8.65147e+00
6.806000E-005,1.01287e+01,8.65147e+00
6.809000E-005,1.01287e+01,8.65147e+00
6.812000E-005,1.05308e+01,8.65147e+00
6.815000E-005,1.01287e+01,8.65147e+00
6.818000E-005,1.01287e+01,8.65147e+00
6.821000E-005,1.01287e+01,8.45046e+00
6.824000E-005,1.01287e+01,8.65147e+00
6.827000E-005,1.01287e+01,8.65147e+00
6.830000E-005,1.01287e+01,8.65147e+00
6.833000E-005,1.01287e+01,8.65147e+00
6.836000E-005,9.72673e+00,8.65147e+00
6.839000E-005,1.01287e+01,8.65147e+00
6.842000E-005,1.01287e+01,8.65147e+00
6.845000E-005,9.72673e+00,8.65147e+00
6.848000E-005,1.01287e+01,8.65147e+00
6.851000E-005,9.72673e+00,8.65147e+00
6.854000E-005,1.01287e+01,8.65147e+00
6.857000E-005,1.01287e+01,8.65147e+00
6.860000E-005,1.01287e+01,8.65147e+00
6.863000E-005,1.01287e+01,8.65147e+00
6.866000E-005,1.05308e+01,8.65147e+00
6.869000E-005,1.05308e+01,8.65147e+00
6.872000E-005,1.01287e+01,8.65147e+00
6.875000E-005,1.01287e+01,8.65147e+00
6.878000E-005,1.01287e+01,8.65147e+00
6.881000E-005,1.01287e+01,8.85247e+00
6.884000E-005,1.01287e+01,8.65147e+00
6.887000E-005,1.05308e+01,8.65147e+00
6.890000E-005,1.01287e+01,8.65147e+00
6.893000E-005,1.05308e+01,8.85247e+00
6.896000E-005,1.01287e+01,8.85247e+00
6.899000E-005,1.01287e+01,8.65147e+00
6.902000E-005,1.05308e+01,8.85247e+00
6.905000E-005,1.01287e+01,8.65147e+00
6.908000E-005,1.01287e+01,8.65147e+00
6.911000E-005,1.05308e+01,8.65147e+00
6.914000E-005,1.01287e+01,8.65147e+00
6.917000E-005,9.72673e+00,8.85247e+00
6.920000E-005,1.01287e+01,8.65147e+00
6.923000E-005,1.01287e+01,8.85247e+00
6.926000E-005,1.01287e+01,8.65147e+00
6.929000E-005,1.01287e+01,8.65147e+00
6.932000E-005,1.01287e+01,8.85247e+00
6.935000E-005,1.01287e+01,8.85247e+00
6.938000E-005,1.05308e+01,8.85247e+00
6.941000E-005,1.01287e+01,8.85247e+00
6.944000E-005,1.01287e+01,8.85247e+00
6.947000E-005,1.01287e+01,8.65147e+00
6.950000E-005,1.01287e+01,8.65147e+00
6.953000E-005,9.72673e+00,8.65147e+00
6.956000E-005,1.01287e+01,8.65147e+00
6.959000E-005,1.01287e+01,8.65147e+00
6.962000E-005,1.01287e+01,8.65147e+00
6.965000E-005,1.05308e+01,8.65147e+00
6.968000E-005,1.01287e+01,8.85247e+00
6.971000E-005,1.05308e+01,8.85247e+00
6.974000E-005,1.01287e+01,8.85247e+00
6.977000E-005,1.01287e+01,8.65147e+00
6.980000E-005,1.01287e+01,8.45046e+00
6.983000E-005,1.05308e+01,8.85247e+00
6.986000E-005,1.01287e+01,8.65147e+00
6.989000E-005,1.01287e+01,8.85247e+00
6.992000E-005,1.01287e+01,8.65147e+00
6.995000E-005,1.01287e+01,8.85247e+00
6.998000E-005,1.01287e+01,8.65147e+00
7.001000E-005,1.05308e+01,8.65147e+00
7.004000E-005,1.01287e+01,8.65147e+00
7.007000E-005,1.01287e+01,8.65147e+00
7.010000E-005,9.72673e+00,8.65147e+00
7.013000E-005,1.01287e+01,8.65147e+00
7.016000E-005,1.01287e+01,8.65147e+00
7.019000E-005,1.05308e+01,8.65147e+00
7.022000E-005,1.01287e+01,8.85247e+00
7.025000E-005,1.01287e+01,8.65147e+00
7.028000E-005,1.05308e+01,8.65147e+00
7.031000E-005,1.01287e+01,8.65147e+00
7.034000E-005,1.01287e+01,8.85247e+00
7.037000E-005,1.01287e+01,8.85247e+00
7.040000E-005,1.01287e+01,8.85247e+00
7.043000E-005,1.01287e+01,8.85247e+00
7.046000E-005,1.05308e+01,8.65147e+00
7.049000E-005,1.01287e+01,8.65147e+00
7.052000E-005,1.05308e+01,8.85247e+00
7.055000E-005,1.01287e+01,8.85247e+00
7.058000E-005,1.01287e+01,8.85247e+00
7.061000E-005,1.01287e+01,8.85247e+00
7.064000E-005,1.01287e+01,8.85247e+00
7.067000E-005,1.01287e+01,8.65147e+00
7.070000E-005,1.01287e+01,8.65147e+00
7.073000E-005,1.01287e+01,8.65147e+00
7.076000E-005,1.01287e+01,8.85247e+00
7.079000E-005,1.01287e+01,8.85247e+00
7.082000E-005,1.01287e+01,8.65147e+00
7.085000E-005,1.01287e+01,8.85247e+00
7.088000E-005,1.01287e+01,8.85247e+00
7.091000E-005,1.01287e+01,8.85247e+00
7.094000E-005,1.05308e+01,8.65147e+00
7.097000E-005,1.01287e+01,8.65147e+00
7.100000E-005,1.01287e+01,8.65147e+00
7.103000E-005,1.01287e+01,8.65147e+00
7.106000E-005,1.01287e+01,8.85247e+00
7.109000E-005,1.01287e+01,8.65147e+00
7.112000E-005,1.01287e+01,8.65147e+00
7.115000E-005,1.01287e+01,8.65147e+00
7.118000E-005,1.05308e+01,8.65147e+00
7.121000E-005,1.01287e+01,8.65147e+00
7.124000E-005,1.01287e+01,8.65147e+00
7.127000E-005,1.01287e+01,8.65147e+00
7.130000E-005,1.05308e+01,8.65147e+00
7.133000E-005,1.01287e+01,8.65147e+00
7.136000E-005,1.05308e+01,8.65147e+00
7.139000E-005,1.01287e+01,8.85247e+00
7.142000E-005,1.01287e+01,8.85247e+00
7.145000E-005,1.01287e+01,8.85247e+00
7.148000E-005,1.01287e+01,8.65147e+00
7.151000E-005,1.01287e+01,8.65147e+00
7.154000E-005,1.01287e+01,8.65147e+00
7.157000E-005,1.05308e+01,8.65147e+00
7.160000E-005,1.05308e+01,8.85247e+00
7.163000E-005,1.05308e+01,8.85247e+00
7.166000E-005,1.01287e+01,8.85247e+00
7.169000E-005,1.01287e+01,8.65147e+00
7.172000E-005,1.01287e+01,8.85247e+00
7.175000E-005,1.01287e+01,8.85247e+00
7.178000E-005,1.01287e+01,8.85247e+00
7.181000E-005,1.01287e+01,8.65147e+00
7.184000E-005,1.01287e+01,8.85247e+00
7.187000E-005,1.05308e+01,9.05348e+00
7.190000E-005,1.05308e+01,8.85247e+00
7.193000E-005,1.05308e+01,8.85247e+00
7.196000E-005,1.01287e+01,8.65147e+00
7.199000E-005,1.05308e+01,8.85247e+00
7.202000E-005,1.01287e+01,8.65147e+00
7.205000E-005,1.05308e+01,8.85247e+00
7.208000E-005,1.01287e+01,8.85247e+00
7.211000E-005,1.01287e+01,8.65147e+00
7.214000E-005,1.01287e+01,8.85247e+00
7.217000E-005,1.01287e+01,8.65147e+00
7.220000E-005,1.01287e+01,8.65147e+00
7.223000E-005,1.01287e+01,8.85247e+00
7.226000E-005,1.05308e+01,8.85247e+00
7.229000E-005,1.05308e+01,8.65147e+00
7.232000E-005,1.05308e+01,8.65147e+00
7.235000E-005,1.01287e+01,8.85247e+00
7.238000E-005,1.01287e+01,8.85247e+00
7.241000E-005,1.01287e+01,8.65147e+00
7.244000E-005,1.01287e+01,8.85247e+00
7.247000E-005,1.01287e+01,8.65147e+00
7.250000E-005,1.01287e+01,8.85247e+00
7.253000E-005,1.05308e+01,8.65147e+00
7.256000E-005,1.05308e+01,8.85247e+00
7.259000E-005,1.05308e+01,8.65147e+00
7.262000E-005,1.01287e+01,8.85247e+00
7.265000E-005,1.05308e+01,8.85247e+00
7.268000E-005,1.01287e+01,8.85247e+00
7.271000E-005,1.05308e+01,8.85247e+00
7.274000E-005,1.01287e+01,8.85247e+00
7.277000E-005,1.01287e+01,8.65147e+00
7.280000E-005,1.05308e+01,8.85247e+00
7.283000E-005,1.01287e+01,8.65147e+00
7.286000E-005,1.05308e+01,8.85247e+00
7.289000E-005,1.05308e+01,8.85247e+00
7.292000E-005,1.01287e+01,8.85247e+00
7.295000E-005,1.05308e+01,8.85247e+00
7.298000E-005,1.01287e+01,8.85247e+00
7.301000E-005,1.05308e+01,8.85247e+00
7.304000E-005,1.05308e+01,8.85247e+00
7.307000E-005,1.05308e+01,8.85247e+00
7.310000E-005,1.01287e+01,8.85247e+00
7.313000E-005,1.05308e+01,8.85247e+00
7.316000E-005,1.05308e+01,8.85247e+00
7.319000E-005,1.05308e+01,8.85247e+00
7.322000E-005,1.01287e+01,9.05348e+00
7.325000E-005,1.05308e+01,8.65147e+00
7.328000E-005,1.01287e+01,8.85247e+00
7.331000E-005,1.01287e+01,8.85247e+00
7.334000E-005,1.05308e+01,8.85247e+00
7.337000E-005,1.05308e+01,8.85247e+00
7.340000E-005,9.72673e+00,8.85247e+00
7.343000E-005,1.01287e+01,8.65147e+00
7.346000E-005,1.01287e+01,8.65147e+00
7.349000E-005,1.01287e+01,8.65147e+00
7.352000E-005,1.01287e+01,8.85247e+00
7.355000E-005,1.05308e+01,8.85247e+00
7.358000E-005,1.05308e+01,8.85247e+00
7.361000E-005,1.05308e+01,8.85247e+00
7.364000E-005,1.01287e+01,8.85247e+00
7.367000E-005,1.05308e+01,8.65147e+00
7.370000E-005,1.01287e+01,8.85247e+00
7.373000E-005,1.01287e+01,8.85247e+00
7.376000E-005,9.72673e+00,8.85247e+00
7.379000E-005,1.01287e+01,8.85247e+00
7.382000E-005,1.05308e+01,8.85247e+00
7.385000E-005,1.01287e+01,8.85247e+00
7.388000E-005,1.01287e+01,8.65147e+00
7.391000E-005,1.05308e+01,8.85247e+00
7.394000E-005,1.01287e+01,8.85247e+00
7.397000E-005,1.01287e+01,8.65147e+00
7.400000E-005,1.05308e+01,8.85247e+00
7.403000E-005,1.01287e+01,8.85247e+00
7.406000E-005,1.05308e+01,8.85247e+00
7.409000E-005,1.01287e+01,8.85247e+00
7.412000E-005,1.01287e+01,8.85247e+00
7.415000E-005,1.01287e+01,8.85247e+00
7.418000E-005,1.01287e+01,8.85247e+00
7.421000E-005,1.01287e+01,8.85247e+00
7.424000E-005,1.01287e+01,8.85247e+00
7.427000E-005,1.05308e+01,8.85247e+00
7.430000E-005,1.01287e+01,8.85247e+00
7.433000E-005,1.05308e+01,8.85247e+00
7.436000E-005,1.01287e+01,8.85247e+00
7.439000E-005,1.01287e+01,8.85247e+00
7.442000E-005,1.01287e+01,9.05348e+00
7.445000E-005,1.05308e+01,8.85247e+00
7.448000E-005,1.01287e+01,8.85247e+00
7.451000E-005,1.05308e+01,8.85247e+00
7.454000E-005,1.01287e+01,8.85247e+00
7.457000E-005,1.05308e+01,8.85247e+00
7.460000E-005,1.05308e+01,8.85247e+00
7.463000E-005,1.01287e+01,8.85247e+00
7.466000E-005,1.01287e+01,8.85247e+00
7.469000E-005,1.01287e+01,8.85247e+00
7.472000E-005,1.01287e+01,8.85247e+00
7.475000E-005,1.05308e+01,8.85247e+00
7.478000E-005,1.01287e+01,8.85247e+00
7.481000E-005,1.01287e+01,8.85247e+00
7.484000E-005,1.01287e+01,8.85247e+00
7.487000E-005,1.05308e+01,8.85247e+00
7.490000E-005,1.01287e+01,9.05348e+00
7.493000E-005,1.05308e+01,8.85247e+00
7.496000E-005,1.01287e+01,8.85247e+00
7.499000E-005,1.01287e+01,8.65147e+00
7.502000E-005,1.01287e+01,8.65147e+00
7.505000E-005,1.05308e+01,8.85247e+00
7.508000E-005,1.05308e+01,8.85247e+00
7.511000E-005,1.01287e+01,8.85247e+00
7.514000E-005,1.05308e+01,8.85247e+00
7.517000E-005,1.05308e+01,8.85247e+00
7.520000E-005,1.01287e+01,8.85247e+00
7.523000E-005,1.05308e+01,8.85247e+00
7.526000E-005,1.01287e+01,8.85247e+00
7.529000E-005,1.05308e+01,8.85247e+00
7.532000E-005,1.05308e+01,9.05348e+00
7.535000E-005,1.05308e+01,8.85247e+00
7.538000E-005,1.01287e+01,8.85247e+00
7.541000E-005,1.01287e+01,9.05348e+00
7.544000E-005,1.01287e+01,9.05348e+00
7.547000E-005,1.05308e+01,8.85247e+00
7.550000E-005,1.01287e+01,8.85247e+00
7.553000E-005,1.05308e+01,8.85247e+00
7.556000E-005,1.01287e+01,8.85247e+00
7.559000E-005,1.05308e+01,8.85247e+00
7.562000E-005,1.01287e+01,8.85247e+00
7.565000E-005,1.01287e+01,8.65147e+00
7.568000E-005,1.01287e+01,8.85247e+00
7.571000E-005,1.01287e+01,8.85247e+00
7.574000E-005,1.01287e+01,8.85247e+00
7.577000E-005,1.05308e+01,8.85247e+00
7.580000E-005,1.05308e+01,8.85247e+00
7.583000E-005,1.05308e+01,8.85247e+00
7.586000E-005,1.05308e+01,8.85247e+00
7.589000E-005,1.05308e+01,9.05348e+00
7.592000E-005,1.05308e+01,8.85247e+00
7.595000E-005,1.09328e+01,8.85247e+00
7.598000E-005,1.01287e+01,8.85247e+00
7.601000E-005,1.01287e+01,8.85247e+00
7.604000E-005,1.05308e+01,8.85247e+00
7.607000E-005,1.01287e+01,8.85247e+00
7.610000E-005,1.01287e+01,8.85247e+00
7.613000E-005,1.05308e+01,8.85247e+00
7.616000E-005,1.01287e+01,8.85247e+00
7.619000E-005,1.05308e+01,8.85247e+00
7.622000E-005,1.01287e+01,8.85247e+00
7.625000E-005,1.01287e+01,8.85247e+00
7.628000E-005,1.05308e+01,8.85247e+00
7.631000E-005,1.01287e+01,8.65147e+00
7.634000E-005,1.01287e+01,8.85247e+00
7.637000E-005,1.05308e+01,8.85247e+00
7.640000E-005,1.05308e+01,8.85247e+00
7.643000E-005,1.01287e+01,8.85247e+00
7.646000E-005,1.01287e+01,8.85247e+00
7.649000E-005,1.01287e+01,8.85247e+00
7.652000E-005,1.09328e+01,8.85247e+00
7.655000E-005,1.01287e+01,8.85247e+00
7.658000E-005,1.01287e+01,8.85247e+00
7.661000E-005,1.01287e+01,8.85247e+00
7.664000E-005,1.05308e+01,8.85247e+00
7.667000E-005,1.01287e+01,9.05348e+00
7.670000E-005,1.05308e+01,9.05348e+00
7.673000E-005,1.05308e+01,9.05348e+00
7.676000E-005,1.05308e+01,8.85247e+00
7.679000E-005,1.05308e+01,8.85247e+00
7.682000E-005,1.05308e+01,8.85247e+00
7.685000E-005,1.05308e+01,8.85247e+00
7.688000E-005,1.05308e+01,8.85247e+00
7.691000E-005,1.05308e+01,8.85247e+00
7.694000E-005,1.05308e+01,8.85247e+00
7.697000E-005,1.05308e+01,8.85247e+00
7.700000E-005,1.05308e+01,8.85247e+00
7.703000E-005,1.01287e+01,8.85247e+00
7.706000E-005,1.01287e+01,9.05348e+00
7.709000E-005,1.01287e+01,8.85247e+00
7.712000E-005,1.01287e+01,8.85247e+00
7.715000E-005,1.01287e+01,9.05348e+00
7.718000E-005,1.05308e+01,8.85247e+00
7.721000E-005,1.05308e+01,8.85247e+00
7.724000E-005,1.05308e+01,8.85247e+00
7.727000E-005,1.01287e+01,8.85247e+00
7.730000E-005,1.01287e+01,8.85247e+00
7.733000E-005,1.01287e+01,9.05348e+00
7.736000E-005,1.01287e+01,8.85247e+00
7.739000E-005,1.05308e+01,9.05348e+00
7.742000E-005,1.05308e+01,8.85247e+00
7.745000E-005,1.05308e+01,9.05348e+00
7.748000E-005,1.01287e+01,8.85247e+00
7.751000E-005,1.01287e+01,8.85247e+00
7.754000E-005,1.05308e+01,8.85247e+00
7.757000E-005,1.01287e+01,9.05348e+00
7.760000E-005,1.01287e+01,8.85247e+00
7.763000E-005,1.01287e+01,8.85247e+00
7.766000E-005,1.05308e+01,8.85247e+00
7.769000E-005,1.01287e+01,8.85247e+00
7.772000E-005,1.05308e+01,9.05348e+00
7.775000E-005,1.05308e+01,8.85247e+00
7.778000E-005,1.01287e+01,9.05348e+00
7.781000E-005,1.01287e+01,8.85247e+00
7.784000E-005,1.05308e+01,8.85247e+00
7.787000E-005,1.01287e+01,8.85247e+00
7.790000E-005,1.01287e+01,9.05348e+00
7.793000E-005,1.05308e+01,9.05348e+00
7.796000E-005,1.05308e+01,8.85247e+00
7.799000E-005,1.05308e+01,8.85247e+00
7.802000E-005,1.01287e+01,8.85247e+00
7.805000E-005,1.05308e+01,8.85247e+00
7.808000E-005,1.05308e+01,9.05348e+00
7.811000E-005,1.01287e+01,8.85247e+00
7.814000E-005,1.05308e+01,9.05348e+00
7.817000E-005,1.01287e+01,8.85247e+00
7.820000E-005,1.05308e+01,9.05348e+00
7.823000E-005,1.05308e+01,8.85247e+00
7.826000E-005,1.05308e+01,8.85247e+00
7.829000E-005,1.05308e+01,8.85247e+00
7.832000E-005,1.05308e+01,8.85247e+00
7.835000E-005,1.05308e+01,9.05348e+00
7.838000E-005,1.05308e+01,8.85247e+00
7.841000E-005,1.05308e+01,9.05348e+00
7.844000E-005,1.01287e+01,9.05348e+00
7.847000E-005,1.05308e+01,9.05348e+00
7.850000E-005,1.01287e+01,8.85247e+00
7.853000E-005,1.05308e+01,8.85247e+00
7.856000E-005,1.05308e+01,8.85247e+00
7.859000E-005,1.05308e+01,9.05348e+00
7.862000E-005,1.05308e+01,8.85247e+00
7.865000E-005,1.05308e+01,9.05348e+00
7.868000E-005,1.05308e+01,8.85247e+00
7.871000E-005,1.05308e+01,9.05348e+00
7.874000E-005,1.01287e+01,8.85247e+00
7.877000E-005,1.05308e+01,8.85247e+00
7.880000E-005,1.05308e+01,8.85247e+00
7.883000E-005,1.01287e+01,9.05348e+00
7.886000E-005,1.05308e+01,8.85247e+00
7.889000E-005,1.05308e+01,9.05348e+00
7.892000E-005,1.01287e+01,8.85247e+00
7.895000E-005,1.05308e+01,9.05348e+00
7.898000E-005,1.01287e+01,8.85247e+00
7.901000E-005,1.05308e+01,9.05348e+00
7.904000E-005,1.05308e+01,8.85247e+00
7.907000E-005,1.05308e+01,9.05348e+00
7.910000E-005,1.05308e+01,8.85247e+00
7.913000E-005,1.05308e+01,8.85247e+00
7.916000E-005,1.05308e+01,8.85247e+00
7.919000E-005,1.01287e+01,8.85247e+00
7.922000E-005,1.05308e+01,8.85247e+00
7.925000E-005,1.05308e+01,9.05348e+00
7.928000E-005,1.01287e+01,8.85247e+00
7.931000E-005,1.01287e+01,9.05348e+00
7.934000E-005,1.05308e+01,9.05348e+00
7.937000E-005,1.01287e+01,9.05348e+00
7.940000E-005,1.01287e+01,8.85247e+00
7.943000E-005,1.01287e+01,9.05348e+00
7.946000E-005,1.05308e+01,8.85247e+00
7.949000E-005,1.01287e+01,9.05348e+00
7.952000E-005,1.05308e+01,9.05348e+00
7.955000E-005,1.05308e+01,8.85247e+00
7.958000E-005,1.05308e+01,9.05348e+00
7.961000E-005,1.05308e+01,8.85247e+00
7.964000E-005,1.01287e+01,8.85247e+00
7.967000E-005,1.01287e+01,9.05348e+00
7.970000E-005,1.05308e+01,9.05348e+00
7.973000E-005,1.01287e+01,9.05348e+00
7.976000E-005,1.05308e+01,8.85247e+00
7.979000E-005,1.01287e+01,9.05348e+00
7.982000E-005,1.05308e+01,8.85247e+00
7.985000E-005,1.05308e+01,9.05348e+00
7.988000E-005,1.05308e+01,9.05348e+00
7.991000E-005,1.05308e+01,9.05348e+00
7.994000E-005,1.01287e+01,8.85247e+00
7.997000E-005,1.05308e+01,8.85247e+00
8.000000E-005,1.05308e+01,8.85247e+00
8.003000E-005,1.05308e+01,9.05348e+00
8.006000E-005,1.05308e+01,8.85247e+00
8.009000E-005,1.01287e+01,8.85247e+00
8.012000E-005,1.05308e+01,8.85247e+00
8.015000E-005,1.05308e+01,8.85247e+00
8.018000E-005,1.05308e+01,8.85247e+00
8.021000E-005,1.05308e+01,8.85247e+00
8.024000E-005,1.05308e+01,8.85247e+00
8.027000E-005,1.05308e+01,8.85247e+00
8.030000E-005,1.01287e+01,8.85247e+00
8.033000E-005,1.05308e+01,8.85247e+00
8.036000E-005,1.01287e+01,8.85247e+00
8.039000E-005,1.05308e+01,9.05348e+00
8.042000E-005,1.05308e+01,9.05348e+00
8.045000E-005,1.05308e+01,9.05348e+00
8.048000E-005,1.01287e+01,8.85247e+00
8.051000E-005,1.05308e+01,8.85247e+00
8.054000E-005,1.01287e+01,8.85247e+00
8.057000E-005,1.01287e+01,9.05348e+00
8.060000E-005,1.09328e+01,8.85247e+00
8.063000E-005,1.05308e+01,8.85247e+00
8.066000E-005,1.05308e+01,9.05348e+00
8.069000E-005,1.05308e+01,9.05348e+00
8.072000E-005,1.05308e+01,8.85247e+00
8.075000E-005,1.01287e+01,9.05348e+00
8.078000E-005,1.05308e+01,9.05348e+00
8.081000E-005,1.05308e+01,8.85247e+00
8.084000E-005,1.05308e+01,9.05348e+00
8.087000E-005,1.05308e+01,9.05348e+00
8.090000E-005,1.01287e+01,8.85247e+00
8.093000E-005,1.05308e+01,9.05348e+00
8.096000E-005,1.05308e+01,8.85247e+00
8.099000E-005,1.05308e+01,9.05348e+00
8.102000E-005,1.05308e+01,8.85247e+00
8.105000E-005,1.05308e+01,9.05348e+00
8.108000E-005,1.05308e+01,9.05348e+00
8.111000E-005,1.05308e+01,8.85247e+00
8.114000E-005,1.01287e+01,9.05348e+00
8.117000E-005,1.05308e+01,8.85247e+00
8.120000E-005,1.05308e+01,9.05348e+00
8.123000E-005,1.05308e+01,8.85247e+00
8.126000E-005,1.05308e+01,9.05348e+00
8.129000E-005,1.05308e+01,9.05348e+00
8.132000E-005,1.05308e+01,9.05348e+00
8.135000E-005,1.05308e+01,9.05348e+00
8.138000E-005,1.01287e+01,8.85247e+00
8.141000E-005,1.05308e+01,9.05348e+00
8.144000E-005,1.05308e+01,9.05348e+00
8.147000E-005,1.01287e+01,8.85247e+00
8.150000E-005,1.05308e+01,9.05348e+00
8.153000E-005,1.05308e+01,9.05348e+00
8.156000E-005,1.05308e+01,9.05348e+00
8.159000E-005,1.05308e+01,9.05348e+00
8.162000E-005,1.05308e+01,9.05348e+00
8.165000E-005,1.05308e+01,9.05348e+00
8.168000E-005,1.05308e+01,8.85247e+00
8.171000E-005,1.05308e+01,9.05348e+00
8.174000E-005,1.05308e+01,9.05348e+00
8.177000E-005,1.05308e+01,8.85247e+00
8.180000E-005,1.05308e+01,9.05348e+00
8.183000E-005,1.05308e+01,8.85247e+00
8.186000E-005,1.05308e+01,9.05348e+00
8.189000E-005,1.01287e+01,9.05348e+00
8.192000E-005,1.05308e+01,9.05348e+00
8.195000E-005,1.05308e+01,9.05348e+00
8.198000E-005,1.05308e+01,9.05348e+00
8.201000E-005,1.01287e+01,9.05348e+00
8.204000E-005,1.05308e+01,9.05348e+00
8.207000E-005,1.05308e+01,9.05348e+00
8.210000E-005,1.01287e+01,8.85247e+00
8.213000E-005,1.05308e+01,8.85247e+00
8.216000E-005,1.05308e+01,8.85247e+00
8.219000E-005,1.05308e+01,9.05348e+00
8.222000E-005,1.05308e+01,9.05348e+00
8.225000E-005,1.01287e+01,9.05348e+00
8.228000E-005,1.05308e+01,9.05348e+00
8.231000E-005,1.05308e+01,9.05348e+00
8.234000E-005,1.05308e+01,8.85247e+00
8.237000E-005,1.05308e+01,8.85247e+00
8.240000E-005,1.01287e+01,9.05348e+00
8.243000E-005,1.01287e+01,9.05348e+00
8.246000E-005,1.05308e+01,8.85247e+00
8.249000E-005,1.05308e+01,8.85247e+00
8.252000E-005,1.05308e+01,9.05348e+00
8.255000E-005,1.05308e+01,9.05348e+00
8.258000E-005,1.05308e+01,9.05348e+00
8.261000E-005,1.05308e+01,9.05348e+00
8.264000E-005,1.01287e+01,8.85247e+00
8.267000E-005,1.05308e+01,9.05348e+00
8.270000E-005,1.05308e+01,9.25448e+00
8.273000E-005,1.01287e+01,9.05348e+00
8.276000E-005,1.01287e+01,9.05348e+00
8.279000E-005,1.05308e+01,8.85247e+00
8.282000E-005,1.05308e+01,9.05348e+00
8.285000E-005,1.05308e+01,8.85247e+00
8.288000E-005,1.01287e+01,9.05348e+00
8.291000E-005,1.01287e+01,9.05348e+00
8.294000E-005,1.05308e+01,9.05348e+00
8.297000E-005,1.05308e+01,8.85247e+00
8.300000E-005,1.01287e+01,9.05348e+00
8.303000E-005,1.05308e+01,9.05348e+00
8.306000E-005,1.05308e+01,9.05348e+00
8.309000E-005,1.01287e+01,9.05348e+00
8.312000E-005,1.05308e+01,9.05348e+00
8.315000E-005,1.05308e+01,9.05348e+00
8.318000E-005,1.01287e+01,9.05348e+00
8.321000E-005,1.09328e+01,9.05348e+00
8.324000E-005,1.01287e+01,9.05348e+00
8.327000E-005,1.01287e+01,9.05348e+00
8.330000E-005,1.01287e+01,9.05348e+00
8.333000E-005,1.05308e+01,9.05348e+00
8.336000E-005,1.05308e+01,8.85247e+00
8.339000E-005,1.05308e+01,8.85247e+00
8.342000E-005,1.05308e+01,9.05348e+00
8.345000E-005,1.05308e+01,9.05348e+00
8.348000E-005,1.05308e+01,9.05348e+00
8.351000E-005,1.05308e+01,9.05348e+00
8.354000E-005,1.01287e+01,9.05348e+00
8.357000E-005,1.05308e+01,9.05348e+00
8.360000E-005,1.05308e+01,9.05348e+00
8.363000E-005,1.01287e+01,9.05348e+00
8.366000E-005,1.01287e+01,9.05348e+00
8.369000E-005,1.05308e+01,9.05348e+00
8.372000E-005,1.05308e+01,9.05348e+00
8.375000E-005,1.05308e+01,9.05348e+00
8.378000E-005,1.05308e+01,9.05348e+00
8.381000E-005,1.05308e+01,8.85247e+00
8.384000E-005,1.01287e+01,8.85247e+00
8.387000E-005,1.01287e+01,8.85247e+00
8.390000E-005,1.05308e+01,9.05348e+00
8.393000E-005,1.09328e+01,9.05348e+00
8.396000E-005,1.01287e+01,9.05348e+00
8.399000E-005,1.05308e+01,9.05348e+00
8.402000E-005,1.05308e+01,9.05348e+00
8.405000E-005,1.05308e+01,9.05348e+00
8.408000E-005,1.05308e+01,9.05348e+00
8.411000E-005,1.05308e+01,9.05348e+00
8.414000E-005,1.01287e+01,9.05348e+00
8.417000E-005,1.01287e+01,9.05348e+00
8.420000E-005,1.05308e+01,9.05348e+00
8.423000E-005,1.05308e+01,9.05348e+00
8.426000E-005,1.05308e+01,9.05348e+00
8.429000E-005,1.05308e+01,9.05348e+00
8.432000E-005,1.05308e+01,9.05348e+00
8.435000E-005,1.05308e+01,9.05348e+00
8.438000E-005,1.01287e+01,9.05348e+00
8.441000E-005,1.05308e+01,9.05348e+00
8.444000E-005,1.05308e+01,8.85247e+00
8.447000E-005,1.05308e+01,9.25448e+00
8.450000E-005,1.05308e+01,9.05348e+00
8.453000E-005,1.09328e+01,9.05348e+00
8.456000E-005,1.05308e+01,9.25448e+00
8.459000E-005,1.01287e+01,9.05348e+00
8.462000E-005,1.05308e+01,9.05348e+00
8.465000E-005,1.05308e+01,9.05348e+00
8.468000E-005,1.01287e+01,9.05348e+00
8.471000E-005,1.05308e+01,9.05348e+00
8.474000E-005,1.05308e+01,8.85247e+00
8.477000E-005,1.05308e+01,8.85247e+00
8.480000E-005,1.05308e+01,9.05348e+00
8.483000E-005,1.05308e+01,9.05348e+00
8.486000E-005,1.05308e+01,8.85247e+00
8.489000E-005,1.05308e+01,9.05348e+00
8.492000E-005,1.05308e+01,9.05348e+00
8.495000E-005,1.05308e+01,9.05348e+00
8.498000E-005,1.05308e+01,8.85247e+00
8.501000E-005,1.05308e+01,9.05348e+00
8.504000E-005,1.05308e+01,9.05348e+00
8.507000E-005,1.05308e+01,9.05348e+00
8.510000E-005,1.01287e+01,9.05348e+00
8.513000E-005,1.05308e+01,9.05348e+00
8.516000E-005,1.05308e+01,9.05348e+00
8.519000E-005,1.05308e+01,9.05348e+00
8.522000E-005,1.05308e+01,9.05348e+00
8.525000E-005,1.05308e+01,9.05348e+00
8.528000E-005,1.05308e+01,9.05348e+00
8.531000E-005,1.05308e+01,9.05348e+00
8.534000E-005,1.05308e+01,9.05348e+00
8.537000E-005,1.05308e+01,9.05348e+00
8.540000E-005,1.05308e+01,8.85247e+00
8.543000E-005,1.05308e+01,9.05348e+00
8.546000E-005,1.01287e+01,9.05348e+00
8.549000E-005,1.05308e+01,9.05348e+00
8.552000E-005,1.05308e+01,8.85247e+00
8.555000E-005,1.05308e+01,9.05348e+00
8.558000E-005,1.01287e+01,9.05348e+00
8.561000E-005,1.01287e+01,8.85247e+00
8.564000E-005,1.05308e+01,9.25448e+00
8.567000E-005,1.05308e+01,8.85247e+00
8.570000E-005,1.05308e+01,9.05348e+00
8.573000E-005,1.05308e+01,8.85247e+00
8.576000E-005,1.05308e+01,8.85247e+00
8.579000E-005,1.05308e+01,9.25448e+00
8.582000E-005,1.05308e+01,9.05348e+00
8.585000E-005,1.05308e+01,9.05348e+00
8.588000E-005,1.05308e+01,9.05348e+00
8.591000E-005,1.09328e+01,9.05348e+00
8.594000E-005,1.01287e+01,9.05348e+00
8.597000E-005,1.05308e+01,9.25448e+00
8.600000E-005,1.05308e+01,9.05348e+00
8.603000E-005,1.05308e+01,9.25448e+00
8.606000E-005,1.05308e+01,9.05348e+00
8.609000E-005,1.01287e+01,8.85247e+00
8.612000E-005,1.05308e+01,9.05348e+00
8.615000E-005,1.05308e+01,9.05348e+00
8.618000E-005,1.05308e+01,9.05348e+00
8.621000E-005,1.05308e+01,9.05348e+00
8.624000E-005,1.05308e+01,9.05348e+00
8.627000E-005,1.05308e+01,9.05348e+00
8.630000E-005,1.05308e+01,9.25448e+00
8.633000E-005,1.05308e+01,9.05348e+00
8.636000E-005,1.01287e+01,9.05348e+00
8.639000E-005,1.05308e+01,9.05348e+00
8.642000E-005,1.05308e+01,9.05348e+00
8.645000E-005,1.05308e+01,9.05348e+00
8.648000E-005,1.05308e+01,9.05348e+00
8.651000E-005,1.01287e+01,9.05348e+00
8.654000E-005,1.05308e+01,9.25448e+00
8.657000E-005,1.01287e+01,8.85247e+00
8.660000E-005,1.01287e+01,9.05348e+00
8.663000E-005,1.05308e+01,9.05348e+00
8.666000E-005,1.05308e+01,9.05348e+00
8.669000E-005,1.05308e+01,9.05348e+00
8.672000E-005,1.05308e+01,9.05348e+00
8.675000E-005,1.05308e+01,8.85247e+00
8.678000E-005,1.05308e+01,9.05348e+00
8.681000E-005,1.05308e+01,9.05348e+00
8.684000E-005,1.05308e+01,9.05348e+00
8.687000E-005,1.05308e+01,9.05348e+00
8.690000E-005,1.05308e+01,9.05348e+00
8.693000E-005,1.05308e+01,9.05348e+00
8.696000E-005,1.01287e+01,8.85247e+00
8.699000E-005,1.09328e+01,9.05348e+00
8.702000E-005,1.01287e+01,9.05348e+00
8.705000E-005,1.01287e+01,9.05348e+00
8.708000E-005,1.01287e+01,9.05348e+00
8.711000E-005,1.05308e+01,9.05348e+00
8.714000E-005,1.05308e+01,9.05348e+00
8.717000E-005,1.05308e+01,9.05348e+00
8.720000E-005,1.01287e+01,8.85247e+00
8.723000E-005,1.05308e+01,9.05348e+00
8.726000E-005,1.05308e+01,9.05348e+00
8.729000E-005,1.01287e+01,9.05348e+00
8.732000E-005,9.72673e+00,9.25448e+00
8.735000E-005,1.05308e+01,9.05348e+00
8.738000E-005,1.05308e+01,9.05348e+00
8.741000E-005,1.05308e+01,9.05348e+00
8.744000E-005,1.05308e+01,9.05348e+00
8.747000E-005,1.05308e+01,9.05348e+00
8.750000E-005,1.01287e+01,9.05348e+00
8.753000E-005,1.05308e+01,9.05348e+00
8.756000E-005,1.05308e+01,9.05348e+00
8.759000E-005,1.05308e+01,9.25448e+00
8.762000E-005,1.05308e+01,9.05348e+00
8.765000E-005,1.05308e+01,9.05348e+00
8.768000E-005,1.05308e+01,9.05348e+00
8.771000E-005,1.05308e+01,9.05348e+00
8.774000E-005,1.05308e+01,9.05348e+00
8.777000E-005,1.09328e+01,9.05348e+00
8.780000E-005,1.09328e+01,9.25448e+00
8.783000E-005,1.01287e+01,9.05348e+00
8.786000E-005,1.05308e+01,9.05348e+00
8.789000E-005,1.05308e+01,9.05348e+00
8.792000E-005,1.05308e+01,9.05348e+00
8.795000E-005,1.05308e+01,9.05348e+00
8.798000E-005,1.01287e+01,9.05348e+00
8.801000E-005,1.05308e+01,9.05348e+00
8.804000E-005,1.05308e+01,9.05348e+00
8.807000E-005,1.05308e+01,9.05348e+00
8.810000E-005,1.05308e+01,9.05348e+00
8.813000E-005,1.01287e+01,9.05348e+00
8.816000E-005,1.05308e+01,9.05348e+00
8.819000E-005,1.05308e+01,9.05348e+00
8.822000E-005,1.05308e+01,9.05348e+00
8.825000E-005,1.09328e+01,9.05348e+00
8.828000E-005,1.09328e+01,9.05348e+00
8.831000E-005,1.05308e+01,9.05348e+00
8.834000E-005,1.05308e+01,9.25448e+00
8.837000E-005,1.09328e+01,9.25448e+00
8.840000E-005,1.05308e+01,9.25448e+00
8.843000E-005,1.05308e+01,9.05348e+00
8.846000E-005,1.05308e+01,9.05348e+00
8.849000E-005,1.09328e+01,9.25448e+00
8.852000E-005,1.05308e+01,9.05348e+00
8.855000E-005,1.05308e+01,9.05348e+00
8.858000E-005,1.05308e+01,9.05348e+00
8.861000E-005,1.05308e+01,9.05348e+00
8.864000E-005,1.05308e+01,9.05348e+00
8.867000E-005,1.05308e+01,9.05348e+00
8.870000E-005,1.05308e+01,9.05348e+00
8.873000E-005,1.05308e+01,9.05348e+00
8.876000E-005,1.05308e+01,9.25448e+00
8.879000E-005,1.05308e+01,9.05348e+00
8.882000E-005,1.09328e+01,9.05348e+00
8.885000E-005,1.05308e+01,9.25448e+00
8.888000E-005,1.05308e+01,9.05348e+00
8.891000E-005,1.05308e+01,9.05348e+00
8.894000E-005,1.05308e+01,9.05348e+00
8.897000E-005,1.09328e+01,9.25448e+00
8.900000E-005,1.05308e+01,9.05348e+00
8.903000E-005,1.05308e+01,9.25448e+00
8.906000E-005,1.05308e+01,9.25448e+00
8.909000E-005,1.05308e+01,9.05348e+00
8.912000E-005,1.05308e+01,9.05348e+00
8.915000E-005,1.09328e+01,9.05348e+00
8.918000E-005,1.05308e+01,9.05348e+00
8.921000E-005,1.05308e+01,9.05348e+00
8.924000E-005,1.05308e+01,9.05348e+00
8.927000E-005,1.05308e+01,9.25448e+00
8.930000E-005,1.05308e+01,8.85247e+00
8.933000E-005,1.05308e+01,9.05348e+00
8.936000E-005,1.05308e+01,9.05348e+00
8.939000E-005,1.05308e+01,9.05348e+00
8.942000E-005,1.05308e+01,9.05348e+00
8.945000E-005,1.05308e+01,9.05348e+00
8.948000E-005,1.05308e+01,9.05348e+00
8.951000E-005,1.05308e+01,9.05348e+00
8.954000E-005,1.05308e+01,9.05348e+00
8.957000E-005,1.05308e+01,9.25448e+00
8.960000E-005,1.05308e+01,9.05348e+00
8.963000E-005,1.09328e+01,9.05348e+00
8.966000E-005,1.05308e+01,9.05348e+00
8.969000E-005,1.05308e+01,9.05348e+00
8.972000E-005,1.05308e+01,9.05348e+00
8.975000E-005,1.05308e+01,9.05348e+00
8.978000E-005,1.09328e+01,9.05348e+00
8.981000E-005,1.05308e+01,9.05348e+00
8.984000E-005,1.05308e+01,9.05348e+00
8.987000E-005,1.05308e+01,9.05348e+00
8.990000E-005,1.01287e+01,9.05348e+00
8.993000E-005,1.05308e+01,9.25448e+00
8.996000E-005,1.05308e+01,9.25448e+00
8.999000E-005,1.01287e+01,9.05348e+00
9.002000E-005,1.05308e+01,9.05348e+00
9.005000E-005,1.05308e+01,9.05348e+00
9.008000E-005,1.09328e+01,9.05348e+00
9.011000E-005,1.05308e+01,9.25448e+00
9.014000E-005,1.05308e+01,9.25448e+00
9.017000E-005,1.05308e+01,9.05348e+00
9.020000E-005,1.05308e+01,9.05348e+00
9.023000E-005,1.09328e+01,9.25448e+00
9.026000E-005,1.05308e+01,9.05348e+00
9.029000E-005,1.05308e+01,9.05348e+00
9.032000E-005,1.09328e+01,9.25448e+00
9.035000E-005,1.05308e+01,8.85247e+00
9.038000E-005,1.05308e+01,9.05348e+00
9.041000E-005,1.05308e+01,9.05348e+00
9.044000E-005,1.05308e+01,9.05348e+00
9.047000E-005,1.05308e+01,9.25448e+00
9.050000E-005,1.05308e+01,9.05348e+00
9.053000E-005,1.05308e+01,9.05348e+00
9.056000E-005,1.05308e+01,9.25448e+00
9.059000E-005,1.05308e+01,9.05348e+00
9.062000E-005,1.05308e+01,9.05348e+00
9.065000E-005,1.05308e+01,9.25448e+00
9.068000E-005,1.05308e+01,9.05348e+00
9.071000E-005,1.05308e+01,9.05348e+00
9.074000E-005,1.05308e+01,9.25448e+00
9.077000E-005,1.05308e+01,9.05348e+00
9.080000E-005,1.09328e+01,9.05348e+00
9.083000E-005,1.05308e+01,9.05348e+00
9.086000E-005,1.05308e+01,9.05348e+00
9.089000E-005,1.05308e+01,9.05348e+00
9.092000E-005,1.01287e+01,9.05348e+00
9.095000E-005,1.01287e+01,9.25448e+00
9.098000E-005,1.05308e+01,9.05348e+00
9.101000E-005,1.05308e+01,9.05348e+00
9.104000E-005,1.05308e+01,9.05348e+00
9.107000E-005,1.05308e+01,9.25448e+00
9.110000E-005,1.05308e+01,9.05348e+00
9.113000E-005,1.05308e+01,9.05348e+00
9.116000E-005,1.05308e+01,9.05348e+00
9.119000E-005,1.05308e+01,9.25448e+00
9.122000E-005,1.09328e+01,9.05348e+00
9.125000E-005,1.05308e+01,9.05348e+00
9.128000E-005,1.05308e+01,8.85247e+00
9.131000E-005,1.05308e+01,9.25448e+00
9.134000E-005,1.05308e+01,9.25448e+00
9.137000E-005,1.05308e+01,9.05348e+00
9.140000E-005,1.05308e+01,9.05348e+00
9.143000E-005,1.05308e+01,9.25448e+00
9.146000E-005,1.05308e+01,9.05348e+00
9.149000E-005,1.09328e+01,9.05348e+00
9.152000E-005,1.05308e+01,9.25448e+00
9.155000E-005,1.05308e+01,9.05348e+00
9.158000E-005,1.09328e+01,9.05348e+00
9.161000E-005,1.05308e+01,9.25448e+00
9.164000E-005,1.09328e+01,9.25448e+00
9.167000E-005,1.05308e+01,9.25448e+00
9.170000E-005,1.05308e+01,9.05348e+00
9.173000E-005,1.05308e+01,9.05348e+00
9.176000E-005,1.05308e+01,9.25448e+00
9.179000E-005,1.05308e+01,9.05348e+00
9.182000E-005,1.05308e+01,9.25448e+00
9.185000E-005,1.01287e+01,9.05348e+00
9.188000E-005,1.05308e+01,9.05348e+00
9.191000E-005,1.05308e+01,9.25448e+00
9.194000E-005,1.09328e+01,9.05348e+00
9.197000E-005,1.05308e+01,9.25448e+00
9.200000E-005,1.09328e+01,9.25448e+00
9.203000E-005,1.05308e+01,9.05348e+00
9.206000E-005,1.05308e+01,9.25448e+00
9.209000E-005,1.09328e+01,9.05348e+00
9.212000E-005,1.05308e+01,9.25448e+00
9.215000E-005,1.05308e+01,9.25448e+00
9.218000E-005,1.05308e+01,9.05348e+00
9.221000E-005,1.05308e+01,9.05348e+00
9.224000E-005,1.09328e+01,9.25448e+00
9.227000E-005,1.05308e+01,9.25448e+00
9.230000E-005,1.05308e+01,9.05348e+00
9.233000E-005,1.05308e+01,9.05348e+00
9.236000E-005,1.09328e+01,9.25448e+00
9.239000E-005,1.05308e+01,9.25448e+00
9.242000E-005,1.09328e+01,9.25448e+00
9.245000E-005,1.05308e+01,9.05348e+00
9.248000E-005,1.05308e+01,9.05348e+00
9.251000E-005,1.05308e+01,9.25448e+00
9.254000E-005,1.05308e+01,9.25448e+00
9.257000E-005,1.05308e+01,9.05348e+00
9.260000E-005,1.05308e+01,9.05348e+00
9.263000E-005,1.05308e+01,9.25448e+00
9.266000E-005,1.05308e+01,9.25448e+00
9.269000E-005,1.05308e+01,9.05348e+00
9.272000E-005,1.05308e+01,9.05348e+00
9.275000E-005,1.05308e+01,9.25448e+00
9.278000E-005,1.05308e+01,9.25448e+00
9.281000E-005,1.05308e+01,9.25448e+00
9.284000E-005,1.05308e+01,9.25448e+00
9.287000E-005,1.05308e+01,9.25448e+00
9.290000E-005,1.05308e+01,9.05348e+00
9.293000E-005,1.05308e+01,9.25448e+00
9.296000E-005,1.05308e+01,9.05348e+00
9.299000E-005,1.09328e+01,9.05348e+00
9.302000E-005,1.09328e+01,9.05348e+00
9.305000E-005,1.05308e+01,9.25448e+00
9.308000E-005,1.05308e+01,9.05348e+00
9.311000E-005,1.09328e+01,9.05348e+00
9.314000E-005,1.05308e+01,9.25448e+00
9.317000E-005,1.09328e+01,9.05348e+00
9.320000E-005,1.05308e+01,9.05348e+00
9.323000E-005,1.09328e+01,9.25448e+00
9.326000E-005,1.09328e+01,9.05348e+00
9.329000E-005,1.05308e+01,9.25448e+00
9.332000E-005,1.05308e+01,9.25448e+00
9.335000E-005,1.05308e+01,9.05348e+00
9.338000E-005,1.05308e+01,9.25448e+00
9.341000E-005,1.05308e+01,9.25448e+00
9.344000E-005,1.05308e+01,9.25448e+00
9.347000E-005,1.05308e+01,9.05348e+00
9.350000E-005,1.05308e+01,9.25448e+00
9.353000E-005,1.05308e+01,9.25448e+00
9.356000E-005,1.05308e+01,9.05348e+00
9.359000E-005,1.05308e+01,9.25448e+00
9.362000E-005,1.09328e+01,9.25448e+00
9.365000E-005,1.05308e+01,9.05348e+00
9.368000E-005,1.05308e+01,9.05348e+00
9.371000E-005,1.05308e+01,9.25448e+00
9.374000E-005,1.05308e+01,9.25448e+00
9.377000E-005,1.05308e+01,9.05348e+00
9.380000E-005,1.05308e+01,9.25448e+00
9.383000E-005,1.05308e+01,9.25448e+00
9.386000E-005,1.09328e+01,9.05348e+00
9.389000E-005,1.01287e+01,9.05348e+00
9.392000E-005,1.09328e+01,9.05348e+00
9.395000E-005,1.05308e+01,9.05348e+00
9.398000E-005,1.05308e+01,9.25448e+00
9.401000E-005,1.05308e+01,9.05348e+00
9.404000E-005,1.09328e+01,9.25448e+00
9.407000E-005,1.05308e+01,9.25448e+00
9.410000E-005,1.05308e+01,9.05348e+00
9.413000E-005,1.05308e+01,9.25448e+00
9.416000E-005,1.05308e+01,9.05348e+00
9.419000E-005,1.05308e+01,9.25448e+00
9.422000E-005,1.05308e+01,9.25448e+00
9.425000E-005,1.05308e+01,9.25448e+00
9.428000E-005,1.05308e+01,9.05348e+00
9.431000E-005,1.05308e+01,9.25448e+00
9.434000E-005,1.05308e+01,9.25448e+00
9.437000E-005,1.05308e+01,9.05348e+00
9.440000E-005,1.05308e+01,9.05348e+00
9.443000E-005,1.09328e+01,9.25448e+00
9.446000E-005,1.05308e+01,9.25448e+00
9.449000E-005,1.09328e+01,9.25448e+00
9.452000E-005,1.05308e+01,9.25448e+00
9.455000E-005,1.09328e+01,9.25448e+00
9.458000E-005,1.05308e+01,9.25448e+00
9.461000E-005,1.05308e+01,9.25448e+00
9.464000E-005,1.09328e+01,9.25448e+00
9.467000E-005,1.05308e+01,9.25448e+00
9.470000E-005,1.05308e+01,9.25448e+00
9.473000E-005,1.09328e+01,9.25448e+00
9.476000E-005,1.05308e+01,9.25448e+00
9.479000E-005,1.05308e+01,9.25448e+00
9.482000E-005,1.09328e+01,9.25448e+00
9.485000E-005,1.05308e+01,9.45549e+00
9.488000E-005,1.05308e+01,9.05348e+00
9.491000E-005,1.05308e+01,9.25448e+00
9.494000E-005,1.05308e+01,9.25448e+00
9.497000E-005,1.05308e+01,9.25448e+00
9.500000E-005,1.05308e+01,9.05348e+00
9.503000E-005,1.05308e+01,9.25448e+00
9.506000E-005,1.05308e+01,9.05348e+00
9.509000E-005,1.09328e+01,9.25448e+00
9.512000E-005,1.05308e+01,9.25448e+00
9.515000E-005,1.05308e+01,9.05348e+00
9.518000E-005,1.05308e+01,9.05348e+00
9.521000E-005,1.05308e+01,9.25448e+00
9.524000E-005,1.09328e+01,9.25448e+00
9.527000E-005,1.05308e+01,9.25448e+00
9.530000E-005,1.05308e+01,9.25448e+00
9.533000E-005,1.05308e+01,9.05348e+00
9.536000E-005,1.05308e+01,9.25448e+00
9.539000E-005,1.05308e+01,9.05348e+00
9.542000E-005,1.05308e+01,9.05348e+00
9.545000E-005,1.09328e+01,9.05348e+00
9.548000E-005,1.05308e+01,9.05348e+00
9.551000E-005,1.05308e+01,9.25448e+00
9.554000E-005,1.05308e+01,9.05348e+00
9.557000E-005,1.05308e+01,9.05348e+00
9.560000E-005,1.05308e+01,9.05348e+00
9.563000E-005,1.05308e+01,9.25448e+00
9.566000E-005,1.09328e+01,9.05348e+00
9.569000E-005,1.09328e+01,9.05348e+00
9.572000E-005,1.05308e+01,9.25448e+00
9.575000E-005,1.09328e+01,9.25448e+00
9.578000E-005,1.09328e+01,9.25448e+00
9.581000E-005,1.09328e+01,9.25448e+00
9.584000E-005,1.09328e+01,9.25448e+00
9.587000E-005,1.05308e+01,9.25448e+00
9.590000E-005,1.05308e+01,9.05348e+00
9.593000E-005,1.05308e+01,9.05348e+00
9.596000E-005,1.09328e+01,9.25448e+00
9.599000E-005,1.05308e+01,9.05348e+00
9.602000E-005,1.05308e+01,9.05348e+00
9.605000E-005,1.05308e+01,9.25448e+00
9.608000E-005,1.01287e+01,9.25448e+00
9.611000E-005,1.05308e+01,9.05348e+00
9.614000E-005,1.05308e+01,9.25448e+00
9.617000E-005,1.05308e+01,9.25448e+00
9.620000E-005,1.05308e+01,9.25448e+00
9.623000E-005,1.09328e+01,9.25448e+00
9.626000E-005,1.05308e+01,9.05348e+00
9.629000E-005,1.09328e+01,9.25448e+00
9.632000E-005,1.09328e+01,9.05348e+00
9.635000E-005,1.05308e+01,9.25448e+00
9.638000E-005,1.09328e+01,9.25448e+00
9.641000E-005,1.05308e+01,9.25448e+00
9.644000E-005,1.05308e+01,9.25448e+00
9.647000E-005,1.09328e+01,9.05348e+00
9.650000E-005,1.09328e+01,9.05348e+00
9.653000E-005,1.05308e+01,9.25448e+00
9.656000E-005,1.05308e+01,9.25448e+00
9.659000E-005,1.05308e+01,9.25448e+00
9.662000E-005,1.05308e+01,9.25448e+00
9.665000E-005,1.05308e+01,9.25448e+00
9.668000E-005,1.05308e+01,9.25448e+00
9.671000E-005,1.05308e+01,9.25448e+00
9.674000E-005,1.05308e+01,9.05348e+00
9.677000E-005,1.09328e+01,9.25448e+00
9.680000E-005,1.05308e+01,9.25448e+00
9.683000E-005,1.05308e+01,9.25448e+00
9.686000E-005,1.09328e+01,9.05348e+00
9.689000E-005,1.05308e+01,9.05348e+00
9.692000E-005,1.05308e+01,9.25448e+00
9.695000E-005,1.05308e+01,9.25448e+00
9.698000E-005,1.09328e+01,9.25448e+00
9.701000E-005,1.09328e+01,9.25448e+00
9.704000E-005,1.05308e+01,9.05348e+00
9.707000E-005,1.05308e+01,9.25448e+00
9.710000E-005,1.05308e+01,9.05348e+00
9.713000E-005,1.09328e+01,9.25448e+00
9.716000E-005,1.09328e+01,9.25448e+00
9.719000E-005,1.01287e+01,9.25448e+00
9.722000E-005,1.05308e+01,9.25448e+00
9.725000E-005,1.05308e+01,9.25448e+00
9.728000E-005,1.05308e+01,9.25448e+00
9.731000E-005,1.05308e+01,9.25448e+00
9.734000E-005,1.05308e+01,9.25448e+00
9.737000E-005,1.05308e+01,9.45549e+00
9.740000E-005,1.05308e+01,9.25448e+00
9.743000E-005,1.05308e+01,9.25448e+00
9.746000E-005,1.05308e+01,9.25448e+00
9.749000E-005,1.05308e+01,9.25448e+00
9.752000E-005,1.05308e+01,9.25448e+00
9.755000E-005,1.05308e+01,9.25448e+00
9.758000E-005,1.05308e+01,9.05348e+00
9.761000E-005,1.09328e+01,9.25448e+00
9.764000E-005,1.05308e+01,9.25448e+00
9.767000E-005,1.05308e+01,9.05348e+00
9.770000E-005,1.05308e+01,9.25448e+00
9.773000E-005,1.05308e+01,9.25448e+00
9.776000E-005,1.05308e+01,9.25448e+00
9.779000E-005,1.09328e+01,9.05348e+00
9.782000E-005,1.05308e+01,9.25448e+00
9.785000E-005,1.05308e+01,9.05348e+00
9.788000E-005,1.09328e+01,9.05348e+00
9.791000E-005,1.05308e+01,9.25448e+00
9.794000E-005,1.05308e+01,9.25448e+00
9.797000E-005,1.05308e+01,9.05348e+00
9.800000E-005,1.09328e+01,9.25448e+00
9.803000E-005,1.09328e+01,9.25448e+00
9.806000E-005,1.05308e+01,9.05348e+00
9.809000E-005,1.01287e+01,9.25448e+00
9.812000E-005,1.05308e+01,9.25448e+00
9.815000E-005,1.05308e+01,9.05348e+00
9.818000E-005,1.09328e+01,9.25448e+00
9.821000E-005,1.05308e+01,9.05348e+00
9.824000E-005,1.05308e+01,9.25448e+00
9.827000E-005,1.05308e+01,9.05348e+00
9.830000E-005,1.05308e+01,9.05348e+00
9.833000E-005,1.05308e+01,9.05348e+00
9.836000E-005,1.05308e+01,9.05348e+00
9.839000E-005,1.05308e+01,9.25448e+00
9.842000E-005,1.05308e+01,9.25448e+00
9.845000E-005,1.05308e+01,9.05348e+00
9.848000E-005,1.09328e+01,9.25448e+00
9.851000E-005,1.05308e+01,9.25448e+00
9.854000E-005,1.05308e+01,9.25448e+00
9.857000E-005,1.09328e+01,9.25448e+00
9.860000E-005,1.05308e+01,9.05348e+00
9.863000E-005,1.05308e+01,9.25448e+00
9.866000E-005,1.05308e+01,9.25448e+00
9.869000E-005,1.09328e+01,9.05348e+00
9.872000E-005,1.05308e+01,9.25448e+00
9.875000E-005,1.05308e+01,9.25448e+00
9.878000E-005,1.05308e+01,9.05348e+00
9.881000E-005,1.01287e+01,9.25448e+00
9.884000E-005,1.05308e+01,9.25448e+00
9.887000E-005,1.05308e+01,9.25448e+00
9.890000E-005,1.05308e+01,9.25448e+00
9.893000E-005,1.05308e+01,9.25448e+00
9.896000E-005,1.05308e+01,9.25448e+00
9.899000E-005,1.05308e+01,9.05348e+00
9.902000E-005,1.05308e+01,9.05348e+00
9.905000E-005,1.05308e+01,9.05348e+00
9.908000E-005,1.09328e+01,9.25448e+00
9.911000E-005,1.05308e+01,9.05348e+00
9.914000E-005,1.05308e+01,9.25448e+00
9.917000E-005,1.05308e+01,9.25448e+00
9.920000E-005,1.05308e+01,9.05348e+00
9.923000E-005,1.05308e+01,9.25448e+00
9.926000E-005,1.05308e+01,9.25448e+00
9.929000E-005,1.09328e+01,9.25448e+00
9.932000E-005,1.05308e+01,9.25448e+00
9.935000E-005,1.05308e+01,9.45549e+00
9.938000E-005,1.05308e+01,9.25448e+00
9.941000E-005,1.05308e+01,9.25448e+00
9.944000E-005,1.05308e+01,9.25448e+00
9.947000E-005,1.05308e+01,9.25448e+00
9.950000E-005,1.05308e+01,9.05348e+00
9.953000E-005,1.05308e+01,9.25448e+00
9.956000E-005,1.05308e+01,9.05348e+00
9.959000E-005,1.05308e+01,9.25448e+00
9.962000E-005,1.09328e+01,9.25448e+00
9.965000E-005,1.05308e+01,9.25448e+00
9.968000E-005,1.05308e+01,9.25448e+00
9.971000E-005,1.05308e+01,9.25448e+00
9.974000E-005,1.05308e+01,9.25448e+00
9.977000E-005,1.09328e+01,9.25448e+00
9.980000E-005,1.05308e+01,9.05348e+00
9.983000E-005,1.05308e+01,9.25448e+00
9.986000E-005,1.09328e+01,9.25448e+00
9.989000E-005,1.09328e+01,9.25448e+00
9.992000E-005,1.09328e+01,9.05348e+00
9.995000E-005,1.05308e+01,9.25448e+00
9.998000E-005,1.01287e+01,9.25448e+00
1.000100E-004,1.09328e+01,9.25448e+00
1.000400E-004,1.05308e+01,9.05348e+00
1.000700E-004,1.09328e+01,9.25448e+00
1.001000E-004,1.05308e+01,9.25448e+00
1.001300E-004,1.05308e+01,9.25448e+00
1.001600E-004,1.05308e+01,9.25448e+00
1.001900E-004,1.05308e+01,9.25448e+00
1.002200E-004,1.05308e+01,9.25448e+00
1.002500E-004,1.05308e+01,9.25448e+00
1.002800E-004,1.05308e+01,9.25448e+00
1.003100E-004,1.05308e+01,9.25448e+00
1.003400E-004,1.09328e+01,9.05348e+00
1.003700E-004,1.09328e+01,9.25448e+00
1.004000E-004,1.09328e+01,9.25448e+00
1.004300E-004,1.05308e+01,9.25448e+00
1.004600E-004,1.05308e+01,9.25448e+00
1.004900E-004,1.09328e+01,9.05348e+00
1.005200E-004,1.05308e+01,9.25448e+00
1.005500E-004,1.05308e+01,9.25448e+00
1.005800E-004,1.05308e+01,9.05348e+00
1.006100E-004,1.09328e+01,9.25448e+00
1.006400E-004,1.05308e+01,9.25448e+00
1.006700E-004,1.05308e+01,9.25448e+00
1.007000E-004,1.05308e+01,9.25448e+00
1.007300E-004,1.05308e+01,9.25448e+00
1.007600E-004,1.05308e+01,9.45549e+00
1.007900E-004,1.09328e+01,9.25448e+00
1.008200E-004,1.05308e+01,9.25448e+00
1.008500E-004,1.05308e+01,9.25448e+00
1.008800E-004,1.05308e+01,9.25448e+00
1.009100E-004,1.05308e+01,9.25448e+00
1.009400E-004,1.05308e+01,9.25448e+00
1.009700E-004,1.05308e+01,9.25448e+00
1.010000E-004,1.05308e+01,9.05348e+00
1.010300E-004,1.09328e+01,9.25448e+00
1.010600E-004,1.05308e+01,9.25448e+00
1.010900E-004,1.09328e+01,9.25448e+00
1.011200E-004,1.09328e+01,9.05348e+00
1.011500E-004,1.05308e+01,9.25448e+00
1.011800E-004,1.05308e+01,9.45549e+00
1.012100E-004,1.05308e+01,9.05348e+00
1.012400E-004,1.09328e+01,9.25448e+00
1.012700E-004,1.05308e+01,9.25448e+00
1.013000E-004,1.05308e+01,9.25448e+00
1.013300E-004,1.05308e+01,9.25448e+00
1.013600E-004,1.05308e+01,9.25448e+00
1.013900E-004,1.05308e+01,9.25448e+00
1.014200E-004,1.05308e+01,9.25448e+00
1.014500E-004,1.09328e+01,9.25448e+00
1.014800E-004,1.05308e+01,9.25448e+00
1.015100E-004,1.05308e+01,9.25448e+00
1.015400E-004,1.05308e+01,9.25448e+00
1.015700E-004,1.05308e+01,9.25448e+00
1.016000E-004,1.09328e+01,9.25448e+00
1.016300E-004,1.05308e+01,9.25448e+00
1.016600E-004,1.05308e+01,9.25448e+00
1.016900E-004,1.09328e+01,9.25448e+00
1.017200E-004,1.09328e+01,9.25448e+00
1.017500E-004,1.05308e+01,9.25448e+00
1.017800E-004,1.09328e+01,9.25448e+00
1.018100E-004,1.05308e+01,9.25448e+00
1.018400E-004,1.09328e+01,9.25448e+00
1.018700E-004,1.09328e+01,9.25448e+00
1.019000E-004,1.09328e+01,9.25448e+00
1.019300E-004,1.09328e+01,9.25448e+00
1.019600E-004,1.09328e+01,9.25448e+00
1.019900E-004,1.05308e+01,9.25448e+00
1.020200E-004,1.09328e+01,9.25448e+00
1.020500E-004,1.05308e+01,9.25448e+00
1.020800E-004,1.05308e+01,9.45549e+00
1.021100E-004,1.05308e+01,9.25448e+00
1.021400E-004,1.05308e+01,9.05348e+00
1.021700E-004,1.05308e+01,9.25448e+00
1.022000E-004,1.05308e+01,9.25448e+00
1.022300E-004,1.05308e+01,9.05348e+00
1.022600E-004,1.09328e+01,9.25448e+00
1.022900E-004,1.09328e+01,9.05348e+00
1.023200E-004,1.09328e+01,9.25448e+00
1.023500E-004,1.09328e+01,9.25448e+00
1.023800E-004,1.05308e+01,9.45549e+00
1.024100E-004,1.05308e+01,9.25448e+00
1.024400E-004,1.09328e+01,9.25448e+00
1.024700E-004,1.09328e+01,9.25448e+00
1.025000E-004,1.05308e+01,9.25448e+00
1.025300E-004,1.09328e+01,9.25448e+00
1.025600E-004,1.09328e+01,9.05348e+00
1.025900E-004,1.05308e+01,9.25448e+00
1.026200E-004,1.05308e+01,9.25448e+00
1.026500E-004,1.05308e+01,9.05348e+00
1.026800E-004,1.05308e+01,9.25448e+00
1.027100E-004,1.05308e+01,9.25448e+00
1.027400E-004,1.09328e+01,9.25448e+00
1.027700E-004,1.09328e+01,9.25448e+00
1.028000E-004,1.05308e+01,9.25448e+00
1.028300E-004,1.09328e+01,9.25448e+00
1.028600E-004,1.05308e+01,9.25448e+00
1.028900E-004,1.09328e+01,9.25448e+00
1.029200E-004,1.05308e+01,9.25448e+00
1.029500E-004,1.05308e+01,9.25448e+00
1.029800E-004,1.09328e+01,9.25448e+00
1.030100E-004,1.09328e+01,9.25448e+00
1.030400E-004,1.05308e+01,9.25448e+00
1.030700E-004,1.05308e+01,9.25448e+00
1.031000E-004,1.09328e+01,9.25448e+00
1.031300E-004,1.05308e+01,9.45549e+00
1.031600E-004,1.09328e+01,9.25448e+00
1.031900E-004,1.05308e+01,9.25448e+00
1.032200E-004,1.05308e+01,9.25448e+00
1.032500E-004,1.05308e+01,9.25448e+00
1.032800E-004,1.09328e+01,9.25448e+00
1.033100E-004,1.09328e+01,9.25448e+00
1.033400E-004,1.09328e+01,9.25448e+00
1.033700E-004,1.05308e+01,9.25448e+00
1.034000E-004,1.09328e+01,9.25448e+00
1.034300E-004,1.09328e+01,9.05348e+00
1.034600E-004,1.05308e+01,9.25448e+00
1.034900E-004,1.05308e+01,9.25448e+00
1.035200E-004,1.05308e+01,9.25448e+00
1.035500E-004,1.05308e+01,9.25448e+00
1.035800E-004,1.05308e+01,9.25448e+00
1.036100E-004,1.05308e+01,9.25448e+00
1.036400E-004,1.09328e+01,9.25448e+00
1.036700E-004,1.05308e+01,9.25448e+00
1.037000E-004,1.09328e+01,9.25448e+00
1.037300E-004,1.09328e+01,9.25448e+00
1.037600E-004,1.05308e+01,9.25448e+00
1.037900E-004,1.05308e+01,9.25448e+00
1.038200E-004,1.05308e+01,9.25448e+00
1.038500E-004,1.05308e+01,9.25448e+00
1.038800E-004,1.09328e+01,9.25448e+00
1.039100E-004,1.05308e+01,9.25448e+00
1.039400E-004,1.09328e+01,9.25448e+00
1.039700E-004,1.09328e+01,9.25448e+00
1.040000E-004,1.05308e+01,9.25448e+00
1.040300E-004,1.05308e+01,9.25448e+00
1.040600E-004,1.05308e+01,9.25448e+00
1.040900E-004,1.05308e+01,9.25448e+00
1.041200E-004,1.09328e+01,9.25448e+00
1.041500E-004,1.09328e+01,9.25448e+00
1.041800E-004,1.05308e+01,9.25448e+00
1.042100E-004,1.09328e+01,9.25448e+00
1.042400E-004,1.09328e+01,9.25448e+00
1.042700E-004,1.05308e+01,9.25448e+00
1.043000E-004,1.09328e+01,9.45549e+00
1.043300E-004,1.09328e+01,9.25448e+00
1.043600E-004,1.09328e+01,9.25448e+00
1.043900E-004,1.09328e+01,9.25448e+00
1.044200E-004,1.09328e+01,9.25448e+00
1.044500E-004,1.05308e+01,9.25448e+00
1.044800E-004,1.05308e+01,9.25448e+00
1.045100E-004,1.09328e+01,9.25448e+00
1.045400E-004,1.05308e+01,9.25448e+00
1.045700E-004,1.09328e+01,9.25448e+00
1.046000E-004,1.05308e+01,9.25448e+00
1.046300E-004,1.05308e+01,9.25448e+00
1.046600E-004,1.09328e+01,9.25448e+00
1.046900E-004,1.09328e+01,9.25448e+00
1.047200E-004,1.05308e+01,9.25448e+00
1.047500E-004,1.05308e+01,9.25448e+00
1.047800E-004,1.05308e+01,9.25448e+00
1.048100E-004,1.05308e+01,9.25448e+00
1.048400E-004,1.09328e+01,9.25448e+00
1.048700E-004,1.05308e+01,9.25448e+00
1.049000E-004,1.09328e+01,9.25448e+00
1.049300E-004,1.05308e+01,9.25448e+00
1.049600E-004,1.09328e+01,9.45549e+00
1.049900E-004,1.09328e+01,9.25448e+00
1.050200E-004,1.05308e+01,9.45549e+00
1.050500E-004,1.09328e+01,9.25448e+00
1.050800E-004,1.05308e+01,9.05348e+00
1.051100E-004,1.05308e+01,9.25448e+00
1.051400E-004,1.09328e+01,9.25448e+00
1.051700E-004,1.05308e+01,9.25448e+00
1.052000E-004,1.09328e+01,9.25448e+00
1.052300E-004,1.05308e+01,9.25448e+00
1.052600E-004,1.09328e+01,9.25448e+00
1.052900E-004,1.05308e+01,9.25448e+00
1.053200E-004,1.05308e+01,9.45549e+00
1.053500E-004,1.05308e+01,9.25448e+00
1.053800E-004,1.09328e+01,9.45549e+00
1.054100E-004,1.05308e+01,9.25448e+00
1.054400E-004,1.05308e+01,9.25448e+00
1.054700E-004,1.05308e+01,9.05348e+00
1.055000E-004,1.01287e+01,9.25448e+00
1.055300E-004,1.09328e+01,9.45549e+00
1.055600E-004,1.05308e+01,9.25448e+00
1.055900E-004,1.05308e+01,9.45549e+00
1.056200E-004,1.09328e+01,9.25448e+00
1.056500E-004,1.05308e+01,9.25448e+00
1.056800E-004,1.05308e+01,9.25448e+00
1.057100E-004,1.05308e+01,9.25448e+00
1.057400E-004,1.05308e+01,9.25448e+00
1.057700E-004,1.05308e+01,9.05348e+00
1.058000E-004,1.05308e+01,9.25448e+00
1.058300E-004,1.05308e+01,9.25448e+00
1.058600E-004,1.05308e+01,9.25448e+00
1.058900E-004,1.05308e+01,9.25448e+00
1.059200E-004,1.09328e+01,9.25448e+00
1.059500E-004,1.09328e+01,9.25448e+00
1.059800E-004,1.09328e+01,9.25448e+00
1.060100E-004,1.05308e+01,9.25448e+00
1.060400E-004,1.05308e+01,9.25448e+00
1.060700E-004,1.05308e+01,9.45549e+00
1.061000E-004,1.05308e+01,9.25448e+00
1.061300E-004,1.09328e+01,9.25448e+00
1.061600E-004,1.05308e+01,9.25448e+00
1.061900E-004,1.05308e+01,9.25448e+00
1.062200E-004,1.05308e+01,9.25448e+00
1.062500E-004,1.09328e+01,9.25448e+00
1.062800E-004,1.05308e+01,9.25448e+00
1.063100E-004,1.05308e+01,9.25448e+00
1.063400E-004,1.05308e+01,9.05348e+00
1.063700E-004,1.05308e+01,9.25448e+00
1.064000E-004,1.09328e+01,9.25448e+00
1.064300E-004,1.09328e+01,9.25448e+00
1.064600E-004,1.05308e+01,9.45549e+00
1.064900E-004,1.09328e+01,9.25448e+00
1.065200E-004,1.05308e+01,9.45549e+00
1.065500E-004,1.09328e+01,9.25448e+00
1.065800E-004,1.05308e+01,9.25448e+00
1.066100E-004,1.09328e+01,9.25448e+00
1.066400E-004,1.09328e+01,9.25448e+00
1.066700E-004,1.09328e+01,9.25448e+00
1.067000E-004,1.09328e+01,9.25448e+00
1.067300E-004,1.05308e+01,9.25448e+00
1.067600E-004,1.09328e+01,9.05348e+00
1.067900E-004,1.05308e+01,9.25448e+00
1.068200E-004,1.05308e+01,9.45549e+00
1.068500E-004,1.09328e+01,9.25448e+00
1.068800E-004,1.05308e+01,9.25448e+00
1.069100E-004,1.05308e+01,9.25448e+00
1.069400E-004,1.09328e+01,9.25448e+00
1.069700E-004,1.05308e+01,9.25448e+00
1.070000E-004,1.09328e+01,9.25448e+00
1.070300E-004,1.05308e+01,9.25448e+00
1.070600E-004,1.05308e+01,9.25448e+00
1.070900E-004,1.09328e+01,9.45549e+00
1.071200E-004,1.09328e+01,9.25448e+00
1.071500E-004,1.09328e+01,9.25448e+00
1.071800E-004,1.09328e+01,9.25448e+00
1.072100E-004,1.09328e+01,9.25448e+00
1.072400E-004,1.05308e+01,9.25448e+00
1.072700E-004,1.09328e+01,9.25448e+00
1.073000E-004,1.05308e+01,9.25448e+00
1.073300E-004,1.05308e+01,9.25448e+00
1.073600E-004,1.05308e+01,9.25448e+00
1.073900E-004,1.09328e+01,9.25448e+00
1.074200E-004,1.05308e+01,9.25448e+00
1.074500E-004,1.09328e+01,9.25448e+00
1.074800E-004,1.09328e+01,9.45549e+00
1.075100E-004,1.05308e+01,9.25448e+00
1.075400E-004,1.05308e+01,9.25448e+00
1.075700E-004,1.09328e+01,9.45549e+00
1.076000E-004,1.05308e+01,9.25448e+00
1.076300E-004,1.05308e+01,9.45549e+00
1.076600E-004,1.09328e+01,9.25448e+00
1.076900E-004,1.09328e+01,9.25448e+00
1.077200E-004,1.05308e+01,9.25448e+00
1.077500E-004,1.09328e+01,9.25448e+00
1.077800E-004,1.05308e+01,9.25448e+00
1.078100E-004,1.09328e+01,9.25448e+00
1.078400E-004,1.05308e+01,9.45549e+00
1.078700E-004,1.09328e+01,9.25448e+00
1.079000E-004,1.09328e+01,9.45549e+00
1.079300E-004,1.05308e+01,9.25448e+00
1.079600E-004,1.05308e+01,9.25448e+00
1.079900E-004,1.09328e+01,9.25448e+00
1.080200E-004,1.09328e+01,9.45549e+00
1.080500E-004,1.09328e+01,9.25448e+00
1.080800E-004,1.05308e+01,9.45549e+00
1.081100E-004,1.05308e+01,9.25448e+00
1.081400E-004,1.05308e+01,9.25448e+00
1.081700E-004,1.09328e+01,9.45549e+00
1.082000E-004,1.09328e+01,9.25448e+00
1.082300E-004,1.09328e+01,9.45549e+00
1.082600E-004,1.05308e+01,9.25448e+00
1.082900E-004,1.09328e+01,9.25448e+00
1.083200E-004,1.09328e+01,9.25448e+00
1.083500E-004,1.05308e+01,9.25448e+00
1.083800E-004,1.09328e+01,9.05348e+00
1.084100E-004,1.09328e+01,9.25448e+00
1.084400E-004,1.05308e+01,9.25448e+00
1.084700E-004,1.09328e+01,9.25448e+00
1.085000E-004,1.05308e+01,9.25448e+00
1.085300E-004,1.09328e+01,9.25448e+00
1.085600E-004,1.05308e+01,9.25448e+00
1.085900E-004,1.05308e+01,9.25448e+00
1.086200E-004,1.09328e+01,9.45549e+00
1.086500E-004,1.05308e+01,9.45549e+00
1.086800E-004,1.05308e+01,9.25448e+00
1.087100E-004,1.09328e+01,9.25448e+00
1.087400E-004,1.05308e+01,9.25448e+00
1.087700E-004,1.05308e+01,9.25448e+00
1.088000E-004,1.05308e+01,9.25448e+00
1.088300E-004,1.09328e+01,9.45549e+00
1.088600E-004,1.05308e+01,9.25448e+00
1.088900E-004,1.05308e+01,9.05348e+00
1.089200E-004,1.09328e+01,9.25448e+00
1.089500E-004,1.05308e+01,9.25448e+00
1.089800E-004,1.05308e+01,9.25448e+00
1.090100E-004,1.09328e+01,9.25448e+00
1.090400E-004,1.05308e+01,9.25448e+00
1.090700E-004,1.05308e+01,9.25448e+00
1.091000E-004,1.05308e+01,9.25448e+00
1.091300E-004,1.09328e+01,9.25448e+00
1.091600E-004,1.05308e+01,9.25448e+00
1.091900E-004,1.09328e+01,9.25448e+00
1.092200E-004,1.05308e+01,9.25448e+00
1.092500E-004,1.09328e+01,9.45549e+00
1.092800E-004,1.05308e+01,9.25448e+00
1.093100E-004,1.09328e+01,9.25448e+00
1.093400E-004,1.09328e+01,9.25448e+00
1.093700E-004,1.05308e+01,9.25448e+00
1.094000E-004,1.05308e+01,9.25448e+00
1.094300E-004,1.05308e+01,9.25448e+00
1.094600E-004,1.05308e+01,9.25448e+00
1.094900E-004,1.05308e+01,9.45549e+00
1.095200E-004,1.05308e+01,9.25448e+00
1.095500E-004,1.05308e+01,9.25448e+00
1.095800E-004,1.05308e+01,9.25448e+00
1.096100E-004,1.09328e+01,9.45549e+00
1.096400E-004,1.09328e+01,9.25448e+00
1.096700E-004,1.05308e+01,9.25448e+00
1.097000E-004,1.05308e+01,9.25448e+00
1.097300E-004,1.05308e+01,9.25448e+00
1.097600E-004,1.05308e+01,9.25448e+00
1.097900E-004,1.05308e+01,9.05348e+00
1.098200E-004,1.05308e+01,9.25448e+00
1.098500E-004,1.05308e+01,9.45549e+00
1.098800E-004,1.05308e+01,9.25448e+00
1.099100E-004,1.05308e+01,9.25448e+00
1.099400E-004,1.09328e+01,9.25448e+00
1.099700E-004,1.09328e+01,9.25448e+00
1.100000E-004,1.01287e+01,9.25448e+00
1.100300E-004,1.09328e+01,9.25448e+00
1.100600E-004,1.05308e+01,9.25448e+00
1.100900E-004,1.05308e+01,9.25448e+00
1.101200E-004,1.09328e+01,9.25448e+00
1.101500E-004,1.05308e+01,9.25448e+00
1.101800E-004,1.09328e+01,9.45549e+00
1.102100E-004,1.05308e+01,9.25448e+00
1.102400E-004,1.09328e+01,9.45549e+00
1.102700E-004,1.09328e+01,9.25448e+00
1.103000E-004,1.05308e+01,9.25448e+00
1.103300E-004,1.09328e+01,9.25448e+00
1.103600E-004,1.09328e+01,9.45549e+00
1.103900E-004,1.05308e+01,9.45549e+00
1.104200E-004,1.05308e+01,9.25448e+00
1.104500E-004,1.09328e+01,9.25448e+00
1.104800E-004,1.05308e+01,9.25448e+00
1.105100E-004,1.09328e+01,9.25448e+00
1.105400E-004,1.05308e+01,9.25448e+00
1.105700E-004,1.09328e+01,9.45549e+00
1.106000E-004,1.05308e+01,9.45549e+00
1.106300E-004,1.09328e+01,9.25448e+00
1.106600E-004,1.05308e+01,9.45549e+00
1.106900E-004,1.09328e+01,9.25448e+00
1.107200E-004,1.05308e+01,9.25448e+00
1.107500E-004,1.09328e+01,9.25448e+00
1.107800E-004,1.05308e+01,9.05348e+00
1.108100E-004,1.09328e+01,9.25448e+00
1.108400E-004,1.05308e+01,9.45549e+00
1.108700E-004,1.09328e+01,9.45549e+00
1.109000E-004,1.05308e+01,9.25448e+00
1.109300E-004,1.09328e+01,9.25448e+00
1.109600E-004,1.05308e+01,9.25448e+00
1.109900E-004,1.09328e+01,9.25448e+00
1.110200E-004,1.09328e+01,9.25448e+00
1.110500E-004,1.09328e+01,9.25448e+00
1.110800E-004,1.09328e+01,9.25448e+00
1.111100E-004,1.05308e+01,9.45549e+00
1.111400E-004,1.09328e+01,9.25448e+00
1.111700E-004,1.05308e+01,9.25448e+00
1.112000E-004,1.09328e+01,9.25448e+00
1.112300E-004,1.09328e+01,9.25448e+00
1.112600E-004,1.05308e+01,9.25448e+00
1.112900E-004,1.05308e+01,9.25448e+00
1.113200E-004,1.09328e+01,9.25448e+00
1.113500E-004,1.09328e+01,9.25448e+00
1.113800E-004,1.05308e+01,9.25448e+00
1.114100E-004,1.09328e+01,9.25448e+00
1.114400E-004,1.09328e+01,9.25448e+00
1.114700E-004,1.09328e+01,9.45549e+00
1.115000E-004,1.09328e+01,9.45549e+00
1.115300E-004,1.09328e+01,9.25448e+00
1.115600E-004,1.05308e+01,9.25448e+00
1.115900E-004,1.05308e+01,9.25448e+00
1.116200E-004,1.05308e+01,9.45549e+00
1.116500E-004,1.09328e+01,9.45549e+00
1.116800E-004,1.09328e+01,9.25448e+00
1.117100E-004,1.09328e+01,9.25448e+00
1.117400E-004,1.05308e+01,9.25448e+00
1.117700E-004,1.05308e+01,9.25448e+00
1.118000E-004,1.09328e+01,9.25448e+00
1.118300E-004,1.05308e+01,9.25448e+00
1.118600E-004,1.09328e+01,9.45549e+00
1.118900E-004,1.09328e+01,9.25448e+00
1.119200E-004,1.05308e+01,9.25448e+00
1.119500E-004,1.09328e+01,9.25448e+00
1.119800E-004,1.05308e+01,9.05348e+00
1.120100E-004,1.09328e+01,9.45549e+00
1.120400E-004,1.05308e+01,9.25448e+00
1.120700E-004,1.05308e+01,9.25448e+00
1.121000E-004,1.09328e+01,9.45549e+00
1.121300E-004,1.05308e+01,9.25448e+00
1.121600E-004,1.09328e+01,9.25448e+00
1.121900E-004,1.09328e+01,9.25448e+00
1.122200E-004,1.05308e+01,9.25448e+00
1.122500E-004,1.09328e+01,9.25448e+00
1.122800E-004,1.09328e+01,9.45549e+00
1.123100E-004,1.05308e+01,9.25448e+00
1.123400E-004,1.09328e+01,9.25448e+00
1.123700E-004,1.05308e+01,9.45549e+00
1.124000E-004,1.05308e+01,9.25448e+00
1.124300E-004,1.05308e+01,9.25448e+00
1.124600E-004,1.05308e+01,9.45549e+00
1.124900E-004,1.05308e+01,9.25448e+00
1.125200E-004,1.09328e+01,9.25448e+00
1.125500E-004,1.09328e+01,9.45549e+00
1.125800E-004,1.09328e+01,9.45549e+00
1.126100E-004,1.09328e+01,9.25448e+00
1.126400E-004,1.05308e+01,9.25448e+00
1.126700E-004,1.09328e+01,9.45549e+00
1.127000E-004,1.09328e+01,9.45549e+00
1.127300E-004,1.05308e+01,9.25448e+00
1.127600E-004,1.09328e+01,9.45549e+00
1.127900E-004,1.01287e+01,9.25448e+00
1.128200E-004,1.09328e+01,9.25448e+00
1.128500E-004,1.09328e+01,9.25448e+00
1.128800E-004,1.09328e+01,9.25448e+00
1.129100E-004,1.05308e+01,9.25448e+00
1.129400E-004,1.05308e+01,9.45549e+00
1.129700E-004,1.09328e+01,9.25448e+00
1.130000E-004,1.05308e+01,9.25448e+00
1.130300E-004,1.09328e+01,9.25448e+00
1.130600E-004,1.05308e+01,9.25448e+00
1.130900E-004,1.05308e+01,9.05348e+00
1.131200E-004,1.05308e+01,9.25448e+00
1.131500E-004,1.09328e+01,9.25448e+00
1.131800E-004,1.09328e+01,9.45549e+00
1.132100E-004,1.09328e+01,9.25448e+00
1.132400E-004,1.09328e+01,9.25448e+00
1.132700E-004,1.09328e+01,9.25448e+00
1.133000E-004,1.09328e+01,9.25448e+00
1.133300E-004,1.09328e+01,9.25448e+00
1.133600E-004,1.05308e+01,9.25448e+00
1.133900E-004,1.05308e+01,9.45549e+00
1.134200E-004,1.09328e+01,9.25448e+00
1.134500E-004,1.05308e+01,9.25448e+00
1.134800E-004,1.09328e+01,9.25448e+00
1.135100E-004,1.09328e+01,9.45549e+00
1.135400E-004,1.09328e+01,9.25448e+00
1.135700E-004,1.09328e+01,9.25448e+00
1.136000E-004,1.05308e+01,9.25448e+00
1.136300E-004,1.09328e+01,9.25448e+00
1.136600E-004,1.05308e+01,9.25448e+00
1.136900E-004,1.09328e+01,9.25448e+00
1.137200E-004,1.09328e+01,9.25448e+00
1.137500E-004,1.05308e+01,9.25448e+00
1.137800E-004,1.05308e+01,9.25448e+00
1.138100E-004,1.09328e+01,9.25448e+00
1.138400E-004,1.05308e+01,9.25448e+00
1.138700E-004,1.05308e+01,9.45549e+00
1.139000E-004,1.09328e+01,9.45549e+00
1.139300E-004,1.05308e+01,9.25448e+00
1.139600E-004,1.05308e+01,9.25448e+00
1.139900E-004,1.09328e+01,9.05348e+00
1.140200E-004,1.05308e+01,9.25448e+00
1.140500E-004,1.09328e+01,9.25448e+00
1.140800E-004,1.05308e+01,9.25448e+00
1.141100E-004,1.09328e+01,9.25448e+00
1.141400E-004,1.09328e+01,9.25448e+00
1.141700E-004,1.09328e+01,9.25448e+00
1.142000E-004,1.13348e+01,9.45549e+00
1.142300E-004,1.09328e+01,9.45549e+00
1.142600E-004,1.09328e+01,9.45549e+00
1.142900E-004,1.05308e+01,9.25448e+00
1.143200E-004,1.09328e+01,9.25448e+00
1.143500E-004,1.09328e+01,9.25448e+00
1.143800E-004,1.05308e+01,9.25448e+00
1.144100E-004,1.05308e+01,9.25448e+00
1.144400E-004,1.05308e+01,9.25448e+00
1.144700E-004,1.09328e+01,9.45549e+00
1.145000E-004,1.05308e+01,9.45549e+00
1.145300E-004,1.09328e+01,9.25448e+00
1.145600E-004,1.05308e+01,9.25448e+00
1.145900E-004,1.05308e+01,9.45549e+00
1.146200E-004,1.05308e+01,9.25448e+00
1.146500E-004,1.05308e+01,9.25448e+00
1.146800E-004,1.09328e+01,9.25448e+00
1.147100E-004,1.05308e+01,9.25448e+00
1.147400E-004,1.09328e+01,9.25448e+00
1.147700E-004,1.09328e+01,9.25448e+00
1.148000E-004,1.05308e+01,9.25448e+00
1.148300E-004,1.05308e+01,9.25448e+00
1.148600E-004,1.05308e+01,9.45549e+00
1.148900E-004,1.09328e+01,9.25448e+00
1.149200E-004,1.05308e+01,9.25448e+00
1.149500E-004,1.09328e+01,9.25448e+00
1.149800E-004,1.09328e+01,9.45549e+00
1.150100E-004,1.09328e+01,9.25448e+00
1.150400E-004,1.09328e+01,9.25448e+00
1.150700E-004,1.09328e+01,9.45549e+00
1.151000E-004,1.09328e+01,9.45549e+00
1.151300E-004,1.05308e+01,9.25448e+00
1.151600E-004,1.09328e+01,9.45549e+00
1.151900E-004,1.05308e+01,9.25448e+00
1.152200E-004,1.05308e+01,9.45549e+00
1.152500E-004,1.05308e+01,9.45549e+00
1.152800E-004,1.05308e+01,9.45549e+00
1.153100E-004,1.05308e+01,9.25448e+00
1.153400E-004,1.09328e+01,9.25448e+00
1.153700E-004,1.05308e+01,9.25448e+00
1.154000E-004,1.09328e+01,9.45549e+00
1.154300E-004,1.05308e+01,9.25448e+00
1.154600E-004,1.09328e+01,9.25448e+00
1.154900E-004,1.09328e+01,9.25448e+00
1.155200E-004,1.05308e+01,9.25448e+00
1.155500E-004,1.09328e+01,9.25448e+00
1.155800E-004,1.09328e+01,9.25448e+00
1.156100E-004,1.05308e+01,9.25448e+00
1.156400E-004,1.09328e+01,9.25448e+00
1.156700E-004,1.05308e+01,9.45549e+00
1.157000E-004,1.09328e+01,9.25448e+00
1.157300E-004,1.09328e+01,9.45549e+00
1.157600E-004,1.05308e+01,9.25448e+00
1.157900E-004,1.09328e+01,9.45549e+00
1.158200E-004,1.09328e+01,9.25448e+00
1.158500E-004,1.05308e+01,9.25448e+00
1.158800E-004,1.05308e+01,9.25448e+00
1.159100E-004,1.09328e+01,9.25448e+00
1.159400E-004,1.05308e+01,9.25448e+00
1.159700E-004,1.05308e+01,9.25448e+00
1.160000E-004,1.09328e+01,9.25448e+00
1.160300E-004,1.09328e+01,9.45549e+00
1.160600E-004,1.05308e+01,9.25448e+00
1.160900E-004,1.09328e+01,9.25448e+00
1.161200E-004,1.05308e+01,9.25448e+00
1.161500E-004,1.05308e+01,9.25448e+00
1.161800E-004,1.05308e+01,9.25448e+00
1.162100E-004,1.05308e+01,9.25448e+00
1.162400E-004,1.05308e+01,9.45549e+00
1.162700E-004,1.09328e+01,9.25448e+00
1.163000E-004,1.09328e+01,9.05348e+00
1.163300E-004,1.09328e+01,9.25448e+00
1.163600E-004,1.05308e+01,9.25448e+00
1.163900E-004,1.09328e+01,9.25448e+00
1.164200E-004,1.09328e+01,9.25448e+00
1.164500E-004,1.09328e+01,9.25448e+00
1.164800E-004,1.09328e+01,9.25448e+00
1.165100E-004,1.09328e+01,9.25448e+00
1.165400E-004,1.05308e+01,9.25448e+00
1.165700E-004,1.05308e+01,9.25448e+00
1.166000E-004,1.05308e+01,9.45549e+00
1.166300E-004,1.09328e+01,9.45549e+00
1.166600E-004,1.05308e+01,9.25448e+00
1.166900E-004,1.09328e+01,9.25448e+00
1.167200E-004,1.09328e+01,9.25448e+00
1.167500E-004,1.05308e+01,9.25448e+00
1.167800E-004,1.05308e+01,9.25448e+00
1.168100E-004,1.05308e+01,9.25448e+00
1.168400E-004,1.09328e+01,9.25448e+00
1.168700E-004,1.05308e+01,9.25448e+00
1.169000E-004,1.05308e+01,9.25448e+00
1.169300E-004,1.05308e+01,9.45549e+00
1.169600E-004,1.09328e+01,9.25448e+00
1.169900E-004,1.09328e+01,9.25448e+00
1.170200E-004,1.05308e+01,9.45549e+00
1.170500E-004,1.09328e+01,9.25448e+00
1.170800E-004,1.09328e+01,9.25448e+00
1.171100E-004,1.05308e+01,9.25448e+00
1.171400E-004,1.09328e+01,9.45549e+00
1.171700E-004,1.09328e+01,9.45549e+00
1.172000E-004,1.09328e+01,9.25448e+00
1.172300E-004,1.05308e+01,9.45549e+00
1.172600E-004,1.09328e+01,9.45549e+00
1.172900E-004,1.09328e+01,9.45549e+00
1.173200E-004,1.09328e+01,9.25448e+00
1.173500E-004,1.09328e+01,9.25448e+00
1.173800E-004,1.05308e+01,9.25448e+00
1.174100E-004,1.09328e+01,9.25448e+00
1.174400E-004,1.09328e+01,9.25448e+00
1.174700E-004,1.05308e+01,9.45549e+00
1.175000E-004,1.05308e+01,9.25448e+00
1.175300E-004,1.09328e+01,9.45549e+00
1.175600E-004,1.09328e+01,9.45549e+00
1.175900E-004,1.09328e+01,9.25448e+00
1.176200E-004,1.05308e+01,9.25448e+00
1.176500E-004,1.05308e+01,9.45549e+00
1.176800E-004,1.09328e+01,9.45549e+00
1.177100E-004,1.09328e+01,9.25448e+00
1.177400E-004,1.09328e+01,9.25448e+00
1.177700E-004,1.05308e+01,9.45549e+00
1.178000E-004,1.05308e+01,9.25448e+00
1.178300E-004,1.05308e+01,9.25448e+00
1.178600E-004,1.09328e+01,9.45549e+00
1.178900E-004,1.09328e+01,9.45549e+00
1.179200E-004,1.09328e+01,9.25448e+00
1.179500E-004,1.09328e+01,9.25448e+00
1.179800E-004,1.09328e+01,9.25448e+00
1.180100E-004,1.09328e+01,9.25448e+00
1.180400E-004,1.05308e+01,9.25448e+00
1.180700E-004,1.05308e+01,9.25448e+00
1.181000E-004,1.09328e+01,9.45549e+00
1.181300E-004,1.09328e+01,9.45549e+00
1.181600E-004,1.09328e+01,9.45549e+00
1.181900E-004,1.09328e+01,9.25448e+00
1.182200E-004,1.09328e+01,9.25448e+00
1.182500E-004,1.05308e+01,9.25448e+00
1.182800E-004,1.05308e+01,9.25448e+00
1.183100E-004,1.05308e+01,9.25448e+00
1.183400E-004,1.09328e+01,9.25448e+00
1.183700E-004,1.05308e+01,9.45549e+00
1.184000E-004,1.09328e+01,9.25448e+00
1.184300E-004,1.09328e+01,9.45549e+00
1.184600E-004,1.09328e+01,9.45549e+00
1.184900E-004,1.05308e+01,9.45549e+00
1.185200E-004,1.09328e+01,9.25448e+00
1.185500E-004,1.09328e+01,9.45549e+00
1.185800E-004,1.09328e+01,9.45549e+00
1.186100E-004,1.09328e+01,9.25448e+00
1.186400E-004,1.09328e+01,9.25448e+00
1.186700E-004,1.09328e+01,9.45549e+00
1.187000E-004,1.05308e+01,9.45549e+00
1.187300E-004,1.05308e+01,9.45549e+00
1.187600E-004,1.09328e+01,9.25448e+00
1.187900E-004,1.09328e+01,9.25448e+00
1.188200E-004,1.05308e+01,9.45549e+00
1.188500E-004,1.09328e+01,9.25448e+00
1.188800E-004,1.09328e+01,9.45549e+00
1.189100E-004,1.09328e+01,9.25448e+00
1.189400E-004,1.09328e+01,9.25448e+00
1.189700E-004,1.05308e+01,9.45549e+00
1.190000E-004,1.09328e+01,9.25448e+00
1.190300E-004,1.09328e+01,9.45549e+00
1.190600E-004,1.09328e+01,9.25448e+00
1.190900E-004,1.09328e+01,9.25448e+00
1.191200E-004,1.05308e+01,9.25448e+00
1.191500E-004,1.09328e+01,9.25448e+00
1.191800E-004,1.09328e+01,9.25448e+00
1.192100E-004,1.09328e+01,9.25448e+00
1.192400E-004,1.09328e+01,9.25448e+00
1.192700E-004,1.13348e+01,9.25448e+00
1.193000E-004,1.05308e+01,9.45549e+00
1.193300E-004,1.05308e+01,9.45549e+00
1.193600E-004,1.09328e+01,9.45549e+00
1.193900E-004,1.09328e+01,9.45549e+00
1.194200E-004,1.09328e+01,9.25448e+00
1.194500E-004,1.05308e+01,9.45549e+00
1.194800E-004,1.09328e+01,9.25448e+00
1.195100E-004,1.09328e+01,9.25448e+00
1.195400E-004,1.09328e+01,9.45549e+00
1.195700E-004,1.05308e+01,9.25448e+00
1.196000E-004,1.05308e+01,9.25448e+00
1.196300E-004,1.05308e+01,9.45549e+00
1.196600E-004,1.05308e+01,9.25448e+00
1.196900E-004,1.09328e+01,9.25448e+00
1.197200E-004,1.05308e+01,9.25448e+00
1.197500E-004,1.05308e+01,9.45549e+00
1.197800E-004,1.05308e+01,9.25448e+00
1.198100E-004,1.09328e+01,9.25448e+00
1.198400E-004,1.09328e+01,9.25448e+00
1.198700E-004,1.09328e+01,9.25448e+00
1.199000E-004,1.09328e+01,9.25448e+00
1.199300E-004,1.09328e+01,9.25448e+00
1.199600E-004,1.09328e+01,9.25448e+00
1.199900E-004,1.09328e+01,9.45549e+00
1.200200E-004,1.09328e+01,9.45549e+00
1.200500E-004,1.05308e+01,9.25448e+00
1.200800E-004,1.05308e+01,9.45549e+00
1.201100E-004,1.05308e+01,9.45549e+00
1.201400E-004,1.09328e+01,9.25448e+00
1.201700E-004,1.09328e+01,9.25448e+00
1.202000E-004,1.09328e+01,9.45549e+00
1.202300E-004,1.09328e+01,9.45549e+00
1.202600E-004,1.09328e+01,9.25448e+00
1.202900E-004,1.09328e+01,9.45549e+00
1.203200E-004,1.05308e+01,9.45549e+00
1.203500E-004,1.09328e+01,9.45549e+00
1.203800E-004,1.09328e+01,9.25448e+00
1.204100E-004,1.09328e+01,9.25448e+00
1.204400E-004,1.09328e+01,9.45549e+00
1.204700E-004,1.05308e+01,9.45549e+00
1.205000E-004,1.09328e+01,9.25448e+00
1.205300E-004,1.09328e+01,9.45549e+00
1.205600E-004,1.09328e+01,9.25448e+00
1.205900E-004,1.05308e+01,9.45549e+00
1.206200E-004,1.09328e+01,9.45549e+00
1.206500E-004,1.09328e+01,9.45549e+00
1.206800E-004,1.09328e+01,9.25448e+00
1.207100E-004,1.05308e+01,9.25448e+00
1.207400E-004,1.09328e+01,9.25448e+00
1.207700E-004,1.09328e+01,9.45549e+00
1.208000E-004,1.09328e+01,9.45549e+00
1.208300E-004,1.05308e+01,9.25448e+00
1.208600E-004,1.09328e+01,9.45549e+00
1.208900E-004,1.09328e+01,9.45549e+00
1.209200E-004,1.05308e+01,9.25448e+00
1.209500E-004,1.09328e+01,9.25448e+00
1.209800E-004,1.05308e+01,9.45549e+00
1.210100E-004,1.09328e+01,9.25448e+00
1.210400E-004,1.05308e+01,9.25448e+00
1.210700E-004,1.13348e+01,9.25448e+00
1.211000E-004,1.09328e+01,9.25448e+00
1.211300E-004,1.09328e+01,9.25448e+00
1.211600E-004,1.09328e+01,9.25448e+00
1.211900E-004,1.05308e+01,9.25448e+00
1.212200E-004,1.05308e+01,9.45549e+00
1.212500E-004,1.05308e+01,9.25448e+00
1.212800E-004,1.09328e+01,9.25448e+00
1.213100E-004,1.05308e+01,9.45549e+00
1.213400E-004,1.09328e+01,9.45549e+00
1.213700E-004,1.09328e+01,9.25448e+00
1.214000E-004,1.05308e+01,9.25448e+00
1.214300E-004,1.09328e+01,9.45549e+00
1.214600E-004,1.09328e+01,9.45549e+00
1.214900E-004,1.09328e+01,9.25448e+00
1.215200E-004,1.09328e+01,9.45549e+00
1.215500E-004,1.09328e+01,9.45549e+00
1.215800E-004,1.09328e+01,9.25448e+00
1.216100E-004,1.09328e+01,9.45549e+00
1.216400E-004,1.09328e+01,9.25448e+00
1.216700E-004,1.05308e+01,9.45549e+00
1.217000E-004,1.09328e+01,9.45549e+00
1.217300E-004,1.05308e+01,9.45549e+00
1.217600E-004,1.05308e+01,9.45549e+00
1.217900E-004,1.09328e+01,9.25448e+00
1.218200E-004,1.09328e+01,9.25448e+00
1.218500E-004,1.05308e+01,9.45549e+00
1.218800E-004,1.09328e+01,9.25448e+00
1.219100E-004,1.05308e+01,9.25448e+00
1.219400E-004,1.05308e+01,9.45549e+00
1.219700E-004,1.09328e+01,9.25448e+00
1.220000E-004,1.09328e+01,9.45549e+00
1.220300E-004,1.09328e+01,9.45549e+00
1.220600E-004,1.05308e+01,9.45549e+00
1.220900E-004,1.09328e+01,9.45549e+00
1.221200E-004,1.09328e+01,9.25448e+00
1.221500E-004,1.09328e+01,9.45549e+00
1.221800E-004,1.09328e+01,9.45549e+00
1.222100E-004,1.09328e+01,9.45549e+00
1.222400E-004,1.09328e+01,9.25448e+00
1.222700E-004,1.09328e+01,9.45549e+00
1.223000E-004,1.09328e+01,9.45549e+00
1.223300E-004,1.09328e+01,9.45549e+00
1.223600E-004,1.09328e+01,9.45549e+00
1.223900E-004,1.09328e+01,9.25448e+00
1.224200E-004,1.05308e+01,9.45549e+00
1.224500E-004,1.09328e+01,9.25448e+00
1.224800E-004,1.09328e+01,9.45549e+00
1.225100E-004,1.09328e+01,9.45549e+00
1.225400E-004,1.09328e+01,9.25448e+00
1.225700E-004,1.09328e+01,9.45549e+00
1.226000E-004,1.05308e+01,9.25448e+00
1.226300E-004,1.09328e+01,9.45549e+00
1.226600E-004,1.09328e+01,9.45549e+00
1.226900E-004,1.09328e+01,9.25448e+00
1.227200E-004,1.05308e+01,9.25448e+00
1.227500E-004,1.05308e+01,9.45549e+00
1.227800E-004,1.09328e+01,9.45549e+00
1.228100E-004,1.09328e+01,9.45549e+00
1.228400E-004,1.09328e+01,9.25448e+00
1.228700E-004,1.09328e+01,9.45549e+00
1.229000E-004,1.09328e+01,9.25448e+00
1.229300E-004,1.05308e+01,9.45549e+00
1.229600E-004,1.05308e+01,9.45549e+00
1.229900E-004,1.05308e+01,9.45549e+00
1.230200E-004,1.09328e+01,9.45549e+00
1.230500E-004,1.13348e+01,9.25448e+00
1.230800E-004,1.09328e+01,9.25448e+00
1.231100E-004,1.05308e+01,9.25448e+00
1.231400E-004,1.05308e+01,9.45549e+00
1.231700E-004,1.09328e+01,9.45549e+00
1.232000E-004,1.09328e+01,9.25448e+00
1.232300E-004,1.09328e+01,9.25448e+00
1.232600E-004,1.05308e+01,9.45549e+00
1.232900E-004,1.09328e+01,9.45549e+00
1.233200E-004,1.09328e+01,9.45549e+00
1.233500E-004,1.05308e+01,9.25448e+00
1.233800E-004,1.05308e+01,9.25448e+00
1.234100E-004,1.09328e+01,9.25448e+00
1.234400E-004,1.05308e+01,9.45549e+00
1.234700E-004,1.05308e+01,9.45549e+00
1.235000E-004,1.09328e+01,9.45549e+00
1.235300E-004,1.13348e+01,9.25448e+00
1.235600E-004,1.09328e+01,9.45549e+00
1.235900E-004,1.09328e+01,9.25448e+00
1.236200E-004,1.09328e+01,9.45549e+00
1.236500E-004,1.09328e+01,9.25448e+00
1.236800E-004,1.09328e+01,9.45549e+00
1.237100E-004,1.09328e+01,9.45549e+00
1.237400E-004,1.05308e+01,9.45549e+00
1.237700E-004,1.05308e+01,9.65649e+00
1.238000E-004,1.05308e+01,9.45549e+00
1.238300E-004,1.05308e+01,9.25448e+00
1.238600E-004,1.05308e+01,9.25448e+00
1.238900E-004,1.05308e+01,9.45549e+00
1.239200E-004,1.09328e+01,9.25448e+00
1.239500E-004,1.05308e+01,9.45549e+00
1.239800E-004,1.05308e+01,9.45549e+00
1.240100E-004,1.05308e+01,9.25448e+00
1.240400E-004,1.09328e+01,9.45549e+00
1.240700E-004,1.05308e+01,9.45549e+00
1.241000E-004,1.09328e+01,9.25448e+00
1.241300E-004,1.09328e+01,9.25448e+00
1.241600E-004,1.09328e+01,9.25448e+00
1.241900E-004,1.05308e+01,9.45549e+00
1.242200E-004,1.09328e+01,9.25448e+00
1.242500E-004,1.05308e+01,9.25448e+00
1.242800E-004,1.05308e+01,9.45549e+00
1.243100E-004,1.05308e+01,9.25448e+00
1.243400E-004,1.09328e+01,9.45549e+00
1.243700E-004,1.09328e+01,9.25448e+00
1.244000E-004,1.09328e+01,9.45549e+00
1.244300E-004,1.09328e+01,9.25448e+00
1.244600E-004,1.05308e+01,9.25448e+00
1.244900E-004,1.09328e+01,9.45549e+00
1.245200E-004,1.09328e+01,9.45549e+00
1.245500E-004,1.09328e+01,9.45549e+00
1.245800E-004,1.09328e+01,9.25448e+00
1.246100E-004,1.09328e+01,9.45549e+00
1.246400E-004,1.09328e+01,9.45549e+00
1.246700E-004,1.05308e+01,9.25448e+00
1.247000E-004,1.09328e+01,9.25448e+00
1.247300E-004,1.05308e+01,9.25448e+00
1.247600E-004,1.09328e+01,9.25448e+00
1.247900E-004,1.05308e+01,9.25448e+00
1.248200E-004,1.09328e+01,9.45549e+00
1.248500E-004,1.09328e+01,9.45549e+00
1.248800E-004,1.09328e+01,9.25448e+00
1.249100E-004,1.09328e+01,9.45549e+00
1.249400E-004,1.09328e+01,9.65649e+00
1.249700E-004,1.09328e+01,9.45549e+00
1.250000E-004,1.13348e+01,9.25448e+00
1.250300E-004,1.05308e+01,9.45549e+00
1.250600E-004,1.09328e+01,9.25448e+00
1.250900E-004,1.05308e+01,9.25448e+00
1.251200E-004,1.09328e+01,9.45549e+00
1.251500E-004,1.09328e+01,9.45549e+00
1.251800E-004,1.09328e+01,9.25448e+00
1.252100E-004,1.09328e+01,9.45549e+00
1.252400E-004,1.09328e+01,9.45549e+00
1.252700E-004,1.09328e+01,9.45549e+00
1.253000E-004,1.09328e+01,9.25448e+00
1.253300E-004,1.05308e+01,9.45549e+00
1.253600E-004,1.09328e+01,9.25448e+00
1.253900E-004,1.09328e+01,9.45549e+00
1.254200E-004,1.09328e+01,9.45549e+00
1.254500E-004,1.05308e+01,9.25448e+00
1.254800E-004,1.09328e+01,9.45549e+00
1.255100E-004,1.09328e+01,9.45549e+00
1.255400E-004,1.09328e+01,9.45549e+00
1.255700E-004,1.05308e+01,9.45549e+00
1.256000E-004,1.05308e+01,9.45549e+00
1.256300E-004,1.09328e+01,9.25448e+00
1.256600E-004,1.09328e+01,9.25448e+00
1.256900E-004,1.05308e+01,9.45549e+00
1.257200E-004,1.05308e+01,9.45549e+00
1.257500E-004,1.09328e+01,9.45549e+00
1.257800E-004,1.09328e+01,9.45549e+00
1.258100E-004,1.09328e+01,9.45549e+00
1.258400E-004,1.09328e+01,9.25448e+00
1.258700E-004,1.05308e+01,9.45549e+00
1.259000E-004,1.09328e+01,9.25448e+00
1.259300E-004,1.05308e+01,9.45549e+00
1.259600E-004,1.05308e+01,9.25448e+00
1.259900E-004,1.09328e+01,9.45549e+00
1.260200E-004,1.09328e+01,9.45549e+00
1.260500E-004,1.09328e+01,9.45549e+00
1.260800E-004,1.09328e+01,9.45549e+00
1.261100E-004,1.09328e+01,9.25448e+00
1.261400E-004,1.09328e+01,9.45549e+00
1.261700E-004,1.09328e+01,9.45549e+00
1.262000E-004,1.05308e+01,9.25448e+00
1.262300E-004,1.05308e+01,9.45549e+00
1.262600E-004,1.05308e+01,9.25448e+00
1.262900E-004,1.09328e+01,9.45549e+00
1.263200E-004,1.09328e+01,9.25448e+00
1.263500E-004,1.05308e+01,9.45549e+00
1.263800E-004,1.09328e+01,9.45549e+00
1.264100E-004,1.09328e+01,9.45549e+00
1.264400E-004,1.09328e+01,9.25448e+00
1.264700E-004,1.09328e+01,9.45549e+00
1.265000E-004,1.09328e+01,9.65649e+00
1.265300E-004,1.05308e+01,9.45549e+00
1.265600E-004,1.05308e+01,9.45549e+00
1.265900E-004,1.09328e+01,9.45549e+00
1.266200E-004,1.05308e+01,9.45549e+00
1.266500E-004,1.09328e+01,9.45549e+00
1.266800E-004,1.09328e+01,9.25448e+00
1.267100E-004,1.05308e+01,9.25448e+00
1.267400E-004,1.05308e+01,9.25448e+00
1.267700E-004,1.05308e+01,9.45549e+00
1.268000E-004,1.09328e+01,9.45549e+00
1.268300E-004,1.09328e+01,9.45549e+00
1.268600E-004,1.05308e+01,9.25448e+00
1.268900E-004,1.13348e+01,9.25448e+00
1.269200E-004,1.09328e+01,9.45549e+00
1.269500E-004,1.09328e+01,9.45549e+00
1.269800E-004,1.09328e+01,9.25448e+00
1.270100E-004,1.05308e+01,9.45549e+00
1.270400E-004,1.05308e+01,9.45549e+00
1.270700E-004,1.09328e+01,9.25448e+00
1.271000E-004,1.09328e+01,9.45549e+00
1.271300E-004,1.05308e+01,9.45549e+00
1.271600E-004,1.09328e+01,9.45549e+00
1.271900E-004,1.09328e+01,9.45549e+00
1.272200E-004,1.09328e+01,9.45549e+00
1.272500E-004,1.05308e+01,9.45549e+00
1.272800E-004,1.09328e+01,9.45549e+00
1.273100E-004,1.05308e+01,9.45549e+00
1.273400E-004,1.09328e+01,9.45549e+00
1.273700E-004,1.09328e+01,9.45549e+00
1.274000E-004,1.05308e+01,9.25448e+00
1.274300E-004,1.05308e+01,9.45549e+00
1.274600E-004,1.05308e+01,9.45549e+00
1.274900E-004,1.09328e+01,9.45549e+00
1.275200E-004,1.09328e+01,9.45549e+00
1.275500E-004,1.09328e+01,9.25448e+00
1.275800E-004,1.09328e+01,9.25448e+00
1.276100E-004,1.09328e+01,9.45549e+00
1.276400E-004,1.09328e+01,9.45549e+00
1.276700E-004,1.05308e+01,9.25448e+00
1.277000E-004,1.09328e+01,9.45549e+00
1.277300E-004,1.09328e+01,9.45549e+00
1.277600E-004,1.09328e+01,9.25448e+00
1.277900E-004,1.09328e+01,9.45549e+00
1.278200E-004,1.05308e+01,9.25448e+00
1.278500E-004,1.09328e+01,9.45549e+00
1.278800E-004,1.05308e+01,9.45549e+00
1.279100E-004,1.05308e+01,9.45549e+00
1.279400E-004,1.09328e+01,9.45549e+00
1.279700E-004,1.09328e+01,9.45549e+00
1.280000E-004,1.05308e+01,9.25448e+00
1.280300E-004,1.13348e+01,9.45549e+00
1.280600E-004,1.09328e+01,9.45549e+00
1.280900E-004,1.09328e+01,9.45549e+00
1.281200E-004,1.09328e+01,9.45549e+00
1.281500E-004,1.09328e+01,9.45549e+00
1.281800E-004,1.09328e+01,9.25448e+00
1.282100E-004,1.09328e+01,9.45549e+00
1.282400E-004,1.09328e+01,9.45549e+00
1.282700E-004,1.05308e+01,9.45549e+00
1.283000E-004,1.09328e+01,9.25448e+00
1.283300E-004,1.09328e+01,9.25448e+00
1.283600E-004,1.09328e+01,9.45549e+00
1.283900E-004,1.09328e+01,9.45549e+00
1.284200E-004,1.09328e+01,9.45549e+00
1.284500E-004,1.09328e+01,9.25448e+00
1.284800E-004,1.05308e+01,9.25448e+00
1.285100E-004,1.05308e+01,9.25448e+00
1.285400E-004,1.05308e+01,9.45549e+00
1.285700E-004,1.09328e+01,9.45549e+00
1.286000E-004,1.05308e+01,9.25448e+00
1.286300E-004,1.09328e+01,9.25448e+00
1.286600E-004,1.05308e+01,9.45549e+00
1.286900E-004,1.09328e+01,9.45549e+00
1.287200E-004,1.05308e+01,9.25448e+00
1.287500E-004,1.09328e+01,9.45549e+00
1.287800E-004,1.09328e+01,9.45549e+00
1.288100E-004,1.09328e+01,9.45549e+00
1.288400E-004,1.09328e+01,9.45549e+00
1.288700E-004,1.09328e+01,9.45549e+00
1.289000E-004,1.09328e+01,9.45549e+00
1.289300E-004,1.09328e+01,9.45549e+00
1.289600E-004,1.05308e+01,9.25448e+00
1.289900E-004,1.09328e+01,9.25448e+00
1.290200E-004,1.09328e+01,9.45549e+00
1.290500E-004,1.05308e+01,9.25448e+00
1.290800E-004,1.09328e+01,9.45549e+00
1.291100E-004,1.09328e+01,9.45549e+00
1.291400E-004,1.09328e+01,9.45549e+00
1.291700E-004,1.09328e+01,9.45549e+00
1.292000E-004,1.09328e+01,9.25448e+00
1.292300E-004,1.09328e+01,9.25448e+00
1.292600E-004,1.05308e+01,9.45549e+00
1.292900E-004,1.09328e+01,9.45549e+00
1.293200E-004,1.09328e+01,9.25448e+00
1.293500E-004,1.09328e+01,9.45549e+00
1.293800E-004,1.05308e+01,9.45549e+00
1.294100E-004,1.09328e+01,9.25448e+00
1.294400E-004,1.09328e+01,9.45549e+00
1.294700E-004,1.09328e+01,9.45549e+00
1.295000E-004,1.09328e+01,9.45549e+00
1.295300E-004,1.09328e+01,9.25448e+00
1.295600E-004,1.05308e+01,9.25448e+00
1.295900E-004,1.09328e+01,9.45549e+00
1.296200E-004,1.09328e+01,9.45549e+00
1.296500E-004,1.09328e+01,9.25448e+00
1.296800E-004,1.09328e+01,9.45549e+00
1.297100E-004,1.09328e+01,9.65649e+00
1.297400E-004,1.05308e+01,9.25448e+00
1.297700E-004,1.09328e+01,9.25448e+00
1.298000E-004,1.09328e+01,9.25448e+00
1.298300E-004,1.09328e+01,9.45549e+00
1.298600E-004,1.09328e+01,9.45549e+00
1.298900E-004,1.09328e+01,9.45549e+00
1.299200E-004,1.09328e+01,9.45549e+00
1.299500E-004,1.09328e+01,9.45549e+00
1.299800E-004,1.05308e+01,9.45549e+00
1.300100E-004,1.09328e+01,9.25448e+00
1.300400E-004,1.09328e+01,9.25448e+00
1.300700E-004,1.09328e+01,9.25448e+00
1.301000E-004,1.05308e+01,9.45549e+00
1.301300E-004,1.09328e+01,9.45549e+00
1.301600E-004,1.09328e+01,9.45549e+00
1.301900E-004,1.09328e+01,9.25448e+00
1.302200E-004,1.05308e+01,9.25448e+00
1.302500E-004,1.09328e+01,9.45549e+00
1.302800E-004,1.09328e+01,9.45549e+00
1.303100E-004,1.13348e+01,9.45549e+00
1.303400E-004,1.09328e+01,9.45549e+00
1.303700E-004,1.09328e+01,9.45549e+00
1.304000E-004,1.09328e+01,9.45549e+00
1.304300E-004,1.05308e+01,9.45549e+00
1.304600E-004,1.05308e+01,9.45549e+00
1.304900E-004,1.09328e+01,9.25448e+00
1.305200E-004,1.05308e+01,9.45549e+00
1.305500E-004,1.05308e+01,9.45549e+00
1.305800E-004,1.09328e+01,9.45549e+00
1.306100E-004,1.09328e+01,9.45549e+00
1.306400E-004,1.09328e+01,9.45549e+00
1.306700E-004,1.05308e+01,9.25448e+00
1.307000E-004,1.09328e+01,9.25448e+00
1.307300E-004,1.05308e+01,9.25448e+00
1.307600E-004,1.09328e+01,9.45549e+00
1.307900E-004,1.05308e+01,9.45549e+00
1.308200E-004,1.09328e+01,9.45549e+00
1.308500E-004,1.09328e+01,9.25448e+00
1.308800E-004,1.09328e+01,9.45549e+00
1.309100E-004,1.09328e+01,9.45549e+00
1.309400E-004,1.09328e+01,9.25448e+00
1.309700E-004,1.05308e+01,9.25448e+00
1.310000E-004,1.05308e+01,9.25448e+00
1.310300E-004,1.05308e+01,9.25448e+00
1.310600E-004,1.09328e+01,9.25448e+00
1.310900E-004,1.09328e+01,9.25448e+00
1.311200E-004,1.09328e+01,9.45549e+00
1.311500E-004,1.09328e+01,9.45549e+00
1.311800E-004,1.09328e+01,9.45549e+00
1.312100E-004,1.05308e+01,9.45549e+00
1.312400E-004,1.09328e+01,9.25448e+00
1.312700E-004,1.09328e+01,9.45549e+00
1.313000E-004,1.09328e+01,9.45549e+00
1.313300E-004,1.05308e+01,9.45549e+00
1.313600E-004,1.09328e+01,9.45549e+00
1.313900E-004,1.05308e+01,9.25448e+00
1.314200E-004,1.05308e+01,9.45549e+00
1.314500E-004,1.13348e+01,9.45549e+00
1.314800E-004,1.09328e+01,9.25448e+00
1.315100E-004,1.09328e+01,9.45549e+00
1.315400E-004,1.09328e+01,9.25448e+00
1.315700E-004,1.05308e+01,9.45549e+00
1.316000E-004,1.09328e+01,9.45549e+00
1.316300E-004,1.09328e+01,9.45549e+00
1.316600E-004,1.09328e+01,9.45549e+00
1.316900E-004,1.09328e+01,9.25448e+00
1.317200E-004,1.09328e+01,9.45549e+00
1.317500E-004,1.09328e+01,9.45549e+00
1.317800E-004,1.09328e+01,9.45549e+00
1.318100E-004,1.09328e+01,9.45549e+00
1.318400E-004,1.09328e+01,9.25448e+00
1.318700E-004,1.09328e+01,9.45549e+00
1.319000E-004,1.09328e+01,9.25448e+00
1.319300E-004,1.09328e+01,9.45549e+00
1.319600E-004,1.09328e+01,9.45549e+00
1.319900E-004,1.09328e+01,9.25448e+00
1.320200E-004,1.09328e+01,9.45549e+00
1.320500E-004,1.09328e+01,9.25448e+00
1.320800E-004,1.09328e+01,9.45549e+00
1.321100E-004,1.09328e+01,9.25448e+00
1.321400E-004,1.09328e+01,9.45549e+00
1.321700E-004,1.09328e+01,9.45549e+00
1.322000E-004,1.09328e+01,9.25448e+00
1.322300E-004,1.09328e+01,9.45549e+00
1.322600E-004,1.09328e+01,9.45549e+00
1.322900E-004,1.09328e+01,9.45549e+00
1.323200E-004,1.05308e+01,9.45549e+00
1.323500E-004,1.09328e+01,9.45549e+00
1.323800E-004,1.09328e+01,9.45549e+00
1.324100E-004,1.05308e+01,9.45549e+00
1.324400E-004,1.09328e+01,9.45549e+00
1.324700E-004,1.05308e+01,9.25448e+00
1.325000E-004,1.09328e+01,9.45549e+00
1.325300E-004,1.09328e+01,9.45549e+00
1.325600E-004,1.09328e+01,9.25448e+00
1.325900E-004,1.05308e+01,9.25448e+00
1.326200E-004,1.05308e+01,9.45549e+00
1.326500E-004,1.09328e+01,9.25448e+00
1.326800E-004,1.09328e+01,9.45549e+00
1.327100E-004,1.05308e+01,9.45549e+00
1.327400E-004,1.09328e+01,9.45549e+00
1.327700E-004,1.09328e+01,9.45549e+00
1.328000E-004,1.05308e+01,9.45549e+00
1.328300E-004,1.05308e+01,9.45549e+00
1.328600E-004,1.09328e+01,9.45549e+00
1.328900E-004,1.09328e+01,9.45549e+00
1.329200E-004,1.05308e+01,9.45549e+00
1.329500E-004,1.09328e+01,9.25448e+00
1.329800E-004,1.09328e+01,9.45549e+00
1.330100E-004,1.09328e+01,9.45549e+00
1.330400E-004,1.09328e+01,9.65649e+00
1.330700E-004,1.05308e+01,9.45549e+00
1.331000E-004,1.09328e+01,9.45549e+00
1.331300E-004,1.09328e+01,9.45549e+00
1.331600E-004,1.09328e+01,9.45549e+00
1.331900E-004,1.09328e+01,9.45549e+00
1.332200E-004,1.09328e+01,9.45549e+00
1.332500E-004,1.09328e+01,9.45549e+00
1.332800E-004,1.09328e+01,9.45549e+00
1.333100E-004,1.09328e+01,9.45549e+00
1.333400E-004,1.05308e+01,9.45549e+00
1.333700E-004,1.09328e+01,9.25448e+00
1.334000E-004,1.09328e+01,9.45549e+00
1.334300E-004,1.09328e+01,9.45549e+00
1.334600E-004,1.09328e+01,9.45549e+00
1.334900E-004,1.09328e+01,9.65649e+00
1.335200E-004,1.09328e+01,9.45549e+00
1.335500E-004,1.09328e+01,9.25448e+00
1.335800E-004,1.09328e+01,9.45549e+00
1.336100E-004,1.09328e+01,9.45549e+00
1.336400E-004,1.09328e+01,9.25448e+00
1.336700E-004,1.09328e+01,9.45549e+00
1.337000E-004,1.09328e+01,9.45549e+00
1.337300E-004,1.09328e+01,9.45549e+00
1.337600E-004,1.09328e+01,9.25448e+00
1.337900E-004,1.05308e+01,9.45549e+00
1.338200E-004,1.09328e+01,9.45549e+00
1.338500E-004,1.05308e+01,9.45549e+00
1.338800E-004,1.05308e+01,9.45549e+00
1.339100E-004,1.09328e+01,9.45549e+00
1.339400E-004,1.05308e+01,9.45549e+00
1.339700E-004,1.05308e+01,9.25448e+00
1.340000E-004,1.09328e+01,9.65649e+00
1.340300E-004,1.09328e+01,9.25448e+00
1.340600E-004,1.05308e+01,9.45549e+00
1.340900E-004,1.09328e+01,9.45549e+00
1.341200E-004,1.09328e+01,9.45549e+00
1.341500E-004,1.05308e+01,9.45549e+00
1.341800E-004,1.09328e+01,9.45549e+00
1.342100E-004,1.09328e+01,9.45549e+00
1.342400E-004,1.09328e+01,9.25448e+00
1.342700E-004,1.05308e+01,9.45549e+00
1.343000E-004,1.09328e+01,9.45549e+00
1.343300E-004,1.09328e+01,9.45549e+00
1.343600E-004,1.05308e+01,9.45549e+00
1.343900E-004,1.09328e+01,9.45549e+00
1.344200E-004,1.09328e+01,9.45549e+00
1.344500E-004,1.09328e+01,9.45549e+00
1.344800E-004,1.05308e+01,9.45549e+00
1.345100E-004,1.09328e+01,9.45549e+00
1.345400E-004,1.09328e+01,9.45549e+00
1.345700E-004,1.09328e+01,9.45549e+00
1.346000E-004,1.09328e+01,9.45549e+00
1.346300E-004,1.09328e+01,9.45549e+00
1.346600E-004,1.09328e+01,9.45549e+00
1.346900E-004,1.05308e+01,9.45549e+00
1.347200E-004,1.09328e+01,9.45549e+00
1.347500E-004,1.09328e+01,9.45549e+00
1.347800E-004,1.09328e+01,9.45549e+00
1.348100E-004,1.09328e+01,9.25448e+00
1.348400E-004,1.09328e+01,9.45549e+00
1.348700E-004,1.09328e+01,9.45549e+00
1.349000E-004,1.09328e+01,9.45549e+00
1.349300E-004,1.05308e+01,9.25448e+00
1.349600E-004,1.09328e+01,9.45549e+00
1.349900E-004,1.09328e+01,9.45549e+00
1.350200E-004,1.09328e+01,9.45549e+00
1.350500E-004,1.13348e+01,9.45549e+00
1.350800E-004,1.09328e+01,9.45549e+00
1.351100E-004,1.09328e+01,9.45549e+00
1.351400E-004,1.09328e+01,9.45549e+00
1.351700E-004,1.09328e+01,9.45549e+00
1.352000E-004,1.09328e+01,9.45549e+00
1.352300E-004,1.09328e+01,9.45549e+00
1.352600E-004,1.09328e+01,9.45549e+00
1.352900E-004,1.09328e+01,9.45549e+00
1.353200E-004,1.09328e+01,9.45549e+00
1.353500E-004,1.09328e+01,9.45549e+00
1.353800E-004,1.09328e+01,9.45549e+00
1.354100E-004,1.05308e+01,9.45549e+00
1.354400E-004,1.05308e+01,9.45549e+00
1.354700E-004,1.05308e+01,9.45549e+00
1.355000E-004,1.09328e+01,9.45549e+00
1.355300E-004,1.05308e+01,9.45549e+00
1.355600E-004,1.09328e+01,9.45549e+00
1.355900E-004,1.09328e+01,9.45549e+00
1.356200E-004,1.09328e+01,9.45549e+00
1.356500E-004,1.09328e+01,9.45549e+00
1.356800E-004,1.09328e+01,9.45549e+00
1.357100E-004,1.05308e+01,9.65649e+00
1.357400E-004,1.09328e+01,9.25448e+00
1.357700E-004,1.09328e+01,9.25448e+00
1.358000E-004,1.05308e+01,9.25448e+00
1.358300E-004,1.09328e+01,9.45549e+00
1.358600E-004,1.09328e+01,9.25448e+00
1.358900E-004,1.09328e+01,9.25448e+00
1.359200E-004,1.05308e+01,9.45549e+00
1.359500E-004,1.05308e+01,9.25448e+00
1.359800E-004,1.05308e+01,9.65649e+00
1.360100E-004,1.09328e+01,9.25448e+00
1.360400E-004,1.09328e+01,9.45549e+00
1.360700E-004,1.05308e+01,9.45549e+00
1.361000E-004,1.09328e+01,9.25448e+00
1.361300E-004,1.09328e+01,9.25448e+00
1.361600E-004,1.09328e+01,9.65649e+00
1.361900E-004,1.05308e+01,9.25448e+00
1.362200E-004,1.09328e+01,9.25448e+00
1.362500E-004,1.05308e+01,9.65649e+00
1.362800E-004,1.09328e+01,9.25448e+00
1.363100E-004,1.09328e+01,9.45549e+00
1.363400E-004,1.13348e+01,9.45549e+00
1.363700E-004,1.05308e+01,9.45549e+00
1.364000E-004,1.09328e+01,9.25448e+00
1.364300E-004,1.09328e+01,9.45549e+00
1.364600E-004,1.09328e+01,9.45549e+00
1.364900E-004,1.09328e+01,9.45549e+00
1.365200E-004,1.05308e+01,9.45549e+00
1.365500E-004,1.05308e+01,9.45549e+00
1.365800E-004,1.09328e+01,9.25448e+00
1.366100E-004,1.09328e+01,9.45549e+00
1.366400E-004,1.05308e+01,9.25448e+00
1.366700E-004,1.09328e+01,9.45549e+00
1.367000E-004,1.09328e+01,9.45549e+00
1.367300E-004,1.05308e+01,9.25448e+00
1.367600E-004,1.09328e+01,9.45549e+00
1.367900E-004,1.09328e+01,9.45549e+00
1.368200E-004,1.09328e+01,9.45549e+00
1.368500E-004,1.05308e+01,9.45549e+00
1.368800E-004,1.05308e+01,9.45549e+00
1.369100E-004,1.09328e+01,9.45549e+00
1.369400E-004,1.09328e+01,9.25448e+00
1.369700E-004,1.09328e+01,9.45549e+00
1.370000E-004,1.09328e+01,9.25448e+00
1.370300E-004,1.09328e+01,9.25448e+00
1.370600E-004,1.09328e+01,9.45549e+00
1.370900E-004,1.09328e+01,9.45549e+00
1.371200E-004,1.09328e+01,9.45549e+00
1.371500E-004,1.09328e+01,9.45549e+00
1.371800E-004,1.09328e+01,9.45549e+00
1.372100E-004,1.09328e+01,9.25448e+00
1.372400E-004,1.09328e+01,9.45549e+00
1.372700E-004,1.05308e+01,9.45549e+00
1.373000E-004,1.09328e+01,9.45549e+00
1.373300E-004,1.09328e+01,9.45549e+00
1.373600E-004,1.09328e+01,9.45549e+00
1.373900E-004,1.09328e+01,9.45549e+00
1.374200E-004,1.09328e+01,9.45549e+00
1.374500E-004,1.05308e+01,9.45549e+00
1.374800E-004,1.09328e+01,9.25448e+00
1.375100E-004,1.09328e+01,9.45549e+00
1.375400E-004,1.09328e+01,9.45549e+00
1.375700E-004,1.05308e+01,9.25448e+00
1.376000E-004,1.09328e+01,9.45549e+00
1.376300E-004,1.09328e+01,9.65649e+00
1.376600E-004,1.09328e+01,9.45549e+00
1.376900E-004,1.05308e+01,9.45549e+00
1.377200E-004,1.05308e+01,9.25448e+00
1.377500E-004,1.09328e+01,9.45549e+00
1.377800E-004,1.09328e+01,9.45549e+00
1.378100E-004,1.05308e+01,9.45549e+00
1.378400E-004,1.05308e+01,9.45549e+00
1.378700E-004,1.05308e+01,9.45549e+00
1.379000E-004,1.05308e+01,9.45549e+00
1.379300E-004,1.09328e+01,9.45549e+00
1.379600E-004,1.09328e+01,9.45549e+00
1.379900E-004,1.09328e+01,9.45549e+00
1.380200E-004,1.05308e+01,9.45549e+00
1.380500E-004,1.09328e+01,9.45549e+00
1.380800E-004,1.09328e+01,9.45549e+00
1.381100E-004,1.09328e+01,9.45549e+00
1.381400E-004,1.05308e+01,9.45549e+00
1.381700E-004,1.05308e+01,9.45549e+00
1.382000E-004,1.09328e+01,9.45549e+00
1.382300E-004,1.05308e+01,9.45549e+00
1.382600E-004,1.05308e+01,9.45549e+00
1.382900E-004,1.05308e+01,9.45549e+00
1.383200E-004,1.09328e+01,9.45549e+00
1.383500E-004,1.05308e+01,9.45549e+00
1.383800E-004,1.09328e+01,9.45549e+00
1.384100E-004,1.09328e+01,9.45549e+00
1.384400E-004,1.09328e+01,9.45549e+00
1.384700E-004,1.09328e+01,9.45549e+00
1.385000E-004,1.09328e+01,9.45549e+00
1.385300E-004,1.09328e+01,9.45549e+00
1.385600E-004,1.09328e+01,9.65649e+00
1.385900E-004,1.09328e+01,9.45549e+00
1.386200E-004,1.09328e+01,9.45549e+00
1.386500E-004,1.09328e+01,9.45549e+00
1.386800E-004,1.09328e+01,9.45549e+00
1.387100E-004,1.09328e+01,9.25448e+00
1.387400E-004,1.09328e+01,9.45549e+00
1.387700E-004,1.05308e+01,9.45549e+00
1.388000E-004,1.09328e+01,9.45549e+00
1.388300E-004,1.09328e+01,9.45549e+00
1.388600E-004,1.09328e+01,9.45549e+00
1.388900E-004,1.09328e+01,9.45549e+00
1.389200E-004,1.09328e+01,9.45549e+00
1.389500E-004,1.09328e+01,9.45549e+00
1.389800E-004,1.05308e+01,9.45549e+00
1.390100E-004,1.05308e+01,9.45549e+00
1.390400E-004,1.09328e+01,9.45549e+00
1.390700E-004,1.09328e+01,9.45549e+00
1.391000E-004,1.09328e+01,9.45549e+00
1.391300E-004,1.09328e+01,9.45549e+00
1.391600E-004,1.09328e+01,9.45549e+00
1.391900E-004,1.09328e+01,9.65649e+00
1.392200E-004,1.09328e+01,9.45549e+00
1.392500E-004,1.05308e+01,9.45549e+00
1.392800E-004,1.09328e+01,9.45549e+00
1.393100E-004,1.09328e+01,9.45549e+00
1.393400E-004,1.09328e+01,9.45549e+00
1.393700E-004,1.09328e+01,9.45549e+00
1.394000E-004,1.09328e+01,9.45549e+00
1.394300E-004,1.09328e+01,9.45549e+00
1.394600E-004,1.09328e+01,9.45549e+00
1.394900E-004,1.09328e+01,9.45549e+00
1.395200E-004,1.05308e+01,9.45549e+00
1.395500E-004,1.05308e+01,9.45549e+00
1.395800E-004,1.09328e+01,9.45549e+00
1.396100E-004,1.05308e+01,9.45549e+00
1.396400E-004,1.05308e+01,9.25448e+00
1.396700E-004,1.09328e+01,9.45549e+00
1.397000E-004,1.05308e+01,9.45549e+00
1.397300E-004,1.05308e+01,9.45549e+00
1.397600E-004,1.09328e+01,9.25448e+00
1.397900E-004,1.09328e+01,9.45549e+00
1.398200E-004,1.09328e+01,9.45549e+00
1.398500E-004,1.09328e+01,9.45549e+00
1.398800E-004,1.05308e+01,9.45549e+00
1.399100E-004,1.09328e+01,9.45549e+00
1.399400E-004,1.09328e+01,9.45549e+00
1.399700E-004,1.09328e+01,9.45549e+00
1.400000E-004,1.05308e+01,9.45549e+00
1.400300E-004,1.09328e+01,9.45549e+00
1.400600E-004,1.09328e+01,9.45549e+00
1.400900E-004,1.09328e+01,9.25448e+00
1.401200E-004,1.09328e+01,9.45549e+00
1.401500E-004,1.09328e+01,9.45549e+00
1.401800E-004,1.09328e+01,9.65649e+00
1.402100E-004,1.09328e+01,9.45549e+00
1.402400E-004,1.05308e+01,9.45549e+00
1.402700E-004,1.09328e+01,9.45549e+00
1.403000E-004,1.05308e+01,9.45549e+00
1.403300E-004,1.09328e+01,9.45549e+00
1.403600E-004,1.09328e+01,9.45549e+00
1.403900E-004,1.05308e+01,9.45549e+00
1.404200E-004,1.09328e+01,9.45549e+00
1.404500E-004,1.09328e+01,9.45549e+00
1.404800E-004,1.13348e+01,9.45549e+00
1.405100E-004,1.09328e+01,9.45549e+00
1.405400E-004,1.09328e+01,9.45549e+00
1.405700E-004,1.09328e+01,9.45549e+00
1.406000E-004,1.09328e+01,9.45549e+00
1.406300E-004,1.09328e+01,9.45549e+00
1.406600E-004,1.09328e+01,9.45549e+00
1.406900E-004,1.09328e+01,9.45549e+00
1.407200E-004,1.09328e+01,9.45549e+00
1.407500E-004,1.09328e+01,9.45549e+00
1.407800E-004,1.09328e+01,9.45549e+00
1.408100E-004,1.09328e+01,9.45549e+00
1.408400E-004,1.09328e+01,9.45549e+00
1.408700E-004,1.09328e+01,9.45549e+00
1.409000E-004,1.09328e+01,9.45549e+00
1.409300E-004,1.09328e+01,9.45549e+00
1.409600E-004,1.09328e+01,9.45549e+00
1.409900E-004,1.09328e+01,9.45549e+00
1.410200E-004,1.09328e+01,9.45549e+00
1.410500E-004,1.09328e+01,9.45549e+00
1.410800E-004,1.05308e+01,9.25448e+00
1.411100E-004,1.09328e+01,9.45549e+00
1.411400E-004,1.05308e+01,9.45549e+00
1.411700E-004,1.09328e+01,9.45549e+00
1.412000E-004,1.05308e+01,9.45549e+00
1.412300E-004,1.09328e+01,9.45549e+00
1.412600E-004,1.05308e+01,9.45549e+00
1.412900E-004,1.05308e+01,9.45549e+00
1.413200E-004,1.09328e+01,9.45549e+00
1.413500E-004,1.05308e+01,9.45549e+00
1.413800E-004,1.05308e+01,9.45549e+00
1.414100E-004,1.09328e+01,9.25448e+00
1.414400E-004,1.09328e+01,9.45549e+00
1.414700E-004,1.05308e+01,9.45549e+00
1.415000E-004,1.09328e+01,9.45549e+00
1.415300E-004,1.09328e+01,9.45549e+00
1.415600E-004,1.09328e+01,9.25448e+00
1.415900E-004,1.09328e+01,9.45549e+00
1.416200E-004,1.09328e+01,9.45549e+00
1.416500E-004,1.09328e+01,9.45549e+00
1.416800E-004,1.05308e+01,9.25448e+00
1.417100E-004,1.09328e+01,9.45549e+00
1.417400E-004,1.05308e+01,9.45549e+00
1.417700E-004,1.09328e+01,9.25448e+00
1.418000E-004,1.09328e+01,9.45549e+00
1.418300E-004,1.09328e+01,9.45549e+00
1.418600E-004,1.09328e+01,9.45549e+00
1.418900E-004,1.05308e+01,9.45549e+00
1.419200E-004,1.09328e+01,9.45549e+00
1.419500E-004,1.05308e+01,9.45549e+00
1.419800E-004,1.05308e+01,9.45549e+00
1.420100E-004,1.09328e+01,9.45549e+00
1.420400E-004,1.09328e+01,9.45549e+00
1.420700E-004,1.05308e+01,9.45549e+00
1.421000E-004,1.13348e+01,9.25448e+00
1.421300E-004,1.09328e+01,9.45549e+00
1.421600E-004,1.09328e+01,9.45549e+00
1.421900E-004,1.09328e+01,9.45549e+00
1.422200E-004,1.09328e+01,9.45549e+00
1.422500E-004,1.09328e+01,9.45549e+00
1.422800E-004,1.09328e+01,9.45549e+00
1.423100E-004,1.09328e+01,9.25448e+00
1.423400E-004,1.09328e+01,9.65649e+00
1.423700E-004,1.09328e+01,9.25448e+00
1.424000E-004,1.05308e+01,9.25448e+00
1.424300E-004,1.09328e+01,9.45549e+00
1.424600E-004,1.13348e+01,9.45549e+00
1.424900E-004,1.05308e+01,9.45549e+00
1.425200E-004,1.09328e+01,9.25448e+00
1.425500E-004,1.09328e+01,9.45549e+00
1.425800E-004,1.09328e+01,9.45549e+00
1.426100E-004,1.09328e+01,9.45549e+00
1.426400E-004,1.09328e+01,9.45549e+00
1.426700E-004,1.09328e+01,9.45549e+00
1.427000E-004,1.09328e+01,9.45549e+00
1.427300E-004,1.09328e+01,9.25448e+00
1.427600E-004,1.05308e+01,9.45549e+00
1.427900E-004,1.09328e+01,9.45549e+00
1.428200E-004,1.09328e+01,9.45549e+00
1.428500E-004,1.09328e+01,9.45549e+00
1.428800E-004,1.09328e+01,9.45549e+00
1.429100E-004,1.09328e+01,9.45549e+00
1.429400E-004,1.05308e+01,9.45549e+00
1.429700E-004,1.09328e+01,9.45549e+00
1.430000E-004,1.05308e+01,9.25448e+00
1.430300E-004,1.09328e+01,9.25448e+00
1.430600E-004,1.09328e+01,9.45549e+00
1.430900E-004,1.09328e+01,9.45549e+00
1.431200E-004,1.09328e+01,9.45549e+00
1.431500E-004,1.09328e+01,9.45549e+00
1.431800E-004,1.09328e+01,9.45549e+00
1.432100E-004,1.09328e+01,9.45549e+00
1.432400E-004,1.09328e+01,9.45549e+00
1.432700E-004,1.09328e+01,9.45549e+00
1.433000E-004,1.09328e+01,9.65649e+00
1.433300E-004,1.05308e+01,9.45549e+00
1.433600E-004,1.13348e+01,9.45549e+00
1.433900E-004,1.05308e+01,9.45549e+00
1.434200E-004,1.09328e+01,9.45549e+00
1.434500E-004,1.09328e+01,9.45549e+00
1.434800E-004,1.09328e+01,9.45549e+00
1.435100E-004,1.09328e+01,9.45549e+00
1.435400E-004,1.09328e+01,9.45549e+00
1.435700E-004,1.09328e+01,9.45549e+00
1.436000E-004,1.09328e+01,9.45549e+00
1.436300E-004,1.05308e+01,9.25448e+00
1.436600E-004,1.13348e+01,9.65649e+00
1.436900E-004,1.09328e+01,9.45549e+00
1.437200E-004,1.09328e+01,9.45549e+00
1.437500E-004,1.05308e+01,9.45549e+00
1.437800E-004,1.09328e+01,9.45549e+00
1.438100E-004,1.09328e+01,9.45549e+00
1.438400E-004,1.05308e+01,9.45549e+00
1.438700E-004,1.09328e+01,9.45549e+00
1.439000E-004,1.09328e+01,9.45549e+00
1.439300E-004,1.09328e+01,9.45549e+00
1.439600E-004,1.05308e+01,9.45549e+00
1.439900E-004,1.05308e+01,9.45549e+00
1.440200E-004,1.09328e+01,9.45549e+00
1.440500E-004,1.09328e+01,9.45549e+00
1.440800E-004,1.09328e+01,9.45549e+00
1.441100E-004,1.09328e+01,9.45549e+00
1.441400E-004,1.09328e+01,9.45549e+00
1.441700E-004,1.05308e+01,9.45549e+00
1.442000E-004,1.09328e+01,9.25448e+00
1.442300E-004,1.09328e+01,9.45549e+00
1.442600E-004,1.09328e+01,9.45549e+00
1.442900E-004,1.09328e+01,9.65649e+00
1.443200E-004,1.05308e+01,9.45549e+00
1.443500E-004,1.05308e+01,9.45549e+00
1.443800E-004,1.05308e+01,9.45549e+00
1.444100E-004,1.09328e+01,9.45549e+00
1.444400E-004,1.09328e+01,9.45549e+00
1.444700E-004,1.09328e+01,9.45549e+00
1.445000E-004,1.05308e+01,9.65649e+00
1.445300E-004,1.09328e+01,9.45549e+00
1.445600E-004,1.09328e+01,9.45549e+00
1.445900E-004,1.05308e+01,9.45549e+00
1.446200E-004,1.09328e+01,9.45549e+00
1.446500E-004,1.09328e+01,9.45549e+00
1.446800E-004,1.13348e+01,9.45549e+00
1.447100E-004,1.09328e+01,9.25448e+00
1.447400E-004,1.05308e+01,9.45549e+00
1.447700E-004,1.09328e+01,9.25448e+00
1.448000E-004,1.09328e+01,9.45549e+00
1.448300E-004,1.09328e+01,9.45549e+00
1.448600E-004,1.09328e+01,9.65649e+00
1.448900E-004,1.09328e+01,9.45549e+00
1.449200E-004,1.09328e+01,9.25448e+00
1.449500E-004,1.05308e+01,9.45549e+00
1.449800E-004,1.09328e+01,9.45549e+00
1.450100E-004,1.09328e+01,9.45549e+00
1.450400E-004,1.09328e+01,9.45549e+00
1.450700E-004,1.09328e+01,9.45549e+00
1.451000E-004,1.09328e+01,9.45549e+00
1.451300E-004,1.09328e+01,9.45549e+00
1.451600E-004,1.09328e+01,9.45549e+00
1.451900E-004,1.05308e+01,9.45549e+00
1.452200E-004,1.09328e+01,9.45549e+00
1.452500E-004,1.09328e+01,9.45549e+00
1.452800E-004,1.09328e+01,9.45549e+00
1.453100E-004,1.05308e+01,9.45549e+00
1.453400E-004,1.05308e+01,9.45549e+00
1.453700E-004,1.09328e+01,9.45549e+00
1.454000E-004,1.09328e+01,9.45549e+00
1.454300E-004,1.09328e+01,9.45549e+00
1.454600E-004,1.09328e+01,9.45549e+00
1.454900E-004,1.05308e+01,9.45549e+00
1.455200E-004,1.05308e+01,9.25448e+00
1.455500E-004,1.13348e+01,9.45549e+00
1.455800E-004,1.09328e+01,9.65649e+00
1.456100E-004,1.09328e+01,9.65649e+00
1.456400E-004,1.09328e+01,9.45549e+00
1.456700E-004,1.05308e+01,9.45549e+00
1.457000E-004,1.09328e+01,9.45549e+00
1.457300E-004,1.09328e+01,9.45549e+00
1.457600E-004,1.09328e+01,9.25448e+00
1.457900E-004,1.09328e+01,9.45549e+00
1.458200E-004,1.05308e+01,9.25448e+00
1.458500E-004,1.09328e+01,9.45549e+00
1.458800E-004,1.05308e+01,9.45549e+00
1.459100E-004,1.09328e+01,9.45549e+00
1.459400E-004,1.09328e+01,9.45549e+00
1.459700E-004,1.09328e+01,9.45549e+00
1.460000E-004,1.09328e+01,9.45549e+00
1.460300E-004,1.09328e+01,9.65649e+00
1.460600E-004,1.09328e+01,9.65649e+00
1.460900E-004,1.09328e+01,9.45549e+00
1.461200E-004,1.09328e+01,9.45549e+00
1.461500E-004,1.09328e+01,9.45549e+00
1.461800E-004,1.09328e+01,9.65649e+00
1.462100E-004,1.09328e+01,9.45549e+00
1.462400E-004,1.05308e+01,9.25448e+00
1.462700E-004,1.05308e+01,9.45549e+00
1.463000E-004,1.09328e+01,9.45549e+00
1.463300E-004,1.09328e+01,9.45549e+00
1.463600E-004,1.09328e+01,9.45549e+00
1.463900E-004,1.09328e+01,9.25448e+00
1.464200E-004,1.09328e+01,9.45549e+00
1.464500E-004,1.09328e+01,9.45549e+00
1.464800E-004,1.05308e+01,9.25448e+00
1.465100E-004,1.05308e+01,9.45549e+00
1.465400E-004,1.05308e+01,9.45549e+00
1.465700E-004,1.09328e+01,9.45549e+00
1.466000E-004,1.09328e+01,9.45549e+00
1.466300E-004,1.05308e+01,9.65649e+00
1.466600E-004,1.09328e+01,9.45549e+00
1.466900E-004,1.09328e+01,9.65649e+00
1.467200E-004,1.09328e+01,9.45549e+00
1.467500E-004,1.09328e+01,9.25448e+00
1.467800E-004,1.09328e+01,9.45549e+00
1.468100E-004,1.09328e+01,9.45549e+00
1.468400E-004,1.09328e+01,9.45549e+00
1.468700E-004,1.09328e+01,9.45549e+00
1.469000E-004,1.09328e+01,9.45549e+00
1.469300E-004,1.09328e+01,9.45549e+00
1.469600E-004,1.05308e+01,9.45549e+00
1.469900E-004,1.09328e+01,9.45549e+00
1.470200E-004,1.09328e+01,9.45549e+00
1.470500E-004,1.05308e+01,9.45549e+00
1.470800E-004,1.09328e+01,9.45549e+00
1.471100E-004,1.05308e+01,9.45549e+00
1.471400E-004,1.09328e+01,9.45549e+00
1.471700E-004,1.09328e+01,9.25448e+00
1.472000E-004,1.13348e+01,9.65649e+00
1.472300E-004,1.09328e+01,9.25448e+00
1.472600E-004,1.09328e+01,9.45549e+00
1.472900E-004,1.05308e+01,9.65649e+00
1.473200E-004,1.09328e+01,9.25448e+00
1.473500E-004,1.09328e+01,9.45549e+00
1.473800E-004,1.09328e+01,9.45549e+00
1.474100E-004,1.05308e+01,9.45549e+00
1.474400E-004,1.09328e+01,9.65649e+00
1.474700E-004,1.05308e+01,9.25448e+00
1.475000E-004,1.09328e+01,9.45549e+00
1.475300E-004,1.05308e+01,9.45549e+00
1.475600E-004,1.09328e+01,9.25448e+00
1.475900E-004,1.09328e+01,9.45549e+00
1.476200E-004,1.09328e+01,9.25448e+00
1.476500E-004,1.09328e+01,9.45549e+00
1.476800E-004,1.09328e+01,9.45549e+00
1.477100E-004,1.09328e+01,9.45549e+00
1.477400E-004,1.13348e+01,9.45549e+00
1.477700E-004,1.09328e+01,9.45549e+00
1.478000E-004,1.09328e+01,9.25448e+00
1.478300E-004,1.09328e+01,9.45549e+00
1.478600E-004,1.09328e+01,9.25448e+00
1.478900E-004,1.09328e+01,9.45549e+00
1.479200E-004,1.13348e+01,9.45549e+00
1.479500E-004,1.09328e+01,9.45549e+00
1.479800E-004,1.09328e+01,9.45549e+00
1.480100E-004,1.09328e+01,9.45549e+00
1.480400E-004,1.09328e+01,9.25448e+00
1.480700E-004,1.09328e+01,9.45549e+00
1.481000E-004,1.05308e+01,9.45549e+00
1.481300E-004,1.05308e+01,9.45549e+00
1.481600E-004,1.09328e+01,9.65649e+00
1.481900E-004,1.09328e+01,9.45549e+00
1.482200E-004,1.09328e+01,9.25448e+00
1.482500E-004,1.09328e+01,9.45549e+00
1.482800E-004,1.09328e+01,9.45549e+00
1.483100E-004,1.09328e+01,9.45549e+00
1.483400E-004,1.05308e+01,9.45549e+00
1.483700E-004,1.05308e+01,9.45549e+00
1.484000E-004,1.05308e+01,9.45549e+00
1.484300E-004,1.13348e+01,9.45549e+00
1.484600E-004,1.09328e+01,9.45549e+00
1.484900E-004,1.09328e+01,9.45549e+00
1.485200E-004,1.09328e+01,9.65649e+00
1.485500E-004,1.09328e+01,9.45549e+00
1.485800E-004,1.09328e+01,9.45549e+00
1.486100E-004,1.09328e+01,9.45549e+00
1.486400E-004,1.09328e+01,9.25448e+00
1.486700E-004,1.09328e+01,9.45549e+00
1.487000E-004,1.09328e+01,9.45549e+00
1.487300E-004,1.09328e+01,9.45549e+00
1.487600E-004,1.09328e+01,9.25448e+00
1.487900E-004,1.09328e+01,9.45549e+00
1.488200E-004,1.05308e+01,9.45549e+00
1.488500E-004,1.09328e+01,9.45549e+00
1.488800E-004,1.09328e+01,9.45549e+00
1.489100E-004,1.09328e+01,9.45549e+00
1.489400E-004,1.09328e+01,9.45549e+00
1.489700E-004,1.13348e+01,9.65649e+00
1.490000E-004,1.09328e+01,9.65649e+00
1.490300E-004,1.09328e+01,9.45549e+00
1.490600E-004,1.09328e+01,9.45549e+00
1.490900E-004,1.09328e+01,9.45549e+00
1.491200E-004,1.09328e+01,9.45549e+00
1.491500E-004,1.09328e+01,9.45549e+00
1.491800E-004,1.09328e+01,9.45549e+00
1.492100E-004,1.09328e+01,9.45549e+00
1.492400E-004,1.09328e+01,9.45549e+00
1.492700E-004,1.09328e+01,9.45549e+00
1.493000E-004,1.09328e+01,9.65649e+00
1.493300E-004,1.09328e+01,9.45549e+00
1.493600E-004,1.09328e+01,9.45549e+00
1.493900E-004,1.05308e+01,9.25448e+00
1.494200E-004,1.05308e+01,9.45549e+00
1.494500E-004,1.09328e+01,9.45549e+00
1.494800E-004,1.09328e+01,9.45549e+00
1.495100E-004,1.09328e+01,9.45549e+00
1.495400E-004,1.09328e+01,9.45549e+00
1.495700E-004,1.13348e+01,9.45549e+00
1.496000E-004,1.09328e+01,9.45549e+00
1.496300E-004,1.05308e+01,9.45549e+00
1.496600E-004,1.05308e+01,9.45549e+00
1.496900E-004,1.09328e+01,9.45549e+00
1.497200E-004,1.09328e+01,9.45549e+00
1.497500E-004,1.09328e+01,9.25448e+00
1.497800E-004,1.09328e+01,9.25448e+00
1.498100E-004,1.09328e+01,9.45549e+00
1.498400E-004,1.05308e+01,9.45549e+00
1.498700E-004,1.09328e+01,9.45549e+00
1.499000E-004,1.05308e+01,9.45549e+00
1.499300E-004,1.09328e+01,9.45549e+00
1.499600E-004,1.09328e+01,9.45549e+00
1.499900E-004,1.05308e+01,9.45549e+00
1.500200E-004,1.05308e+01,9.65649e+00
1.500500E-004,1.09328e+01,9.45549e+00
1.500800E-004,1.05308e+01,9.45549e+00
1.501100E-004,1.09328e+01,9.45549e+00
1.501400E-004,1.09328e+01,9.45549e+00
1.501700E-004,1.05308e+01,9.45549e+00
1.502000E-004,1.09328e+01,9.45549e+00
1.502300E-004,1.09328e+01,9.45549e+00
1.502600E-004,1.09328e+01,9.45549e+00
1.502900E-004,1.09328e+01,9.45549e+00
1.503200E-004,1.09328e+01,9.45549e+00
1.503500E-004,1.05308e+01,9.65649e+00
1.503800E-004,1.09328e+01,9.45549e+00
1.504100E-004,1.05308e+01,9.45549e+00
1.504400E-004,1.05308e+01,9.45549e+00
1.504700E-004,1.09328e+01,9.45549e+00
1.505000E-004,1.13348e+01,9.45549e+00
1.505300E-004,1.05308e+01,9.45549e+00
1.505600E-004,1.09328e+01,9.45549e+00
1.505900E-004,1.09328e+01,9.45549e+00
1.506200E-004,1.09328e+01,9.45549e+00
1.506500E-004,1.09328e+01,9.45549e+00
1.506800E-004,1.09328e+01,9.45549e+00
1.507100E-004,1.09328e+01,9.45549e+00
1.507400E-004,1.09328e+01,9.45549e+00
1.507700E-004,1.09328e+01,9.25448e+00
1.508000E-004,1.05308e+01,9.45549e+00
1.508300E-004,1.05308e+01,9.45549e+00
1.508600E-004,1.09328e+01,9.45549e+00
1.508900E-004,1.09328e+01,9.45549e+00
1.509200E-004,1.09328e+01,9.45549e+00
1.509500E-004,1.09328e+01,9.45549e+00
1.509800E-004,1.13348e+01,9.45549e+00
1.510100E-004,1.05308e+01,9.25448e+00
1.510400E-004,1.09328e+01,9.45549e+00
1.510700E-004,1.09328e+01,9.45549e+00
1.511000E-004,1.09328e+01,9.45549e+00
1.511300E-004,1.09328e+01,9.45549e+00
1.511600E-004,1.13348e+01,9.25448e+00
1.511900E-004,1.09328e+01,9.45549e+00
1.512200E-004,1.09328e+01,9.45549e+00
1.512500E-004,1.09328e+01,9.45549e+00
1.512800E-004,1.09328e+01,9.45549e+00
1.513100E-004,1.09328e+01,9.45549e+00
1.513400E-004,1.09328e+01,9.45549e+00
1.513700E-004,1.09328e+01,9.45549e+00
1.514000E-004,1.09328e+01,9.45549e+00
1.514300E-004,1.09328e+01,9.45549e+00
1.514600E-004,1.09328e+01,9.45549e+00
1.514900E-004,1.09328e+01,9.45549e+00
1.515200E-004,1.09328e+01,9.25448e+00
1.515500E-004,1.05308e+01,9.45549e+00
1.515800E-004,1.09328e+01,9.45549e+00
1.516100E-004,1.09328e+01,9.45549e+00
1.516400E-004,1.09328e+01,9.45549e+00
1.516700E-004,1.13348e+01,9.45549e+00
1.517000E-004,1.05308e+01,9.25448e+00
1.517300E-004,1.13348e+01,9.45549e+00
1.517600E-004,1.09328e+01,9.45549e+00
1.517900E-004,1.05308e+01,9.45549e+00
1.518200E-004,1.09328e+01,9.45549e+00
1.518500E-004,1.09328e+01,9.25448e+00
1.518800E-004,1.09328e+01,9.45549e+00
1.519100E-004,1.09328e+01,9.45549e+00
1.519400E-004,1.09328e+01,9.45549e+00
1.519700E-004,1.09328e+01,9.45549e+00
1.520000E-004,1.09328e+01,9.45549e+00
1.520300E-004,1.05308e+01,9.65649e+00
1.520600E-004,1.09328e+01,9.25448e+00
1.520900E-004,1.09328e+01,9.45549e+00
1.521200E-004,1.09328e+01,9.45549e+00
1.521500E-004,1.05308e+01,9.45549e+00
1.521800E-004,1.09328e+01,9.45549e+00
1.522100E-004,1.09328e+01,9.45549e+00
1.522400E-004,1.09328e+01,9.25448e+00
1.522700E-004,1.09328e+01,9.45549e+00
1.523000E-004,1.09328e+01,9.45549e+00
1.523300E-004,1.09328e+01,9.25448e+00
1.523600E-004,1.09328e+01,9.45549e+00
1.523900E-004,1.09328e+01,9.25448e+00
1.524200E-004,1.09328e+01,9.65649e+00
1.524500E-004,1.13348e+01,9.25448e+00
1.524800E-004,1.09328e+01,9.45549e+00
1.525100E-004,1.05308e+01,9.45549e+00
1.525400E-004,1.09328e+01,9.25448e+00
1.525700E-004,1.09328e+01,9.45549e+00
1.526000E-004,1.09328e+01,9.25448e+00
1.526300E-004,1.09328e+01,9.45549e+00
1.526600E-004,1.09328e+01,9.45549e+00
1.526900E-004,1.09328e+01,9.65649e+00
1.527200E-004,1.09328e+01,9.45549e+00
1.527500E-004,1.05308e+01,9.45549e+00
1.527800E-004,1.09328e+01,9.45549e+00
1.528100E-004,1.09328e+01,9.45549e+00
1.528400E-004,1.09328e+01,9.45549e+00
1.528700E-004,1.09328e+01,9.45549e+00
1.529000E-004,1.09328e+01,9.45549e+00
1.529300E-004,1.09328e+01,9.45549e+00
1.529600E-004,1.09328e+01,9.25448e+00
1.529900E-004,1.05308e+01,9.45549e+00
1.530200E-004,1.13348e+01,9.45549e+00
1.530500E-004,1.13348e+01,9.45549e+00
1.530800E-004,1.05308e+01,9.45549e+00
1.531100E-004,1.09328e+01,9.45549e+00
1.531400E-004,1.09328e+01,9.65649e+00
1.531700E-004,1.05308e+01,9.45549e+00
1.532000E-004,1.09328e+01,9.65649e+00
1.532300E-004,1.09328e+01,9.45549e+00
1.532600E-004,1.09328e+01,9.45549e+00
1.532900E-004,1.05308e+01,9.45549e+00
1.533200E-004,1.09328e+01,9.45549e+00
1.533500E-004,1.09328e+01,9.45549e+00
1.533800E-004,1.09328e+01,9.45549e+00
1.534100E-004,1.09328e+01,9.45549e+00
1.534400E-004,1.09328e+01,9.45549e+00
1.534700E-004,1.09328e+01,9.65649e+00
1.535000E-004,1.09328e+01,9.65649e+00
1.535300E-004,1.09328e+01,9.45549e+00
1.535600E-004,1.05308e+01,9.45549e+00
1.535900E-004,1.09328e+01,9.45549e+00
1.536200E-004,1.09328e+01,9.45549e+00
1.536500E-004,1.09328e+01,9.45549e+00
1.536800E-004,1.09328e+01,9.45549e+00
1.537100E-004,1.09328e+01,9.45549e+00
1.537400E-004,1.09328e+01,9.45549e+00
1.537700E-004,1.09328e+01,9.25448e+00
1.538000E-004,1.09328e+01,9.45549e+00
1.538300E-004,1.09328e+01,9.45549e+00
1.538600E-004,1.09328e+01,9.45549e+00
1.538900E-004,1.09328e+01,9.25448e+00
1.539200E-004,1.09328e+01,9.45549e+00
1.539500E-004,1.09328e+01,9.45549e+00
1.539800E-004,1.09328e+01,9.45549e+00
1.540100E-004,1.09328e+01,9.45549e+00
1.540400E-004,1.09328e+01,9.45549e+00
1.540700E-004,1.05308e+01,9.45549e+00
1.541000E-004,1.09328e+01,9.45549e+00
1.541300E-004,1.09328e+01,9.65649e+00
1.541600E-004,1.09328e+01,9.45549e+00
1.541900E-004,1.05308e+01,9.45549e+00
1.542200E-004,1.09328e+01,9.45549e+00
1.542500E-004,1.09328e+01,9.45549e+00
1.542800E-004,1.09328e+01,9.45549e+00
1.543100E-004,1.09328e+01,9.45549e+00
1.543400E-004,1.09328e+01,9.45549e+00
1.543700E-004,1.09328e+01,9.45549e+00
1.544000E-004,1.09328e+01,9.45549e+00
1.544300E-004,1.09328e+01,9.45549e+00
1.544600E-004,1.09328e+01,9.45549e+00
1.544900E-004,1.09328e+01,9.45549e+00
1.545200E-004,1.09328e+01,9.45549e+00
1.545500E-004,1.09328e+01,9.45549e+00
1.545800E-004,1.09328e+01,9.45549e+00
1.546100E-004,1.09328e+01,9.45549e+00
1.546400E-004,1.05308e+01,9.45549e+00
1.546700E-004,1.09328e+01,9.45549e+00
1.547000E-004,1.09328e+01,9.45549e+00
1.547300E-004,1.09328e+01,9.45549e+00
1.547600E-004,1.09328e+01,9.45549e+00
1.547900E-004,1.09328e+01,9.45549e+00
1.548200E-004,1.09328e+01,9.65649e+00
1.548500E-004,1.09328e+01,9.65649e+00
1.548800E-004,1.09328e+01,9.45549e+00
1.549100E-004,1.09328e+01,9.45549e+00
1.549400E-004,1.05308e+01,9.65649e+00
1.549700E-004,1.05308e+01,9.45549e+00
1.550000E-004,1.09328e+01,9.45549e+00
1.550300E-004,1.05308e+01,9.45549e+00
1.550600E-004,1.09328e+01,9.45549e+00
1.550900E-004,1.09328e+01,9.45549e+00
1.551200E-004,1.09328e+01,9.45549e+00
1.551500E-004,1.09328e+01,9.65649e+00
1.551800E-004,1.09328e+01,9.45549e+00
1.552100E-004,1.09328e+01,9.45549e+00
1.552400E-004,1.09328e+01,9.45549e+00
1.552700E-004,1.09328e+01,9.45549e+00
1.553000E-004,1.05308e+01,9.65649e+00
1.553300E-004,1.13348e+01,9.45549e+00
1.553600E-004,1.09328e+01,9.45549e+00
1.553900E-004,1.09328e+01,9.45549e+00
1.554200E-004,1.09328e+01,9.45549e+00
1.554500E-004,1.09328e+01,9.45549e+00
1.554800E-004,1.09328e+01,9.45549e+00
1.555100E-004,1.09328e+01,9.45549e+00
1.555400E-004,1.09328e+01,9.65649e+00
1.555700E-004,1.09328e+01,9.65649e+00
1.556000E-004,1.09328e+01,9.45549e+00
1.556300E-004,1.09328e+01,9.45549e+00
1.556600E-004,1.09328e+01,9.25448e+00
1.556900E-004,1.09328e+01,9.45549e+00
1.557200E-004,1.05308e+01,9.45549e+00
1.557500E-004,1.09328e+01,9.65649e+00
1.557800E-004,1.09328e+01,9.45549e+00
1.558100E-004,1.09328e+01,9.25448e+00
1.558400E-004,1.05308e+01,9.45549e+00
1.558700E-004,1.09328e+01,9.45549e+00
1.559000E-004,1.09328e+01,9.45549e+00
1.559300E-004,1.09328e+01,9.45549e+00
1.559600E-004,1.09328e+01,9.45549e+00
1.559900E-004,1.05308e+01,9.45549e+00
1.560200E-004,1.09328e+01,9.45549e+00
1.560500E-004,1.09328e+01,9.65649e+00
1.560800E-004,1.09328e+01,9.45549e+00
1.561100E-004,1.09328e+01,9.45549e+00
1.561400E-004,1.09328e+01,9.45549e+00
1.561700E-004,1.09328e+01,9.25448e+00
1.562000E-004,1.09328e+01,9.45549e+00
1.562300E-004,1.09328e+01,9.45549e+00
1.562600E-004,1.09328e+01,9.45549e+00
1.562900E-004,1.09328e+01,9.45549e+00
1.563200E-004,1.09328e+01,9.45549e+00
1.563500E-004,1.09328e+01,9.65649e+00
1.563800E-004,1.05308e+01,9.45549e+00
1.564100E-004,1.09328e+01,9.45549e+00
1.564400E-004,1.09328e+01,9.45549e+00
1.564700E-004,1.05308e+01,9.45549e+00
1.565000E-004,1.09328e+01,9.45549e+00
1.565300E-004,1.09328e+01,9.45549e+00
1.565600E-004,1.09328e+01,9.45549e+00
1.565900E-004,1.05308e+01,9.65649e+00
1.566200E-004,1.09328e+01,9.45549e+00
1.566500E-004,1.09328e+01,9.45549e+00
1.566800E-004,1.05308e+01,9.45549e+00
1.567100E-004,1.05308e+01,9.45549e+00
1.567400E-004,1.05308e+01,9.65649e+00
1.567700E-004,1.09328e+01,9.45549e+00
1.568000E-004,1.05308e+01,9.45549e+00
1.568300E-004,1.13348e+01,9.45549e+00
1.568600E-004,1.09328e+01,9.25448e+00
1.568900E-004,1.09328e+01,9.45549e+00
1.569200E-004,1.09328e+01,9.45549e+00
1.569500E-004,1.05308e+01,9.45549e+00
1.569800E-004,1.09328e+01,9.45549e+00
1.570100E-004,1.05308e+01,9.65649e+00
1.570400E-004,1.05308e+01,9.45549e+00
1.570700E-004,1.05308e+01,9.45549e+00
1.571000E-004,1.09328e+01,9.45549e+00
1.571300E-004,1.05308e+01,9.25448e+00
1.571600E-004,1.05308e+01,9.45549e+00
1.571900E-004,1.05308e+01,9.45549e+00
1.572200E-004,1.05308e+01,9.45549e+00
1.572500E-004,1.05308e+01,9.25448e+00
1.572800E-004,1.09328e+01,9.45549e+00
1.573100E-004,1.05308e+01,9.45549e+00
1.573400E-004,1.05308e+01,9.25448e+00
1.573700E-004,1.05308e+01,9.45549e+00
1.574000E-004,1.01287e+01,9.45549e+00
1.574300E-004,1.05308e+01,9.45549e+00
1.574600E-004,1.01287e+01,9.45549e+00
1.574900E-004,1.05308e+01,9.45549e+00
1.575200E-004,1.05308e+01,9.25448e+00
1.575500E-004,1.05308e+01,9.25448e+00
1.575800E-004,1.01287e+01,9.25448e+00
1.576100E-004,1.01287e+01,9.25448e+00
1.576400E-004,1.01287e+01,9.25448e+00
1.576700E-004,1.01287e+01,9.45549e+00
1.577000E-004,1.01287e+01,9.25448e+00
1.577300E-004,1.05308e+01,9.25448e+00
1.577600E-004,9.72673e+00,9.25448e+00
1.577900E-004,1.01287e+01,9.25448e+00
1.578200E-004,1.01287e+01,9.45549e+00
1.578500E-004,9.72673e+00,9.25448e+00
1.578800E-004,9.72673e+00,9.05348e+00
1.579100E-004,9.72673e+00,9.25448e+00
1.579400E-004,9.72673e+00,9.25448e+00
1.579700E-004,9.72673e+00,9.25448e+00
1.580000E-004,9.72673e+00,9.25448e+00
1.580300E-004,9.32472e+00,9.25448e+00
1.580600E-004,9.72673e+00,9.25448e+00
1.580900E-004,9.72673e+00,9.25448e+00
1.581200E-004,9.32472e+00,9.25448e+00
1.581500E-004,9.32472e+00,9.25448e+00
1.581800E-004,9.32472e+00,9.25448e+00
1.582100E-004,9.32472e+00,9.25448e+00
1.582400E-004,9.32472e+00,9.25448e+00
1.582700E-004,8.92271e+00,9.25448e+00
1.583000E-004,8.92271e+00,9.05348e+00
1.583300E-004,9.32472e+00,9.05348e+00
1.583600E-004,9.32472e+00,9.25448e+00
1.583900E-004,8.92271e+00,9.25448e+00
1.584200E-004,8.92271e+00,9.25448e+00
1.584500E-004,8.92271e+00,9.05348e+00
1.584800E-004,8.92271e+00,9.05348e+00
1.585100E-004,8.92271e+00,9.05348e+00
1.585400E-004,8.52070e+00,9.25448e+00
1.585700E-004,8.52070e+00,9.25448e+00
1.586000E-004,8.92271e+00,9.05348e+00
1.586300E-004,8.92271e+00,9.05348e+00
1.586600E-004,8.52070e+00,9.05348e+00
1.586900E-004,8.11869e+00,9.05348e+00
1.587200E-004,8.11869e+00,9.05348e+00
1.587500E-004,8.11869e+00,9.25448e+00
1.587800E-004,8.52070e+00,9.25448e+00
1.588100E-004,8.52070e+00,9.05348e+00
1.588400E-004,8.11869e+00,9.05348e+00
1.588700E-004,8.52070e+00,8.85247e+00
1.589000E-004,8.11869e+00,9.05348e+00
1.589300E-004,7.71668e+00,9.05348e+00
1.589600E-004,7.71668e+00,8.85247e+00
1.589900E-004,7.71668e+00,8.85247e+00
1.590200E-004,7.71668e+00,8.85247e+00
1.590500E-004,7.71668e+00,8.85247e+00
1.590800E-004,7.71668e+00,8.85247e+00
1.591100E-004,7.31467e+00,8.85247e+00
1.591400E-004,7.71668e+00,8.85247e+00
1.591700E-004,7.31467e+00,8.85247e+00
1.592000E-004,7.31467e+00,8.85247e+00
1.592300E-004,7.31467e+00,8.85247e+00
1.592600E-004,6.91266e+00,8.85247e+00
1.592900E-004,7.31467e+00,8.65147e+00
1.593200E-004,6.91266e+00,8.85247e+00
1.593500E-004,6.91266e+00,8.65147e+00
1.593800E-004,6.91266e+00,8.65147e+00
1.594100E-004,6.91266e+00,8.65147e+00
1.594400E-004,6.91266e+00,8.85247e+00
1.594700E-004,6.91266e+00,8.65147e+00
1.595000E-004,6.51065e+00,8.45046e+00
1.595300E-004,6.51065e+00,8.65147e+00
1.595600E-004,6.10864e+00,8.65147e+00
1.595900E-004,6.51065e+00,8.45046e+00
1.596200E-004,6.10864e+00,8.65147e+00
1.596500E-004,6.10864e+00,8.45046e+00
1.596800E-004,6.10864e+00,8.45046e+00
1.597100E-004,5.70663e+00,8.45046e+00
1.597400E-004,6.10864e+00,8.45046e+00
1.597700E-004,5.70663e+00,8.65147e+00
1.598000E-004,5.70663e+00,8.24946e+00
1.598300E-004,5.70663e+00,8.45046e+00
1.598600E-004,5.70663e+00,8.24946e+00
1.598900E-004,5.70663e+00,8.45046e+00
1.599200E-004,5.70663e+00,8.04845e+00
1.599500E-004,5.30462e+00,8.24946e+00
1.599800E-004,5.30462e+00,8.24946e+00
1.600100E-004,4.90261e+00,8.24946e+00
1.600400E-004,5.30462e+00,8.04845e+00
1.600700E-004,5.30462e+00,8.24946e+00
1.601000E-004,5.30462e+00,8.04845e+00
1.601300E-004,4.90261e+00,8.04845e+00
1.601600E-004,4.90261e+00,8.04845e+00
1.601900E-004,4.90261e+00,7.84745e+00
1.602200E-004,4.90261e+00,7.84745e+00
1.602500E-004,4.50060e+00,8.04845e+00
1.602800E-004,4.09859e+00,8.04845e+00
1.603100E-004,4.50060e+00,8.04845e+00
1.603400E-004,4.50060e+00,8.04845e+00
1.603700E-004,4.09859e+00,7.64644e+00
1.604000E-004,4.09859e+00,7.84745e+00
1.604300E-004,3.69658e+00,7.84745e+00
1.604600E-004,4.50060e+00,7.84745e+00
1.604900E-004,3.69658e+00,7.84745e+00
1.605200E-004,3.69658e+00,7.64644e+00
1.605500E-004,3.69658e+00,7.44544e+00
1.605800E-004,4.09859e+00,7.64644e+00
1.606100E-004,3.69658e+00,7.84745e+00
1.606400E-004,3.69658e+00,7.64644e+00
1.606700E-004,3.69658e+00,7.44544e+00
1.607000E-004,3.29457e+00,7.44544e+00
1.607300E-004,2.89256e+00,7.64644e+00
1.607600E-004,3.29457e+00,7.44544e+00
1.607900E-004,2.89256e+00,7.44544e+00
1.608200E-004,2.89256e+00,7.44544e+00
1.608500E-004,2.89256e+00,7.24443e+00
1.608800E-004,2.89256e+00,7.24443e+00
1.609100E-004,2.89256e+00,7.04342e+00
1.609400E-004,2.49055e+00,7.24443e+00
1.609700E-004,2.89256e+00,7.24443e+00
1.610000E-004,2.49055e+00,7.24443e+00
1.610300E-004,2.49055e+00,7.04342e+00
1.610600E-004,2.49055e+00,7.24443e+00
1.610900E-004,2.49055e+00,7.04342e+00
1.611200E-004,2.08854e+00,7.04342e+00
1.611500E-004,2.08854e+00,7.04342e+00
1.611800E-004,1.68653e+00,7.04342e+00
1.612100E-004,2.08854e+00,6.84242e+00
1.612400E-004,1.68653e+00,7.04342e+00
1.612700E-004,1.68653e+00,7.04342e+00
1.613000E-004,1.68653e+00,6.84242e+00
1.613300E-004,1.68653e+00,6.84242e+00
1.613600E-004,1.28452e+00,6.84242e+00
1.613900E-004,1.28452e+00,6.84242e+00
1.614200E-004,1.28452e+00,6.64141e+00
1.614500E-004,1.28452e+00,6.64141e+00
1.614800E-004,8.82511e-01,6.64141e+00
1.615100E-004,8.82511e-01,6.64141e+00
1.615400E-004,8.82511e-01,6.64141e+00
1.615700E-004,8.82511e-01,6.44041e+00
1.616000E-004,8.82511e-01,6.44041e+00
1.616300E-004,4.80501e-01,6.44041e+00
1.616600E-004,4.80501e-01,6.44041e+00
1.616900E-004,4.80501e-01,6.23940e+00
1.617200E-004,4.80501e-01,6.44041e+00
1.617500E-004,4.80501e-01,6.23940e+00
1.617800E-004,7.84912e-02,6.03840e+00
1.618100E-004,7.84912e-02,6.03840e+00
1.618400E-004,7.84912e-02,6.23940e+00
1.618700E-004,7.84912e-02,6.03840e+00
1.619000E-004,7.84912e-02,6.03840e+00
1.619300E-004,-3.23519e-01,6.03840e+00
1.619600E-004,-3.23519e-01,6.03840e+00
1.619900E-004,-3.23519e-01,5.83739e+00
1.620200E-004,-7.25529e-01,5.83739e+00
1.620500E-004,-3.23519e-01,5.83739e+00
1.620800E-004,-7.25529e-01,5.63639e+00
1.621100E-004,-1.12754e+00,5.83739e+00
1.621400E-004,-7.25529e-01,5.63639e+00
1.621700E-004,-7.25529e-01,5.63639e+00
1.622000E-004,-7.25529e-01,5.63639e+00
1.622300E-004,-1.12754e+00,5.63639e+00
1.622600E-004,-1.12754e+00,5.43538e+00
1.622900E-004,-1.52955e+00,5.43538e+00
1.623200E-004,-1.12754e+00,5.63639e+00
1.623500E-004,-1.12754e+00,5.23438e+00
1.623800E-004,-1.52955e+00,5.23438e+00
1.624100E-004,-1.12754e+00,5.43538e+00
1.624400E-004,-1.93156e+00,5.43538e+00
1.624700E-004,-1.93156e+00,5.23438e+00
1.625000E-004,-1.52955e+00,5.23438e+00
1.625300E-004,-1.93156e+00,5.23438e+00
1.625600E-004,-1.93156e+00,5.23438e+00
1.625900E-004,-1.93156e+00,5.03337e+00
1.626200E-004,-1.93156e+00,5.23438e+00
1.626500E-004,-2.33357e+00,5.03337e+00
1.626800E-004,-1.93156e+00,5.03337e+00
1.627100E-004,-2.33357e+00,4.83237e+00
1.627400E-004,-2.33357e+00,4.83237e+00
1.627700E-004,-2.33357e+00,4.63136e+00
1.628000E-004,-2.73558e+00,4.83237e+00
1.628300E-004,-2.73558e+00,4.63136e+00
1.628600E-004,-2.73558e+00,4.63136e+00
1.628900E-004,-2.33357e+00,4.43036e+00
1.629200E-004,-2.33357e+00,4.63136e+00
1.629500E-004,-3.13759e+00,4.63136e+00
1.629800E-004,-3.13759e+00,4.43036e+00
1.630100E-004,-3.13759e+00,4.43036e+00
1.630400E-004,-3.13759e+00,4.43036e+00
1.630700E-004,-3.13759e+00,4.22935e+00
1.631000E-004,-3.13759e+00,4.22935e+00
1.631300E-004,-3.53960e+00,4.22935e+00
1.631600E-004,-3.13759e+00,4.22935e+00
1.631900E-004,-3.53960e+00,4.22935e+00
1.632200E-004,-3.53960e+00,4.02835e+00
1.632500E-004,-3.53960e+00,4.02835e+00
1.632800E-004,-3.53960e+00,4.02835e+00
1.633100E-004,-3.94161e+00,4.02835e+00
1.633400E-004,-3.53960e+00,4.02835e+00
1.633700E-004,-3.94161e+00,3.82734e+00
1.634000E-004,-3.94161e+00,3.82734e+00
1.634300E-004,-3.94161e+00,3.82734e+00
1.634600E-004,-4.34362e+00,3.82734e+00
1.634900E-004,-4.34362e+00,3.82734e+00
1.635200E-004,-3.94161e+00,3.62634e+00
1.635500E-004,-4.34362e+00,3.62634e+00
1.635800E-004,-4.34362e+00,3.82734e+00
1.636100E-004,-4.74563e+00,3.62634e+00
1.636400E-004,-4.74563e+00,3.62634e+00
1.636700E-004,-4.34362e+00,3.42533e+00
1.637000E-004,-4.34362e+00,3.42533e+00
1.637300E-004,-4.74563e+00,3.22433e+00
1.637600E-004,-4.74563e+00,3.22433e+00
1.637900E-004,-4.74563e+00,3.22433e+00
1.638200E-004,-4.74563e+00,3.02332e+00
1.638500E-004,-4.74563e+00,3.22433e+00
1.638800E-004,-4.74563e+00,3.02332e+00
1.639100E-004,-5.14764e+00,3.02332e+00
1.639400E-004,-5.14764e+00,3.02332e+00
1.639700E-004,-4.74563e+00,3.02332e+00
1.640000E-004,-5.14764e+00,3.02332e+00
1.640300E-004,-5.14764e+00,2.82232e+00
1.640600E-004,-5.14764e+00,2.82232e+00
1.640900E-004,-4.74563e+00,2.82232e+00
1.641200E-004,-5.14764e+00,2.82232e+00
1.641500E-004,-5.54965e+00,2.82232e+00
1.641800E-004,-5.54965e+00,2.62131e+00
1.642100E-004,-5.54965e+00,2.62131e+00
1.642400E-004,-5.54965e+00,2.62131e+00
1.642700E-004,-5.95166e+00,2.42031e+00
1.643000E-004,-5.95166e+00,2.42031e+00
1.643300E-004,-5.95166e+00,2.42031e+00
1.643600E-004,-5.95166e+00,2.42031e+00
1.643900E-004,-6.35367e+00,2.42031e+00
1.644200E-004,-5.95166e+00,2.21930e+00
1.644500E-004,-5.95166e+00,2.42031e+00
1.644800E-004,-6.35367e+00,2.21930e+00
1.645100E-004,-5.95166e+00,2.21930e+00
1.645400E-004,-6.35367e+00,2.01830e+00
1.645700E-004,-5.95166e+00,2.01830e+00
1.646000E-004,-6.35367e+00,2.01830e+00
1.646300E-004,-6.35367e+00,2.01830e+00
1.646600E-004,-6.35367e+00,2.01830e+00
1.646900E-004,-6.35367e+00,2.01830e+00
1.647200E-004,-6.35367e+00,2.01830e+00
1.647500E-004,-6.35367e+00,1.81729e+00
1.647800E-004,-6.35367e+00,1.81729e+00
1.648100E-004,-6.35367e+00,1.81729e+00
1.648400E-004,-6.75568e+00,1.61629e+00
1.648700E-004,-6.75568e+00,1.81729e+00
1.649000E-004,-6.75568e+00,1.61629e+00
1.649300E-004,-6.75568e+00,1.41528e+00
1.649600E-004,-6.75568e+00,1.41528e+00
1.649900E-004,-6.75568e+00,1.61629e+00
1.650200E-004,-7.15769e+00,1.41528e+00
1.650500E-004,-6.75568e+00,1.61629e+00
1.650800E-004,-6.75568e+00,1.61629e+00
1.651100E-004,-6.75568e+00,1.21428e+00
1.651400E-004,-6.75568e+00,1.21428e+00
1.651700E-004,-6.75568e+00,1.41528e+00
1.652000E-004,-7.15769e+00,1.21428e+00
1.652300E-004,-7.15769e+00,1.21428e+00
1.652600E-004,-7.15769e+00,1.21428e+00
1.652900E-004,-7.15769e+00,1.21428e+00
1.653200E-004,-6.75568e+00,8.12269e-01
1.653500E-004,-6.75568e+00,1.01327e+00
1.653800E-004,-7.15769e+00,1.01327e+00
1.654100E-004,-7.55970e+00,1.01327e+00
1.654400E-004,-7.55970e+00,8.12269e-01
1.654700E-004,-7.15769e+00,8.12269e-01
1.655000E-004,-7.55970e+00,6.11264e-01
1.655300E-004,-7.15769e+00,6.11264e-01
1.655600E-004,-7.55970e+00,8.12269e-01
1.655900E-004,-7.15769e+00,6.11264e-01
1.656200E-004,-7.15769e+00,6.11264e-01
1.656500E-004,-7.55970e+00,6.11264e-01
1.656800E-004,-7.55970e+00,4.10259e-01
1.657100E-004,-7.55970e+00,6.11264e-01
1.657400E-004,-7.55970e+00,4.10259e-01
1.657700E-004,-7.55970e+00,4.10259e-01
1.658000E-004,-7.55970e+00,4.10259e-01
1.658300E-004,-7.55970e+00,4.10259e-01
1.658600E-004,-7.96171e+00,2.09254e-01
1.658900E-004,-7.96171e+00,2.09254e-01
1.659200E-004,-7.55970e+00,8.24928e-03
1.659500E-004,-7.96171e+00,2.09254e-01
1.659800E-004,-7.55970e+00,8.24928e-03
1.660100E-004,-7.96171e+00,8.24928e-03
1.660400E-004,-7.96171e+00,8.24928e-03
1.660700E-004,-7.55970e+00,8.24928e-03
1.661000E-004,-7.55970e+00,8.24928e-03
1.661300E-004,-7.55970e+00,-1.92756e-01
1.661600E-004,-7.96171e+00,8.24928e-03
1.661900E-004,-7.96171e+00,8.24928e-03
1.662200E-004,-7.96171e+00,8.24928e-03
1.662500E-004,-7.96171e+00,-1.92756e-01
1.662800E-004,-7.96171e+00,-3.93761e-01
1.663100E-004,-7.96171e+00,-3.93761e-01
1.663400E-004,-7.96171e+00,-3.93761e-01
1.663700E-004,-7.96171e+00,-1.92756e-01
1.664000E-004,-7.96171e+00,-5.94766e-01
1.664300E-004,-7.96171e+00,-5.94766e-01
1.664600E-004,-8.36372e+00,-3.93761e-01
1.664900E-004,-7.55970e+00,-5.94766e-01
1.665200E-004,-7.96171e+00,-3.93761e-01
1.665500E-004,-7.96171e+00,-7.95772e-01
1.665800E-004,-7.96171e+00,-7.95772e-01
1.666100E-004,-7.96171e+00,-5.94766e-01
1.666400E-004,-7.96171e+00,-7.95772e-01
1.666700E-004,-8.36372e+00,-7.95772e-01
1.667000E-004,-8.36372e+00,-7.95772e-01
1.667300E-004,-7.96171e+00,-7.95772e-01
1.667600E-004,-7.96171e+00,-7.95772e-01
1.667900E-004,-7.96171e+00,-9.96777e-01
1.668200E-004,-7.96171e+00,-7.95772e-01
1.668500E-004,-7.96171e+00,-9.96777e-01
1.668800E-004,-7.96171e+00,-9.96777e-01
1.669100E-004,-8.36372e+00,-7.95772e-01
1.669400E-004,-8.36372e+00,-9.96777e-01
1.669700E-004,-8.36372e+00,-1.19778e+00
1.670000E-004,-8.36372e+00,-1.19778e+00
1.670300E-004,-7.96171e+00,-1.19778e+00
1.670600E-004,-8.36372e+00,-9.96777e-01
1.670900E-004,-8.36372e+00,-1.19778e+00
1.671200E-004,-8.36372e+00,-1.19778e+00
1.671500E-004,-8.36372e+00,-1.19778e+00
1.671800E-004,-8.36372e+00,-1.19778e+00
1.672100E-004,-7.96171e+00,-1.39879e+00
1.672400E-004,-8.36372e+00,-1.39879e+00
1.672700E-004,-8.36372e+00,-1.39879e+00
1.673000E-004,-7.96171e+00,-1.39879e+00
1.673300E-004,-8.36372e+00,-1.39879e+00
1.673600E-004,-8.36372e+00,-1.59979e+00
1.673900E-004,-7.96171e+00,-1.39879e+00
1.674200E-004,-7.96171e+00,-1.59979e+00
1.674500E-004,-8.36372e+00,-1.59979e+00
1.674800E-004,-8.36372e+00,-1.39879e+00
1.675100E-004,-8.36372e+00,-1.59979e+00
1.675400E-004,-8.36372e+00,-1.59979e+00
1.675700E-004,-7.96171e+00,-1.59979e+00
1.676000E-004,-7.96171e+00,-1.59979e+00
1.676300E-004,-7.96171e+00,-1.59979e+00
1.676600E-004,-8.36372e+00,-1.80080e+00
1.676900E-004,-7.96171e+00,-1.80080e+00
1.677200E-004,-7.96171e+00,-2.00180e+00
1.677500E-004,-7.96171e+00,-2.00180e+00
1.677800E-004,-8.36372e+00,-1.80080e+00
1.678100E-004,-8.36372e+00,-2.00180e+00
1.678400E-004,-7.96171e+00,-1.80080e+00
1.678700E-004,-7.96171e+00,-1.80080e+00
1.679000E-004,-7.96171e+00,-2.00180e+00
1.679300E-004,-7.96171e+00,-2.00180e+00
1.679600E-004,-7.96171e+00,-2.20281e+00
1.679900E-004,-7.96171e+00,-2.20281e+00
1.680200E-004,-7.96171e+00,-2.20281e+00
1.680500E-004,-7.96171e+00,-2.20281e+00
1.680800E-004,-7.96171e+00,-2.20281e+00
1.681100E-004,-7.96171e+00,-2.20281e+00
1.681400E-004,-7.96171e+00,-2.20281e+00
1.681700E-004,-7.55970e+00,-2.20281e+00
1.682000E-004,-7.96171e+00,-2.20281e+00
1.682300E-004,-7.55970e+00,-2.20281e+00
1.682600E-004,-7.96171e+00,-2.40381e+00
1.682900E-004,-7.96171e+00,-2.20281e+00
1.683200E-004,-7.96171e+00,-2.40381e+00
1.683500E-004,-7.96171e+00,-2.40381e+00
1.683800E-004,-7.96171e+00,-2.40381e+00
1.684100E-004,-7.96171e+00,-2.40381e+00
1.684400E-004,-7.96171e+00,-2.40381e+00
1.684700E-004,-7.96171e+00,-2.40381e+00
1.685000E-004,-7.96171e+00,-2.40381e+00
1.685300E-004,-7.96171e+00,-2.40381e+00
1.685600E-004,-7.96171e+00,-2.40381e+00
1.685900E-004,-7.55970e+00,-2.60482e+00
1.686200E-004,-7.96171e+00,-2.60482e+00
1.686500E-004,-7.55970e+00,-2.60482e+00
1.686800E-004,-7.96171e+00,-2.60482e+00
1.687100E-004,-7.55970e+00,-2.60482e+00
1.687400E-004,-7.96171e+00,-2.60482e+00
1.687700E-004,-7.55970e+00,-2.60482e+00
1.688000E-004,-7.55970e+00,-2.80582e+00
1.688300E-004,-7.96171e+00,-2.60482e+00
1.688600E-004,-7.55970e+00,-2.60482e+00
1.688900E-004,-7.55970e+00,-2.80582e+00
1.689200E-004,-7.55970e+00,-2.80582e+00
1.689500E-004,-7.55970e+00,-2.80582e+00
1.689800E-004,-7.55970e+00,-2.80582e+00
1.690100E-004,-7.55970e+00,-2.60482e+00
1.690400E-004,-7.96171e+00,-2.60482e+00
1.690700E-004,-7.55970e+00,-2.80582e+00
1.691000E-004,-7.55970e+00,-2.80582e+00
1.691300E-004,-7.96171e+00,-2.80582e+00
1.691600E-004,-7.55970e+00,-2.80582e+00
1.691900E-004,-7.55970e+00,-2.80582e+00
1.692200E-004,-7.55970e+00,-2.80582e+00
1.692500E-004,-7.15769e+00,-3.00683e+00
1.692800E-004,-7.15769e+00,-2.80582e+00
1.693100E-004,-7.55970e+00,-2.80582e+00
1.693400E-004,-7.15769e+00,-3.00683e+00
1.693700E-004,-7.15769e+00,-3.20783e+00
1.694000E-004,-7.15769e+00,-3.00683e+00
1.694300E-004,-7.15769e+00,-3.00683e+00
1.694600E-004,-7.15769e+00,-3.00683e+00
1.694900E-004,-7.15769e+00,-3.00683e+00
1.695200E-004,-7.15769e+00,-3.20783e+00
1.695500E-004,-7.15769e+00,-3.00683e+00
1.695800E-004,-7.15769e+00,-3.00683e+00
1.696100E-004,-7.55970e+00,-3.20783e+00
1.696400E-004,-7.15769e+00,-3.20783e+00
1.696700E-004,-7.15769e+00,-3.20783e+00
1.697000E-004,-7.15769e+00,-3.00683e+00
1.697300E-004,-6.75568e+00,-3.20783e+00
1.697600E-004,-7.15769e+00,-3.20783e+00
1.697900E-004,-7.15769e+00,-3.20783e+00
1.698200E-004,-6.75568e+00,-3.20783e+00
1.698500E-004,-7.15769e+00,-3.20783e+00
1.698800E-004,-7.15769e+00,-3.20783e+00
1.699100E-004,-7.15769e+00,-3.20783e+00
1.699400E-004,-6.75568e+00,-3.40884e+00
1.699700E-004,-6.75568e+00,-3.20783e+00
1.700000E-004,-7.15769e+00,-3.20783e+00
1.700300E-004,-7.15769e+00,-3.40884e+00
1.700600E-004,-6.75568e+00,-3.20783e+00
1.700900E-004,-6.75568e+00,-3.40884e+00
1.701200E-004,-7.15769e+00,-3.40884e+00
1.701500E-004,-7.15769e+00,-3.40884e+00
1.701800E-004,-7.15769e+00,-3.40884e+00
1.702100E-004,-6.75568e+00,-3.40884e+00
1.702400E-004,-6.75568e+00,-3.40884e+00
1.702700E-004,-7.15769e+00,-3.20783e+00
1.703000E-004,-6.35367e+00,-3.40884e+00
1.703300E-004,-6.75568e+00,-3.40884e+00
1.703600E-004,-6.75568e+00,-3.40884e+00
1.703900E-004,-6.35367e+00,-3.40884e+00
1.704200E-004,-6.75568e+00,-3.40884e+00
1.704500E-004,-6.75568e+00,-3.60984e+00
1.704800E-004,-6.75568e+00,-3.40884e+00
1.705100E-004,-6.75568e+00,-3.40884e+00
1.705400E-004,-6.35367e+00,-3.40884e+00
1.705700E-004,-6.35367e+00,-3.40884e+00
1.706000E-004,-6.35367e+00,-3.40884e+00
1.706300E-004,-6.75568e+00,-3.60984e+00
1.706600E-004,-6.35367e+00,-3.40884e+00
1.706900E-004,-6.35367e+00,-3.40884e+00
1.707200E-004,-6.35367e+00,-3.60984e+00
1.707500E-004,-6.35367e+00,-3.60984e+00
1.707800E-004,-6.35367e+00,-3.60984e+00
1.708100E-004,-5.95166e+00,-3.60984e+00
1.708400E-004,-5.95166e+00,-3.60984e+00
1.708700E-004,-6.35367e+00,-3.60984e+00
1.709000E-004,-5.95166e+00,-3.60984e+00
1.709300E-004,-6.35367e+00,-3.60984e+00
1.709600E-004,-5.95166e+00,-3.60984e+00
1.709900E-004,-6.35367e+00,-3.60984e+00
1.710200E-004,-5.95166e+00,-3.60984e+00
1.710500E-004,-5.95166e+00,-3.60984e+00
1.710800E-004,-5.95166e+00,-3.60984e+00
1.711100E-004,-5.95166e+00,-3.60984e+00
1.711400E-004,-6.35367e+00,-3.81085e+00
1.711700E-004,-5.95166e+00,-3.60984e+00
1.712000E-004,-5.95166e+00,-3.60984e+00
1.712300E-004,-5.95166e+00,-3.60984e+00
1.712600E-004,-6.35367e+00,-3.60984e+00
1.712900E-004,-6.35367e+00,-3.81085e+00
1.713200E-004,-5.95166e+00,-3.60984e+00
1.713500E-004,-5.95166e+00,-3.60984e+00
1.713800E-004,-5.95166e+00,-3.60984e+00
1.714100E-004,-5.95166e+00,-3.60984e+00
1.714400E-004,-5.95166e+00,-3.81085e+00
1.714700E-004,-5.95166e+00,-3.40884e+00
1.715000E-004,-5.95166e+00,-3.81085e+00
1.715300E-004,-5.95166e+00,-3.81085e+00
1.715600E-004,-5.54965e+00,-3.81085e+00
1.715900E-004,-5.54965e+00,-3.81085e+00
1.716200E-004,-5.95166e+00,-3.81085e+00
1.716500E-004,-5.54965e+00,-3.81085e+00
1.716800E-004,-5.95166e+00,-3.81085e+00
1.717100E-004,-5.54965e+00,-3.81085e+00
1.717400E-004,-5.54965e+00,-3.60984e+00
1.717700E-004,-5.54965e+00,-3.81085e+00
1.718000E-004,-5.14764e+00,-3.60984e+00
1.718300E-004,-5.54965e+00,-3.81085e+00
1.718600E-004,-5.95166e+00,-3.81085e+00
1.718900E-004,-5.54965e+00,-3.81085e+00
1.719200E-004,-5.54965e+00,-3.81085e+00
1.719500E-004,-5.54965e+00,-3.60984e+00
1.719800E-004,-5.54965e+00,-3.81085e+00
1.720100E-004,-5.54965e+00,-4.01185e+00
1.720400E-004,-5.54965e+00,-3.60984e+00
1.720700E-004,-5.54965e+00,-3.81085e+00
1.721000E-004,-5.54965e+00,-3.60984e+00
1.721300E-004,-5.14764e+00,-3.81085e+00
1.721600E-004,-5.54965e+00,-3.81085e+00
1.721900E-004,-5.54965e+00,-3.60984e+00
1.722200E-004,-5.54965e+00,-3.81085e+00
1.722500E-004,-5.54965e+00,-3.60984e+00
1.722800E-004,-5.14764e+00,-3.60984e+00
1.723100E-004,-5.14764e+00,-3.81085e+00
1.723400E-004,-5.54965e+00,-3.81085e+00
1.723700E-004,-5.54965e+00,-3.81085e+00
1.724000E-004,-5.54965e+00,-3.81085e+00
1.724300E-004,-5.54965e+00,-3.81085e+00
1.724600E-004,-5.54965e+00,-3.60984e+00
1.724900E-004,-5.14764e+00,-3.81085e+00
1.725200E-004,-5.14764e+00,-4.01185e+00
1.725500E-004,-5.14764e+00,-3.81085e+00
1.725800E-004,-5.14764e+00,-3.81085e+00
1.726100E-004,-4.74563e+00,-3.81085e+00
1.726400E-004,-5.14764e+00,-3.81085e+00
1.726700E-004,-5.14764e+00,-3.60984e+00
1.727000E-004,-5.14764e+00,-3.81085e+00
1.727300E-004,-5.14764e+00,-3.81085e+00
1.727600E-004,-5.14764e+00,-3.81085e+00
1.727900E-004,-5.14764e+00,-3.60984e+00
1.728200E-004,-5.14764e+00,-3.81085e+00
1.728500E-004,-4.74563e+00,-3.81085e+00
1.728800E-004,-4.74563e+00,-3.81085e+00
1.729100E-004,-5.14764e+00,-3.81085e+00
1.729400E-004,-5.14764e+00,-3.81085e+00
1.729700E-004,-4.74563e+00,-3.81085e+00
1.730000E-004,-5.14764e+00,-3.81085e+00
1.730300E-004,-5.14764e+00,-3.81085e+00
1.730600E-004,-5.14764e+00,-3.81085e+00
1.730900E-004,-5.14764e+00,-3.81085e+00
1.731200E-004,-5.14764e+00,-4.01185e+00
1.731500E-004,-4.74563e+00,-3.81085e+00
1.731800E-004,-5.14764e+00,-3.81085e+00
1.732100E-004,-5.14764e+00,-3.81085e+00
1.732400E-004,-4.74563e+00,-3.81085e+00
1.732700E-004,-4.74563e+00,-3.81085e+00
1.733000E-004,-4.74563e+00,-3.81085e+00
1.733300E-004,-4.74563e+00,-3.81085e+00
1.733600E-004,-5.14764e+00,-3.81085e+00
1.733900E-004,-4.74563e+00,-3.81085e+00
1.734200E-004,-5.14764e+00,-3.81085e+00
1.734500E-004,-4.74563e+00,-3.81085e+00
1.734800E-004,-4.74563e+00,-3.81085e+00
1.735100E-004,-4.74563e+00,-3.81085e+00
1.735400E-004,-5.14764e+00,-3.81085e+00
1.735700E-004,-4.74563e+00,-3.81085e+00
1.736000E-004,-4.74563e+00,-3.81085e+00
1.736300E-004,-5.14764e+00,-3.81085e+00
1.736600E-004,-5.14764e+00,-3.81085e+00
1.736900E-004,-4.74563e+00,-3.81085e+00
1.737200E-004,-4.74563e+00,-3.81085e+00
1.737500E-004,-4.74563e+00,-4.01185e+00
1.737800E-004,-5.14764e+00,-3.81085e+00
1.738100E-004,-5.14764e+00,-3.81085e+00
1.738400E-004,-4.74563e+00,-3.81085e+00
1.738700E-004,-5.14764e+00,-4.01185e+00
1.739000E-004,-4.74563e+00,-3.81085e+00
1.739300E-004,-4.74563e+00,-3.81085e+00
1.739600E-004,-4.74563e+00,-3.60984e+00
1.739900E-004,-4.74563e+00,-3.81085e+00
1.740200E-004,-4.74563e+00,-3.81085e+00
1.740500E-004,-4.74563e+00,-3.81085e+00
1.740800E-004,-5.14764e+00,-4.01185e+00
1.741100E-004,-5.14764e+00,-3.81085e+00
1.741400E-004,-5.14764e+00,-3.81085e+00
1.741700E-004,-4.74563e+00,-3.81085e+00
1.742000E-004,-4.74563e+00,-3.81085e+00
1.742300E-004,-4.74563e+00,-3.81085e+00
1.742600E-004,-4.74563e+00,-3.81085e+00
1.742900E-004,-4.74563e+00,-4.01185e+00
1.743200E-004,-4.74563e+00,-3.81085e+00
1.743500E-004,-5.14764e+00,-3.81085e+00
1.743800E-004,-4.74563e+00,-3.81085e+00
1.744100E-004,-4.74563e+00,-3.60984e+00
1.744400E-004,-5.14764e+00,-3.81085e+00
1.744700E-004,-4.74563e+00,-3.81085e+00
1.745000E-004,-5.14764e+00,-3.81085e+00
1.745300E-004,-4.74563e+00,-4.01185e+00
1.745600E-004,-4.74563e+00,-3.81085e+00
1.745900E-004,-5.14764e+00,-3.81085e+00
1.746200E-004,-5.14764e+00,-3.81085e+00
1.746500E-004,-4.74563e+00,-3.81085e+00
1.746800E-004,-4.74563e+00,-3.81085e+00
1.747100E-004,-4.74563e+00,-3.81085e+00
1.747400E-004,-5.14764e+00,-3.81085e+00
1.747700E-004,-5.14764e+00,-3.81085e+00
1.748000E-004,-4.74563e+00,-3.60984e+00
1.748300E-004,-4.74563e+00,-3.81085e+00
1.748600E-004,-5.14764e+00,-3.81085e+00
1.748900E-004,-4.74563e+00,-4.01185e+00
1.749200E-004,-5.14764e+00,-4.01185e+00
1.749500E-004,-5.14764e+00,-3.81085e+00
1.749800E-004,-5.14764e+00,-4.01185e+00
1.750100E-004,-4.74563e+00,-3.81085e+00
1.750400E-004,-4.74563e+00,-4.01185e+00
1.750700E-004,-5.14764e+00,-3.81085e+00
1.751000E-004,-5.14764e+00,-3.81085e+00
1.751300E-004,-5.14764e+00,-3.81085e+00
1.751600E-004,-5.14764e+00,-4.01185e+00
1.751900E-004,-5.14764e+00,-3.81085e+00
1.752200E-004,-4.74563e+00,-3.81085e+00
1.752500E-004,-4.74563e+00,-3.81085e+00
1.752800E-004,-5.14764e+00,-3.81085e+00
1.753100E-004,-5.14764e+00,-3.81085e+00
1.753400E-004,-4.74563e+00,-3.81085e+00
1.753700E-004,-4.74563e+00,-3.81085e+00
1.754000E-004,-5.14764e+00,-3.81085e+00
1.754300E-004,-4.74563e+00,-4.01185e+00
1.754600E-004,-4.74563e+00,-3.81085e+00
1.754900E-004,-5.14764e+00,-4.01185e+00
1.755200E-004,-5.14764e+00,-4.01185e+00
1.755500E-004,-5.14764e+00,-3.81085e+00
1.755800E-004,-5.54965e+00,-3.81085e+00
1.756100E-004,-5.14764e+00,-4.01185e+00
1.756400E-004,-5.14764e+00,-3.81085e+00
1.756700E-004,-5.14764e+00,-4.01185e+00
1.757000E-004,-5.14764e+00,-4.01185e+00
1.757300E-004,-5.14764e+00,-4.01185e+00
1.757600E-004,-4.74563e+00,-4.01185e+00
1.757900E-004,-5.14764e+00,-4.01185e+00
1.758200E-004,-5.14764e+00,-3.81085e+00
1.758500E-004,-5.54965e+00,-3.81085e+00
1.758800E-004,-5.14764e+00,-3.81085e+00
1.759100E-004,-5.54965e+00,-4.01185e+00
1.759400E-004,-5.54965e+00,-4.01185e+00
1.759700E-004,-5.14764e+00,-4.01185e+00
1.760000E-004,-5.54965e+00,-4.01185e+00
1.760300E-004,-5.54965e+00,-4.01185e+00
1.760600E-004,-5.54965e+00,-3.81085e+00
1.760900E-004,-5.14764e+00,-4.01185e+00
1.761200E-004,-5.54965e+00,-4.01185e+00
1.761500E-004,-5.54965e+00,-4.01185e+00
1.761800E-004,-5.54965e+00,-3.81085e+00
1.762100E-004,-5.54965e+00,-4.01185e+00
1.762400E-004,-5.54965e+00,-4.01185e+00
1.762700E-004,-5.54965e+00,-3.81085e+00
1.763000E-004,-5.54965e+00,-4.01185e+00
1.763300E-004,-5.54965e+00,-3.81085e+00
1.763600E-004,-5.14764e+00,-3.81085e+00
1.763900E-004,-5.54965e+00,-4.21286e+00
1.764200E-004,-5.54965e+00,-4.01185e+00
1.764500E-004,-5.54965e+00,-4.01185e+00
1.764800E-004,-5.54965e+00,-4.01185e+00
1.765100E-004,-5.54965e+00,-4.01185e+00
1.765400E-004,-5.54965e+00,-4.21286e+00
1.765700E-004,-5.54965e+00,-4.01185e+00
1.766000E-004,-5.54965e+00,-4.01185e+00
1.766300E-004,-5.54965e+00,-4.01185e+00
1.766600E-004,-5.54965e+00,-4.01185e+00
1.766900E-004,-5.54965e+00,-4.01185e+00
1.767200E-004,-5.54965e+00,-4.21286e+00
1.767500E-004,-5.54965e+00,-4.01185e+00
1.767800E-004,-5.54965e+00,-4.01185e+00
1.768100E-004,-5.54965e+00,-4.21286e+00
1.768400E-004,-5.54965e+00,-4.01185e+00
1.768700E-004,-5.54965e+00,-4.01185e+00
1.769000E-004,-5.95166e+00,-4.01185e+00
1.769300E-004,-5.54965e+00,-4.01185e+00
1.769600E-004,-5.95166e+00,-4.01185e+00
1.769900E-004,-5.95166e+00,-4.01185e+00
1.770200E-004,-5.54965e+00,-4.21286e+00
1.770500E-004,-5.54965e+00,-4.01185e+00
1.770800E-004,-5.95166e+00,-4.21286e+00
1.771100E-004,-5.95166e+00,-4.21286e+00
1.771400E-004,-5.95166e+00,-4.21286e+00
1.771700E-004,-5.95166e+00,-4.21286e+00
1.772000E-004,-5.95166e+00,-4.21286e+00
1.772300E-004,-5.95166e+00,-4.21286e+00
1.772600E-004,-5.95166e+00,-4.01185e+00
1.772900E-004,-5.54965e+00,-4.21286e+00
1.773200E-004,-5.95166e+00,-4.21286e+00
1.773500E-004,-5.95166e+00,-4.21286e+00
1.773800E-004,-5.95166e+00,-4.01185e+00
1.774100E-004,-5.54965e+00,-4.21286e+00
1.774400E-004,-5.95166e+00,-4.21286e+00
1.774700E-004,-5.95166e+00,-4.21286e+00
1.775000E-004,-5.95166e+00,-4.21286e+00
1.775300E-004,-5.95166e+00,-4.21286e+00
1.775600E-004,-6.35367e+00,-4.01185e+00
1.775900E-004,-5.95166e+00,-4.21286e+00
1.776200E-004,-6.35367e+00,-4.21286e+00
1.776500E-004,-6.35367e+00,-4.21286e+00
1.776800E-004,-6.35367e+00,-4.21286e+00
1.777100E-004,-5.95166e+00,-4.41386e+00
1.777400E-004,-6.35367e+00,-4.21286e+00
1.777700E-004,-6.35367e+00,-4.21286e+00
1.778000E-004,-5.95166e+00,-4.21286e+00
1.778300E-004,-6.35367e+00,-4.21286e+00
1.778600E-004,-6.35367e+00,-4.41386e+00
1.778900E-004,-6.35367e+00,-4.41386e+00
1.779200E-004,-5.95166e+00,-4.41386e+00
1.779500E-004,-6.35367e+00,-4.21286e+00
1.779800E-004,-6.35367e+00,-4.21286e+00
1.780100E-004,-6.75568e+00,-4.21286e+00
1.780400E-004,-6.75568e+00,-4.41386e+00
1.780700E-004,-6.35367e+00,-4.41386e+00
1.781000E-004,-6.75568e+00,-4.41386e+00
1.781300E-004,-6.35367e+00,-4.21286e+00
1.781600E-004,-6.35367e+00,-4.41386e+00
1.781900E-004,-6.75568e+00,-4.41386e+00
1.782200E-004,-6.75568e+00,-4.21286e+00
1.782500E-004,-6.75568e+00,-4.41386e+00
1.782800E-004,-6.75568e+00,-4.41386e+00
1.783100E-004,-6.75568e+00,-4.41386e+00
1.783400E-004,-6.75568e+00,-4.41386e+00
1.783700E-004,-6.75568e+00,-4.41386e+00
1.784000E-004,-6.75568e+00,-4.41386e+00
1.784300E-004,-7.15769e+00,-4.41386e+00
1.784600E-004,-6.75568e+00,-4.41386e+00
1.784900E-004,-6.75568e+00,-4.61487e+00
1.785200E-004,-6.75568e+00,-4.41386e+00
1.785500E-004,-6.75568e+00,-4.41386e+00
1.785800E-004,-7.15769e+00,-4.41386e+00
1.786100E-004,-6.75568e+00,-4.41386e+00
1.786400E-004,-7.15769e+00,-4.41386e+00
1.786700E-004,-7.15769e+00,-4.61487e+00
1.787000E-004,-7.15769e+00,-4.61487e+00
1.787300E-004,-6.75568e+00,-4.61487e+00
1.787600E-004,-7.15769e+00,-4.41386e+00
1.787900E-004,-7.15769e+00,-4.41386e+00
1.788200E-004,-7.15769e+00,-4.61487e+00
1.788500E-004,-7.15769e+00,-4.61487e+00
1.788800E-004,-7.15769e+00,-4.61487e+00
1.789100E-004,-7.15769e+00,-4.61487e+00
1.789400E-004,-7.15769e+00,-4.61487e+00
1.789700E-004,-7.55970e+00,-4.41386e+00
1.790000E-004,-7.55970e+00,-4.61487e+00
1.790300E-004,-7.15769e+00,-4.81587e+00
1.790600E-004,-7.55970e+00,-4.61487e+00
1.790900E-004,-7.15769e+00,-4.41386e+00
1.791200E-004,-7.55970e+00,-4.61487e+00
1.791500E-004,-7.55970e+00,-4.81587e+00
1.791800E-004,-7.55970e+00,-4.61487e+00
1.792100E-004,-7.55970e+00,-4.81587e+00
1.792400E-004,-7.15769e+00,-4.81587e+00
1.792700E-004,-7.55970e+00,-4.61487e+00
1.793000E-004,-7.55970e+00,-4.61487e+00
1.793300E-004,-7.96171e+00,-4.81587e+00
1.793600E-004,-7.55970e+00,-4.81587e+00
1.793900E-004,-7.15769e+00,-4.81587e+00
1.794200E-004,-7.96171e+00,-4.81587e+00
1.794500E-004,-7.55970e+00,-4.81587e+00
1.794800E-004,-7.96171e+00,-5.01688e+00
1.795100E-004,-7.55970e+00,-4.81587e+00
1.795400E-004,-7.96171e+00,-4.61487e+00
1.795700E-004,-7.55970e+00,-4.81587e+00
1.796000E-004,-7.55970e+00,-4.81587e+00
1.796300E-004,-7.55970e+00,-5.01688e+00
1.796600E-004,-7.96171e+00,-4.81587e+00
1.796900E-004,-7.15769e+00,-4.81587e+00
1.797200E-004,-7.55970e+00,-4.81587e+00
1.797500E-004,-7.55970e+00,-4.81587e+00
1.797800E-004,-7.96171e+00,-4.81587e+00
1.798100E-004,-7.55970e+00,-4.81587e+00
1.798400E-004,-7.96171e+00,-4.81587e+00
1.798700E-004,-7.96171e+00,-4.81587e+00
1.799000E-004,-7.55970e+00,-5.01688e+00
1.799300E-004,-7.96171e+00,-4.61487e+00
1.799600E-004,-7.96171e+00,-5.21788e+00
1.799900E-004,-7.96171e+00,-5.01688e+00
1.800200E-004,-7.96171e+00,-5.01688e+00
1.800500E-004,-7.96171e+00,-5.01688e+00
1.800800E-004,-7.96171e+00,-5.01688e+00
1.801100E-004,-7.96171e+00,-5.21788e+00
1.801400E-004,-8.36372e+00,-5.01688e+00
1.801700E-004,-7.96171e+00,-5.01688e+00
1.802000E-004,-8.36372e+00,-5.01688e+00
1.802300E-004,-7.96171e+00,-4.81587e+00
1.802600E-004,-7.96171e+00,-5.01688e+00
1.802900E-004,-8.36372e+00,-5.01688e+00
1.803200E-004,-7.96171e+00,-5.01688e+00
1.803500E-004,-8.36372e+00,-5.01688e+00
1.803800E-004,-7.96171e+00,-5.01688e+00
1.804100E-004,-8.36372e+00,-5.01688e+00
1.804400E-004,-8.76573e+00,-5.21788e+00
1.804700E-004,-7.96171e+00,-5.21788e+00
1.805000E-004,-7.96171e+00,-5.01688e+00
1.805300E-004,-7.96171e+00,-5.21788e+00
1.805600E-004,-8.36372e+00,-5.01688e+00
1.805900E-004,-8.36372e+00,-5.21788e+00
1.806200E-004,-8.36372e+00,-5.21788e+00
1.806500E-004,-7.96171e+00,-5.21788e+00
1.806800E-004,-8.36372e+00,-5.21788e+00
1.807100E-004,-8.36372e+00,-5.21788e+00
1.807400E-004,-8.76573e+00,-5.21788e+00
1.807700E-004,-8.36372e+00,-5.41889e+00
1.808000E-004,-8.76573e+00,-5.41889e+00
1.808300E-004,-8.76573e+00,-5.21788e+00
1.808600E-004,-8.76573e+00,-5.21788e+00
1.808900E-004,-8.76573e+00,-5.21788e+00
1.809200E-004,-8.76573e+00,-5.21788e+00
1.809500E-004,-9.16774e+00,-5.41889e+00
1.809800E-004,-8.76573e+00,-5.21788e+00
1.810100E-004,-9.16774e+00,-5.41889e+00
1.810400E-004,-8.76573e+00,-5.21788e+00
1.810700E-004,-8.76573e+00,-5.21788e+00
1.811000E-004,-8.76573e+00,-5.21788e+00
1.811300E-004,-8.36372e+00,-5.41889e+00
1.811600E-004,-9.16774e+00,-5.61989e+00
1.811900E-004,-9.16774e+00,-5.41889e+00
1.812200E-004,-9.16774e+00,-5.61989e+00
1.812500E-004,-9.16774e+00,-5.41889e+00
1.812800E-004,-9.16774e+00,-5.41889e+00
1.813100E-004,-8.76573e+00,-5.61989e+00
1.813400E-004,-8.76573e+00,-5.61989e+00
1.813700E-004,-8.76573e+00,-5.61989e+00
1.814000E-004,-9.16774e+00,-5.41889e+00
1.814300E-004,-8.76573e+00,-5.41889e+00
1.814600E-004,-9.16774e+00,-5.61989e+00
1.814900E-004,-8.76573e+00,-5.41889e+00
1.815200E-004,-9.16774e+00,-5.61989e+00
1.815500E-004,-8.76573e+00,-5.61989e+00
1.815800E-004,-8.76573e+00,-5.61989e+00
1.816100E-004,-9.16774e+00,-5.61989e+00
1.816400E-004,-9.16774e+00,-5.82090e+00
1.816700E-004,-9.16774e+00,-5.61989e+00
1.817000E-004,-8.76573e+00,-5.82090e+00
1.817300E-004,-9.16774e+00,-5.61989e+00
1.817600E-004,-9.16774e+00,-5.61989e+00
1.817900E-004,-9.16774e+00,-5.82090e+00
1.818200E-004,-9.16774e+00,-5.61989e+00
1.818500E-004,-9.16774e+00,-5.82090e+00
1.818800E-004,-9.16774e+00,-5.61989e+00
1.819100E-004,-9.56975e+00,-5.82090e+00
1.819400E-004,-9.56975e+00,-5.61989e+00
1.819700E-004,-9.16774e+00,-5.61989e+00
1.820000E-004,-9.16774e+00,-5.82090e+00
1.820300E-004,-9.16774e+00,-5.82090e+00
1.820600E-004,-9.56975e+00,-5.82090e+00
1.820900E-004,-9.16774e+00,-5.82090e+00
1.821200E-004,-9.16774e+00,-6.02190e+00
1.821500E-004,-9.16774e+00,-5.82090e+00
1.821800E-004,-9.16774e+00,-5.82090e+00
1.822100E-004,-9.16774e+00,-6.02190e+00
1.822400E-004,-9.16774e+00,-5.82090e+00
1.822700E-004,-9.16774e+00,-5.82090e+00
1.823000E-004,-9.16774e+00,-5.82090e+00
1.823300E-004,-9.56975e+00,-6.02190e+00
1.823600E-004,-9.16774e+00,-5.82090e+00
1.823900E-004,-9.56975e+00,-6.02190e+00
1.824200E-004,-9.56975e+00,-5.82090e+00
1.824500E-004,-9.56975e+00,-5.82090e+00
1.824800E-004,-9.56975e+00,-6.02190e+00
1.825100E-004,-9.56975e+00,-6.02190e+00
1.825400E-004,-9.56975e+00,-6.02190e+00
1.825700E-004,-9.16774e+00,-6.02190e+00
1.826000E-004,-9.56975e+00,-6.02190e+00
1.826300E-004,-9.16774e+00,-6.02190e+00
1.826600E-004,-9.56975e+00,-6.02190e+00
1.826900E-004,-9.56975e+00,-6.02190e+00
1.827200E-004,-9.56975e+00,-6.02190e+00
1.827500E-004,-9.56975e+00,-6.22291e+00
1.827800E-004,-9.56975e+00,-6.22291e+00
1.828100E-004,-9.56975e+00,-6.22291e+00
1.828400E-004,-9.56975e+00,-6.02190e+00
1.828700E-004,-9.56975e+00,-6.22291e+00
1.829000E-004,-9.56975e+00,-6.22291e+00
1.829300E-004,-9.56975e+00,-6.22291e+00
1.829600E-004,-9.56975e+00,-6.22291e+00
1.829900E-004,-9.56975e+00,-6.22291e+00
1.830200E-004,-9.56975e+00,-6.22291e+00
1.830500E-004,-9.56975e+00,-6.22291e+00
1.830800E-004,-9.97176e+00,-6.42391e+00
1.831100E-004,-9.97176e+00,-6.22291e+00
1.831400E-004,-9.56975e+00,-6.22291e+00
1.831700E-004,-9.56975e+00,-6.22291e+00
1.832000E-004,-9.97176e+00,-6.22291e+00
1.832300E-004,-9.56975e+00,-6.42391e+00
1.832600E-004,-9.97176e+00,-6.42391e+00
1.832900E-004,-9.56975e+00,-6.42391e+00
1.833200E-004,-9.97176e+00,-6.22291e+00
1.833500E-004,-9.97176e+00,-6.22291e+00
1.833800E-004,-9.56975e+00,-6.42391e+00
1.834100E-004,-9.56975e+00,-6.42391e+00
1.834400E-004,-9.97176e+00,-6.42391e+00
1.834700E-004,-9.97176e+00,-6.42391e+00
1.835000E-004,-9.56975e+00,-6.42391e+00
1.835300E-004,-9.97176e+00,-6.42391e+00
1.835600E-004,-9.97176e+00,-6.42391e+00
1.835900E-004,-9.97176e+00,-6.42391e+00
1.836200E-004,-9.97176e+00,-6.42391e+00
1.836500E-004,-9.97176e+00,-6.22291e+00
1.836800E-004,-9.97176e+00,-6.42391e+00
1.837100E-004,-9.97176e+00,-6.42391e+00
1.837400E-004,-9.56975e+00,-6.22291e+00
1.837700E-004,-9.97176e+00,-6.42391e+00
1.838000E-004,-9.97176e+00,-6.42391e+00
1.838300E-004,-9.97176e+00,-6.42391e+00
1.838600E-004,-9.56975e+00,-6.42391e+00
1.838900E-004,-9.97176e+00,-6.42391e+00
1.839200E-004,-9.97176e+00,-6.42391e+00
1.839500E-004,-9.97176e+00,-6.42391e+00
1.839800E-004,-9.97176e+00,-6.62492e+00
1.840100E-004,-9.97176e+00,-6.62492e+00
1.840400E-004,-9.97176e+00,-6.42391e+00
1.840700E-004,-9.56975e+00,-6.62492e+00
1.841000E-004,-9.97176e+00,-6.42391e+00
1.841300E-004,-9.97176e+00,-6.62492e+00
1.841600E-004,-1.03738e+01,-6.82592e+00
1.841900E-004,-9.97176e+00,-6.62492e+00
1.842200E-004,-9.97176e+00,-6.62492e+00
1.842500E-004,-9.97176e+00,-6.62492e+00
1.842800E-004,-1.03738e+01,-6.82592e+00
1.843100E-004,-9.56975e+00,-6.82592e+00
1.843400E-004,-9.97176e+00,-6.62492e+00
1.843700E-004,-9.56975e+00,-6.42391e+00
1.844000E-004,-9.56975e+00,-6.62492e+00
1.844300E-004,-9.97176e+00,-6.82592e+00
1.844600E-004,-9.97176e+00,-6.62492e+00
1.844900E-004,-9.97176e+00,-6.82592e+00
1.845200E-004,-9.56975e+00,-6.82592e+00
1.845500E-004,-1.03738e+01,-6.82592e+00
1.845800E-004,-1.03738e+01,-6.82592e+00
1.846100E-004,-9.97176e+00,-6.82592e+00
1.846400E-004,-9.97176e+00,-6.62492e+00
1.846700E-004,-9.97176e+00,-6.82592e+00
1.847000E-004,-9.97176e+00,-6.82592e+00
1.847300E-004,-9.97176e+00,-6.82592e+00
1.847600E-004,-1.03738e+01,-6.62492e+00
1.847900E-004,-9.97176e+00,-7.02693e+00
1.848200E-004,-1.03738e+01,-7.02693e+00
1.848500E-004,-9.97176e+00,-6.82592e+00
1.848800E-004,-9.97176e+00,-6.82592e+00
1.849100E-004,-1.03738e+01,-6.82592e+00
1.849400E-004,-9.97176e+00,-6.82592e+00
1.849700E-004,-9.97176e+00,-6.82592e+00
1.850000E-004,-9.56975e+00,-6.82592e+00
1.850300E-004,-9.97176e+00,-6.82592e+00
1.850600E-004,-9.97176e+00,-7.02693e+00
1.850900E-004,-9.97176e+00,-7.02693e+00
1.851200E-004,-9.97176e+00,-6.82592e+00
1.851500E-004,-9.97176e+00,-7.02693e+00
1.851800E-004,-1.03738e+01,-6.82592e+00
1.852100E-004,-9.97176e+00,-6.82592e+00
1.852400E-004,-9.97176e+00,-7.02693e+00
1.852700E-004,-9.56975e+00,-7.02693e+00
1.853000E-004,-9.97176e+00,-6.82592e+00
1.853300E-004,-9.97176e+00,-7.02693e+00
1.853600E-004,-9.97176e+00,-7.02693e+00
1.853900E-004,-9.97176e+00,-7.02693e+00
1.854200E-004,-9.97176e+00,-7.02693e+00
1.854500E-004,-9.97176e+00,-7.02693e+00
1.854800E-004,-9.97176e+00,-7.02693e+00
1.855100E-004,-1.03738e+01,-7.02693e+00
1.855400E-004,-9.97176e+00,-7.02693e+00
1.855700E-004,-9.56975e+00,-7.02693e+00
1.856000E-004,-9.97176e+00,-7.02693e+00
1.856300E-004,-1.03738e+01,-7.02693e+00
1.856600E-004,-9.97176e+00,-6.82592e+00
1.856900E-004,-9.97176e+00,-7.02693e+00
1.857200E-004,-9.97176e+00,-7.02693e+00
1.857500E-004,-1.03738e+01,-7.02693e+00
1.857800E-004,-9.97176e+00,-7.02693e+00
1.858100E-004,-9.97176e+00,-7.22793e+00
1.858400E-004,-9.97176e+00,-7.02693e+00
1.858700E-004,-9.97176e+00,-7.02693e+00
1.859000E-004,-9.97176e+00,-7.02693e+00
1.859300E-004,-9.97176e+00,-7.22793e+00
1.859600E-004,-9.97176e+00,-7.02693e+00
1.859900E-004,-1.03738e+01,-7.02693e+00
1.860200E-004,-9.97176e+00,-7.02693e+00
1.860500E-004,-9.97176e+00,-7.22793e+00
1.860800E-004,-9.97176e+00,-7.02693e+00
1.861100E-004,-9.97176e+00,-7.02693e+00
1.861400E-004,-9.97176e+00,-7.42894e+00
1.861700E-004,-9.97176e+00,-7.22793e+00
1.862000E-004,-9.97176e+00,-7.02693e+00
1.862300E-004,-9.97176e+00,-7.02693e+00
1.862600E-004,-9.97176e+00,-7.42894e+00
1.862900E-004,-9.97176e+00,-7.22793e+00
1.863200E-004,-9.97176e+00,-7.22793e+00
1.863500E-004,-9.56975e+00,-7.02693e+00
1.863800E-004,-9.97176e+00,-7.22793e+00
1.864100E-004,-9.97176e+00,-7.22793e+00
1.864400E-004,-9.97176e+00,-7.22793e+00
1.864700E-004,-9.97176e+00,-7.22793e+00
1.865000E-004,-1.03738e+01,-7.22793e+00
1.865300E-004,-9.97176e+00,-7.02693e+00
1.865600E-004,-1.03738e+01,-7.22793e+00
1.865900E-004,-9.56975e+00,-7.42894e+00
1.866200E-004,-9.97176e+00,-7.02693e+00
1.866500E-004,-9.97176e+00,-7.22793e+00
1.866800E-004,-9.97176e+00,-7.22793e+00
1.867100E-004,-9.97176e+00,-7.22793e+00
1.867400E-004,-9.97176e+00,-7.22793e+00
1.867700E-004,-9.97176e+00,-7.22793e+00
1.868000E-004,-9.97176e+00,-7.22793e+00
1.868300E-004,-9.97176e+00,-7.22793e+00
1.868600E-004,-9.97176e+00,-7.22793e+00
1.868900E-004,-9.56975e+00,-7.42894e+00
1.869200E-004,-9.56975e+00,-7.22793e+00
1.869500E-004,-9.56975e+00,-7.42894e+00
1.869800E-004,-9.97176e+00,-7.22793e+00
1.870100E-004,-1.03738e+01,-7.22793e+00
1.870400E-004,-9.97176e+00,-7.42894e+00
1.870700E-004,-9.97176e+00,-7.62994e+00
1.871000E-004,-9.97176e+00,-7.42894e+00
1.871300E-004,-9.97176e+00,-7.42894e+00
1.871600E-004,-9.97176e+00,-7.22793e+00
1.871900E-004,-9.97176e+00,-7.22793e+00
1.872200E-004,-9.56975e+00,-7.42894e+00
1.872500E-004,-9.97176e+00,-7.42894e+00
1.872800E-004,-9.97176e+00,-7.42894e+00
1.873100E-004,-9.97176e+00,-7.42894e+00
1.873400E-004,-9.97176e+00,-7.22793e+00
1.873700E-004,-9.97176e+00,-7.42894e+00
1.874000E-004,-9.97176e+00,-7.42894e+00
1.874300E-004,-9.97176e+00,-7.42894e+00
1.874600E-004,-9.97176e+00,-7.42894e+00
1.874900E-004,-9.97176e+00,-7.22793e+00
1.875200E-004,-9.97176e+00,-7.42894e+00
1.875500E-004,-9.56975e+00,-7.42894e+00
1.875800E-004,-9.97176e+00,-7.62994e+00
1.876100E-004,-9.56975e+00,-7.22793e+00
1.876400E-004,-9.97176e+00,-7.62994e+00
1.876700E-004,-9.97176e+00,-7.62994e+00
1.877000E-004,-9.97176e+00,-7.42894e+00
1.877300E-004,-9.56975e+00,-7.42894e+00
1.877600E-004,-1.03738e+01,-7.42894e+00
1.877900E-004,-9.97176e+00,-7.42894e+00
1.878200E-004,-9.97176e+00,-7.42894e+00
1.878500E-004,-9.56975e+00,-7.62994e+00
1.878800E-004,-9.97176e+00,-7.42894e+00
1.879100E-004,-9.97176e+00,-7.42894e+00
1.879400E-004,-9.97176e+00,-7.42894e+00
1.879700E-004,-9.97176e+00,-7.42894e+00
1.880000E-004,-9.97176e+00,-7.42894e+00
1.880300E-004,-9.97176e+00,-7.42894e+00
1.880600E-004,-9.97176e+00,-7.42894e+00
1.880900E-004,-9.16774e+00,-7.62994e+00
1.881200E-004,-9.97176e+00,-7.42894e+00
1.881500E-004,-9.56975e+00,-7.62994e+00
1.881800E-004,-9.97176e+00,-7.42894e+00
1.882100E-004,-9.97176e+00,-7.62994e+00
1.882400E-004,-9.56975e+00,-7.42894e+00
1.882700E-004,-9.56975e+00,-7.42894e+00
1.883000E-004,-9.56975e+00,-7.62994e+00
1.883300E-004,-9.97176e+00,-7.42894e+00
1.883600E-004,-9.56975e+00,-7.42894e+00
1.883900E-004,-9.56975e+00,-7.62994e+00
1.884200E-004,-9.56975e+00,-7.42894e+00
1.884500E-004,-9.56975e+00,-7.62994e+00
1.884800E-004,-9.56975e+00,-7.62994e+00
1.885100E-004,-9.56975e+00,-7.62994e+00
1.885400E-004,-9.97176e+00,-7.42894e+00
1.885700E-004,-9.56975e+00,-7.62994e+00
1.886000E-004,-9.56975e+00,-7.42894e+00
1.886300E-004,-9.56975e+00,-7.42894e+00
1.886600E-004,-9.56975e+00,-7.62994e+00
1.886900E-004,-9.56975e+00,-7.62994e+00
1.887200E-004,-9.97176e+00,-7.62994e+00
1.887500E-004,-9.56975e+00,-7.62994e+00
1.887800E-004,-9.16774e+00,-7.62994e+00
1.888100E-004,-9.56975e+00,-7.62994e+00
1.888400E-004,-9.56975e+00,-7.62994e+00
1.888700E-004,-9.56975e+00,-7.62994e+00
1.889000E-004,-9.97176e+00,-7.62994e+00
1.889300E-004,-9.56975e+00,-7.62994e+00
1.889600E-004,-9.56975e+00,-7.62994e+00
1.889900E-004,-9.56975e+00,-7.62994e+00
1.890200E-004,-9.56975e+00,-7.62994e+00
1.890500E-004,-9.56975e+00,-7.62994e+00
1.890800E-004,-9.97176e+00,-7.42894e+00
1.891100E-004,-9.56975e+00,-7.62994e+00
1.891400E-004,-9.56975e+00,-7.62994e+00
1.891700E-004,-9.56975e+00,-7.42894e+00
1.892000E-004,-9.56975e+00,-7.62994e+00
1.892300E-004,-9.56975e+00,-7.62994e+00
1.892600E-004,-9.56975e+00,-7.42894e+00
1.892900E-004,-9.56975e+00,-7.62994e+00
1.893200E-004,-9.56975e+00,-7.42894e+00
1.893500E-004,-9.56975e+00,-7.42894e+00
1.893800E-004,-9.56975e+00,-7.62994e+00
1.894100E-004,-9.97176e+00,-7.62994e+00
1.894400E-004,-9.56975e+00,-7.62994e+00
1.894700E-004,-9.56975e+00,-7.62994e+00
1.895000E-004,-9.56975e+00,-7.62994e+00
1.895300E-004,-9.56975e+00,-7.62994e+00
1.895600E-004,-9.56975e+00,-7.62994e+00
1.895900E-004,-9.56975e+00,-7.62994e+00
1.896200E-004,-9.56975e+00,-7.62994e+00
1.896500E-004,-9.16774e+00,-7.62994e+00
1.896800E-004,-9.56975e+00,-7.42894e+00
1.897100E-004,-9.56975e+00,-7.62994e+00
1.897400E-004,-9.56975e+00,-7.62994e+00
1.897700E-004,-9.16774e+00,-7.62994e+00
1.898000E-004,-9.56975e+00,-7.62994e+00
1.898300E-004,-9.56975e+00,-7.62994e+00
1.898600E-004,-9.56975e+00,-7.62994e+00
1.898900E-004,-9.56975e+00,-7.62994e+00
1.899200E-004,-9.16774e+00,-7.62994e+00
1.899500E-004,-9.56975e+00,-7.62994e+00
1.899800E-004,-9.56975e+00,-7.62994e+00
1.900100E-004,-9.16774e+00,-7.62994e+00
1.900400E-004,-9.56975e+00,-7.83095e+00
1.900700E-004,-9.16774e+00,-7.62994e+00
1.901000E-004,-9.16774e+00,-7.62994e+00
1.901300E-004,-9.56975e+00,-7.62994e+00
1.901600E-004,-9.56975e+00,-7.62994e+00
1.901900E-004,-9.16774e+00,-7.62994e+00
1.902200E-004,-9.56975e+00,-7.62994e+00
1.902500E-004,-9.56975e+00,-7.62994e+00
1.902800E-004,-9.56975e+00,-7.62994e+00
1.903100E-004,-9.56975e+00,-7.62994e+00
1.903400E-004,-9.56975e+00,-7.62994e+00
1.903700E-004,-9.56975e+00,-7.83095e+00
1.904000E-004,-9.16774e+00,-7.83095e+00
1.904300E-004,-9.16774e+00,-7.83095e+00
1.904600E-004,-9.56975e+00,-7.83095e+00
1.904900E-004,-9.56975e+00,-7.83095e+00
1.905200E-004,-9.16774e+00,-7.62994e+00
1.905500E-004,-9.56975e+00,-7.62994e+00
1.905800E-004,-9.16774e+00,-7.62994e+00
1.906100E-004,-9.56975e+00,-7.62994e+00
1.906400E-004,-9.56975e+00,-7.62994e+00
1.906700E-004,-9.16774e+00,-7.62994e+00
1.907000E-004,-9.16774e+00,-7.62994e+00
1.907300E-004,-9.56975e+00,-7.62994e+00
1.907600E-004,-9.16774e+00,-7.83095e+00
1.907900E-004,-9.56975e+00,-7.62994e+00
1.908200E-004,-9.16774e+00,-7.83095e+00
1.908500E-004,-9.16774e+00,-7.62994e+00
1.908800E-004,-9.16774e+00,-7.62994e+00
1.909100E-004,-9.16774e+00,-7.83095e+00
1.909400E-004,-9.16774e+00,-7.62994e+00
1.909700E-004,-9.56975e+00,-7.62994e+00
1.910000E-004,-9.16774e+00,-7.62994e+00
1.910300E-004,-9.56975e+00,-7.62994e+00
1.910600E-004,-9.16774e+00,-7.83095e+00
1.910900E-004,-9.56975e+00,-7.62994e+00
1.911200E-004,-9.56975e+00,-7.62994e+00
1.911500E-004,-9.16774e+00,-7.62994e+00
1.911800E-004,-9.16774e+00,-7.62994e+00
1.912100E-004,-9.16774e+00,-7.83095e+00
1.912400E-004,-9.16774e+00,-7.62994e+00
1.912700E-004,-9.16774e+00,-7.62994e+00
1.913000E-004,-9.16774e+00,-7.83095e+00
1.913300E-004,-9.16774e+00,-7.83095e+00
1.913600E-004,-9.16774e+00,-7.62994e+00
1.913900E-004,-9.56975e+00,-7.62994e+00
1.914200E-004,-9.16774e+00,-7.62994e+00
1.914500E-004,-9.16774e+00,-7.62994e+00
1.914800E-004,-9.56975e+00,-7.62994e+00
1.915100E-004,-9.16774e+00,-7.62994e+00
1.915400E-004,-9.56975e+00,-7.62994e+00
1.915700E-004,-9.56975e+00,-7.83095e+00
1.916000E-004,-9.16774e+00,-7.62994e+00
1.916300E-004,-9.16774e+00,-7.42894e+00
1.916600E-004,-9.56975e+00,-7.83095e+00
1.916900E-004,-9.56975e+00,-7.62994e+00
1.917200E-004,-9.56975e+00,-7.62994e+00
1.917500E-004,-9.56975e+00,-7.62994e+00
1.917800E-004,-9.56975e+00,-7.62994e+00
1.918100E-004,-9.16774e+00,-7.62994e+00
1.918400E-004,-9.56975e+00,-7.83095e+00
1.918700E-004,-9.16774e+00,-7.62994e+00
1.919000E-004,-9.56975e+00,-7.62994e+00
1.919300E-004,-9.16774e+00,-7.62994e+00
1.919600E-004,-9.16774e+00,-7.62994e+00
1.919900E-004,-9.56975e+00,-7.83095e+00
1.920200E-004,-9.56975e+00,-7.62994e+00
1.920500E-004,-9.16774e+00,-7.62994e+00
1.920800E-004,-9.16774e+00,-7.62994e+00
1.921100E-004,-9.56975e+00,-7.62994e+00
1.921400E-004,-9.16774e+00,-7.62994e+00
1.921700E-004,-9.16774e+00,-7.62994e+00
1.922000E-004,-9.16774e+00,-7.83095e+00
1.922300E-004,-9.56975e+00,-7.62994e+00
1.922600E-004,-9.56975e+00,-7.62994e+00
1.922900E-004,-9.56975e+00,-7.62994e+00
1.923200E-004,-9.16774e+00,-7.83095e+00
1.923500E-004,-9.16774e+00,-7.62994e+00
1.923800E-004,-9.16774e+00,-7.83095e+00
1.924100E-004,-9.56975e+00,-7.83095e+00
1.924400E-004,-9.16774e+00,-7.83095e+00
1.924700E-004,-9.16774e+00,-7.62994e+00
1.925000E-004,-9.56975e+00,-7.62994e+00
1.925300E-004,-9.16774e+00,-7.83095e+00
1.925600E-004,-9.16774e+00,-7.83095e+00
1.925900E-004,-9.16774e+00,-7.62994e+00
1.926200E-004,-9.16774e+00,-7.83095e+00
1.926500E-004,-9.16774e+00,-7.83095e+00
1.926800E-004,-9.16774e+00,-7.62994e+00
1.927100E-004,-9.56975e+00,-7.62994e+00
1.927400E-004,-9.16774e+00,-7.62994e+00
1.927700E-004,-9.56975e+00,-7.62994e+00
1.928000E-004,-8.76573e+00,-7.83095e+00
1.928300E-004,-9.56975e+00,-7.83095e+00
1.928600E-004,-9.16774e+00,-7.62994e+00
1.928900E-004,-9.16774e+00,-7.83095e+00
1.929200E-004,-9.56975e+00,-7.83095e+00
1.929500E-004,-9.56975e+00,-7.83095e+00
1.929800E-004,-9.16774e+00,-7.62994e+00
1.930100E-004,-9.56975e+00,-7.62994e+00
1.930400E-004,-9.56975e+00,-7.62994e+00
1.930700E-004,-9.16774e+00,-7.42894e+00
1.931000E-004,-9.16774e+00,-7.83095e+00
1.931300E-004,-9.16774e+00,-7.83095e+00
1.931600E-004,-9.16774e+00,-7.83095e+00
1.931900E-004,-9.56975e+00,-7.83095e+00
1.932200E-004,-9.56975e+00,-7.83095e+00
1.932500E-004,-9.56975e+00,-7.62994e+00
1.932800E-004,-9.56975e+00,-7.83095e+00
1.933100E-004,-9.16774e+00,-7.83095e+00
1.933400E-004,-9.56975e+00,-7.83095e+00
1.933700E-004,-9.16774e+00,-7.62994e+00
1.934000E-004,-9.56975e+00,-7.83095e+00
1.934300E-004,-9.56975e+00,-7.83095e+00
1.934600E-004,-9.16774e+00,-7.83095e+00
1.934900E-004,-9.16774e+00,-7.62994e+00
1.935200E-004,-9.56975e+00,-7.83095e+00
1.935500E-004,-9.56975e+00,-7.83095e+00
1.935800E-004,-9.56975e+00,-7.83095e+00
1.936100E-004,-9.16774e+00,-7.83095e+00
1.936400E-004,-9.56975e+00,-7.83095e+00
1.936700E-004,-9.56975e+00,-7.83095e+00
1.937000E-004,-9.16774e+00,-7.83095e+00
1.937300E-004,-9.56975e+00,-7.83095e+00
1.937600E-004,-9.16774e+00,-7.83095e+00
1.937900E-004,-9.56975e+00,-7.83095e+00
1.938200E-004,-9.56975e+00,-7.62994e+00
1.938500E-004,-9.56975e+00,-7.62994e+00
1.938800E-004,-9.16774e+00,-7.62994e+00
1.939100E-004,-9.56975e+00,-7.83095e+00
1.939400E-004,-9.56975e+00,-7.83095e+00
1.939700E-004,-9.16774e+00,-7.62994e+00
1.940000E-004,-9.56975e+00,-7.83095e+00
1.940300E-004,-9.56975e+00,-7.62994e+00
1.940600E-004,-9.56975e+00,-7.83095e+00
1.940900E-004,-9.56975e+00,-7.83095e+00
1.941200E-004,-9.56975e+00,-7.83095e+00
1.941500E-004,-9.56975e+00,-7.83095e+00
1.941800E-004,-9.97176e+00,-7.83095e+00
1.942100E-004,-9.16774e+00,-7.83095e+00
1.942400E-004,-9.56975e+00,-7.83095e+00
1.942700E-004,-9.56975e+00,-7.83095e+00
1.943000E-004,-9.56975e+00,-7.62994e+00
1.943300E-004,-9.56975e+00,-7.83095e+00
1.943600E-004,-9.56975e+00,-7.62994e+00
1.943900E-004,-9.16774e+00,-7.83095e+00
1.944200E-004,-9.56975e+00,-7.83095e+00
1.944500E-004,-9.56975e+00,-7.83095e+00
1.944800E-004,-9.56975e+00,-7.83095e+00
1.945100E-004,-9.56975e+00,-7.83095e+00
1.945400E-004,-9.56975e+00,-7.62994e+00
1.945700E-004,-9.56975e+00,-7.62994e+00
1.946000E-004,-9.56975e+00,-7.83095e+00
1.946300E-004,-9.56975e+00,-7.62994e+00
1.946600E-004,-9.97176e+00,-7.83095e+00
1.946900E-004,-9.97176e+00,-7.83095e+00
1.947200E-004,-9.56975e+00,-7.83095e+00
1.947500E-004,-9.56975e+00,-7.83095e+00
1.947800E-004,-9.56975e+00,-7.83095e+00
1.948100E-004,-9.56975e+00,-8.03195e+00
1.948400E-004,-9.16774e+00,-7.83095e+00
1.948700E-004,-9.56975e+00,-7.83095e+00
1.949000E-004,-9.16774e+00,-7.83095e+00
1.949300E-004,-9.56975e+00,-7.83095e+00
1.949600E-004,-9.56975e+00,-7.62994e+00
1.949900E-004,-9.56975e+00,-7.83095e+00
1.950200E-004,-9.97176e+00,-7.83095e+00
1.950500E-004,-9.56975e+00,-7.83095e+00
1.950800E-004,-9.56975e+00,-7.83095e+00
1.951100E-004,-9.56975e+00,-7.83095e+00
1.951400E-004,-9.56975e+00,-7.83095e+00
1.951700E-004,-9.56975e+00,-7.83095e+00
1.952000E-004,-9.56975e+00,-7.83095e+00
1.952300E-004,-9.16774e+00,-7.83095e+00
1.952600E-004,-9.16774e+00,-7.83095e+00
1.952900E-004,-9.56975e+00,-7.83095e+00
1.953200E-004,-9.97176e+00,-7.83095e+00
1.953500E-004,-9.56975e+00,-7.62994e+00
1.953800E-004,-9.56975e+00,-7.83095e+00
1.954100E-004,-9.56975e+00,-7.83095e+00
1.954400E-004,-9.56975e+00,-7.83095e+00
1.954700E-004,-9.56975e+00,-7.83095e+00
1.955000E-004,-9.56975e+00,-7.83095e+00
1.955300E-004,-9.56975e+00,-8.03195e+00
1.955600E-004,-9.56975e+00,-7.83095e+00
1.955900E-004,-9.56975e+00,-7.83095e+00
1.956200E-004,-9.56975e+00,-8.03195e+00
1.956500E-004,-9.56975e+00,-7.62994e+00
1.956800E-004,-9.97176e+00,-8.03195e+00
1.957100E-004,-9.97176e+00,-7.83095e+00
1.957400E-004,-9.16774e+00,-8.03195e+00
1.957700E-004,-9.56975e+00,-7.83095e+00
1.958000E-004,-9.56975e+00,-7.83095e+00
1.958300E-004,-9.97176e+00,-8.03195e+00
1.958600E-004,-9.97176e+00,-7.83095e+00
1.958900E-004,-9.56975e+00,-8.03195e+00
1.959200E-004,-9.56975e+00,-7.83095e+00
1.959500E-004,-9.97176e+00,-7.83095e+00
1.959800E-004,-9.97176e+00,-7.83095e+00
1.960100E-004,-9.56975e+00,-7.83095e+00
1.960400E-004,-9.56975e+00,-7.83095e+00
1.960700E-004,-9.97176e+00,-7.83095e+00
1.961000E-004,-9.56975e+00,-8.03195e+00
1.961300E-004,-9.97176e+00,-8.03195e+00
1.961600E-004,-9.97176e+00,-7.83095e+00
1.961900E-004,-9.97176e+00,-8.03195e+00
1.962200E-004,-9.97176e+00,-7.83095e+00
1.962500E-004,-9.97176e+00,-7.83095e+00
1.962800E-004,-9.97176e+00,-7.83095e+00
1.963100E-004,-9.97176e+00,-7.83095e+00
1.963400E-004,-9.56975e+00,-7.83095e+00
1.963700E-004,-9.97176e+00,-7.83095e+00
1.964000E-004,-9.56975e+00,-7.83095e+00
1.964300E-004,-9.97176e+00,-8.03195e+00
1.964600E-004,-9.97176e+00,-7.83095e+00
1.964900E-004,-9.97176e+00,-7.83095e+00
1.965200E-004,-9.56975e+00,-8.03195e+00
1.965500E-004,-9.97176e+00,-7.83095e+00
1.965800E-004,-9.97176e+00,-7.83095e+00
1.966100E-004,-9.97176e+00,-7.83095e+00
1.966400E-004,-9.97176e+00,-7.83095e+00
1.966700E-004,-9.56975e+00,-8.03195e+00
1.967000E-004,-9.97176e+00,-7.83095e+00
1.967300E-004,-9.97176e+00,-8.03195e+00
1.967600E-004,-9.97176e+00,-7.83095e+00
1.967900E-004,-9.97176e+00,-7.83095e+00
1.968200E-004,-9.97176e+00,-7.83095e+00
1.968500E-004,-9.97176e+00,-8.03195e+00
1.968800E-004,-9.56975e+00,-8.23296e+00
1.969100E-004,-9.97176e+00,-8.03195e+00
1.969400E-004,-9.97176e+00,-8.03195e+00
1.969700E-004,-9.97176e+00,-8.03195e+00
1.970000E-004,-9.97176e+00,-8.03195e+00
1.970300E-004,-9.97176e+00,-8.03195e+00
1.970600E-004,-1.03738e+01,-8.03195e+00
1.970900E-004,-9.97176e+00,-8.03195e+00
1.971200E-004,-9.97176e+00,-8.03195e+00
1.971500E-004,-1.03738e+01,-8.03195e+00
1.971800E-004,-9.97176e+00,-8.03195e+00
1.972100E-004,-1.03738e+01,-8.03195e+00
1.972400E-004,-9.97176e+00,-8.03195e+00
1.972700E-004,-9.97176e+00,-8.23296e+00
1.973000E-004,-9.97176e+00,-8.03195e+00
1.973300E-004,-9.97176e+00,-8.03195e+00
1.973600E-004,-1.03738e+01,-8.03195e+00
1.973900E-004,-9.97176e+00,-7.83095e+00
1.974200E-004,-1.03738e+01,-8.03195e+00
1.974500E-004,-9.97176e+00,-8.23296e+00
1.974800E-004,-9.97176e+00,-8.03195e+00
1.975100E-004,-9.97176e+00,-8.03195e+00
1.975400E-004,-9.97176e+00,-8.03195e+00
1.975700E-004,-9.56975e+00,-8.03195e+00
1.976000E-004,-9.97176e+00,-8.03195e+00
1.976300E-004,-9.97176e+00,-8.03195e+00
1.976600E-004,-1.03738e+01,-8.03195e+00
1.976900E-004,-1.03738e+01,-8.03195e+00
1.977200E-004,-1.03738e+01,-8.03195e+00
1.977500E-004,-1.03738e+01,-8.03195e+00
1.977800E-004,-1.03738e+01,-8.03195e+00
1.978100E-004,-9.97176e+00,-8.03195e+00
1.978400E-004,-9.97176e+00,-8.03195e+00
1.978700E-004,-9.97176e+00,-8.23296e+00
1.979000E-004,-1.03738e+01,-8.23296e+00
1.979300E-004,-1.03738e+01,-8.03195e+00
1.979600E-004,-9.97176e+00,-8.03195e+00
1.979900E-004,-1.03738e+01,-8.03195e+00
1.980200E-004,-9.97176e+00,-8.03195e+00
1.980500E-004,-1.03738e+01,-8.23296e+00
1.980800E-004,-1.03738e+01,-8.03195e+00
1.981100E-004,-1.03738e+01,-8.03195e+00
1.981400E-004,-9.97176e+00,-8.23296e+00
1.981700E-004,-1.03738e+01,-8.03195e+00
1.982000E-004,-1.03738e+01,-8.23296e+00
1.982300E-004,-9.97176e+00,-8.03195e+00
1.982600E-004,-1.03738e+01,-8.03195e+00
1.982900E-004,-1.03738e+01,-8.03195e+00
1.983200E-004,-1.03738e+01,-8.23296e+00
1.983500E-004,-9.97176e+00,-8.23296e+00
1.983800E-004,-1.03738e+01,-8.23296e+00
1.984100E-004,-9.97176e+00,-8.23296e+00
1.984400E-004,-1.03738e+01,-8.03195e+00
1.984700E-004,-9.97176e+00,-8.03195e+00
1.985000E-004,-1.03738e+01,-8.23296e+00
1.985300E-004,-9.97176e+00,-8.23296e+00
1.985600E-004,-9.97176e+00,-8.23296e+00
1.985900E-004,-1.07758e+01,-8.03195e+00
1.986200E-004,-1.03738e+01,-8.03195e+00
1.986500E-004,-9.97176e+00,-8.23296e+00
1.986800E-004,-1.03738e+01,-8.23296e+00
1.987100E-004,-1.03738e+01,-8.23296e+00
1.987400E-004,-1.03738e+01,-8.23296e+00
1.987700E-004,-1.03738e+01,-8.23296e+00
1.988000E-004,-1.03738e+01,-8.03195e+00
1.988300E-004,-1.03738e+01,-8.23296e+00
1.988600E-004,-9.97176e+00,-8.23296e+00
1.988900E-004,-1.03738e+01,-8.03195e+00
1.989200E-004,-1.03738e+01,-8.23296e+00
1.989500E-004,-1.03738e+01,-8.23296e+00
1.989800E-004,-1.03738e+01,-8.03195e+00
1.990100E-004,-1.03738e+01,-8.23296e+00
1.990400E-004,-1.03738e+01,-8.23296e+00
1.990700E-004,-1.03738e+01,-8.03195e+00
1.991000E-004,-1.03738e+01,-8.43396e+00
1.991300E-004,-1.07758e+01,-8.23296e+00
1.991600E-004,-9.97176e+00,-8.23296e+00
1.991900E-004,-1.03738e+01,-8.23296e+00
1.992200E-004,-1.03738e+01,-8.43396e+00
1.992500E-004,-1.07758e+01,-8.23296e+00
1.992800E-004,-1.07758e+01,-8.23296e+00
1.993100E-004,-9.97176e+00,-8.03195e+00
1.993400E-004,-1.07758e+01,-8.23296e+00
1.993700E-004,-1.03738e+01,-8.23296e+00
1.994000E-004,-1.03738e+01,-8.23296e+00
1.994300E-004,-1.03738e+01,-8.23296e+00
1.994600E-004,-1.03738e+01,-8.23296e+00
1.994900E-004,-1.07758e+01,-8.23296e+00
1.995200E-004,-1.03738e+01,-8.43396e+00
1.995500E-004,-1.07758e+01,-8.23296e+00
1.995800E-004,-1.03738e+01,-8.23296e+00
1.996100E-004,-1.07758e+01,-8.23296e+00
1.996400E-004,-1.07758e+01,-8.23296e+00
1.996700E-004,-1.03738e+01,-8.43396e+00
1.997000E-004,-1.03738e+01,-8.23296e+00
1.997300E-004,-1.03738e+01,-8.43396e+00
1.997600E-004,-1.03738e+01,-8.23296e+00
1.997900E-004,-1.03738e+01,-8.23296e+00
1.998200E-004,-1.07758e+01,-8.43396e+00
1.998500E-004,-1.07758e+01,-8.23296e+00
1.998800E-004,-1.07758e+01,-8.23296e+00
1.999100E-004,-1.03738e+01,-8.23296e+00
1.999400E-004,-1.03738e+01,-8.23296e+00
1.999700E-004,-1.07758e+01,-8.23296e+00
2.000000E-004,-1.07758e+01,-8.43396e+00
2.000300E-004,-1.07758e+01,-8.23296e+00
2.000600E-004,-1.07758e+01,-8.43396e+00
2.000900E-004,-9.97176e+00,-8.43396e+00
2.001200E-004,-1.07758e+01,-8.23296e+00
2.001500E-004,-1.03738e+01,-8.23296e+00
2.001800E-004,-1.07758e+01,-8.43396e+00
2.002100E-004,-1.07758e+01,-8.23296e+00
2.002400E-004,-1.07758e+01,-8.43396e+00
2.002700E-004,-1.07758e+01,-8.43396e+00
2.003000E-004,-1.07758e+01,-8.43396e+00
2.003300E-004,-1.07758e+01,-8.43396e+00
2.003600E-004,-1.07758e+01,-8.43396e+00
2.003900E-004,-1.07758e+01,-8.43396e+00
2.004200E-004,-1.07758e+01,-8.43396e+00
2.004500E-004,-1.07758e+01,-8.23296e+00
2.004800E-004,-1.07758e+01,-8.43396e+00
2.005100E-004,-1.07758e+01,-8.23296e+00
2.005400E-004,-1.07758e+01,-8.43396e+00
2.005700E-004,-1.03738e+01,-8.43396e+00
2.006000E-004,-1.03738e+01,-8.43396e+00
2.006300E-004,-1.03738e+01,-8.43396e+00
2.006600E-004,-1.07758e+01,-8.23296e+00
2.006900E-004,-1.03738e+01,-8.43396e+00
2.007200E-004,-1.03738e+01,-8.43396e+00
2.007500E-004,-1.07758e+01,-8.43396e+00
2.007800E-004,-1.07758e+01,-8.23296e+00
2.008100E-004,-1.03738e+01,-8.43396e+00
2.008400E-004,-1.03738e+01,-8.43396e+00
2.008700E-004,-1.07758e+01,-8.43396e+00
2.009000E-004,-1.07758e+01,-8.43396e+00
2.009300E-004,-1.03738e+01,-8.43396e+00
2.009600E-004,-1.07758e+01,-8.43396e+00
2.009900E-004,-1.03738e+01,-8.43396e+00
2.010200E-004,-1.07758e+01,-8.23296e+00
2.010500E-004,-1.07758e+01,-8.43396e+00
2.010800E-004,-1.07758e+01,-8.43396e+00
2.011100E-004,-1.07758e+01,-8.43396e+00
2.011400E-004,-1.07758e+01,-8.43396e+00
2.011700E-004,-1.07758e+01,-8.43396e+00
2.012000E-004,-1.07758e+01,-8.43396e+00
2.012300E-004,-1.03738e+01,-8.43396e+00
2.012600E-004,-1.03738e+01,-8.43396e+00
2.012900E-004,-1.07758e+01,-8.43396e+00
2.013200E-004,-1.07758e+01,-8.43396e+00
2.013500E-004,-1.03738e+01,-8.63497e+00
2.013800E-004,-1.07758e+01,-8.43396e+00
2.014100E-004,-1.07758e+01,-8.43396e+00
2.014400E-004,-1.07758e+01,-8.43396e+00
2.014700E-004,-1.07758e+01,-8.63497e+00
2.015000E-004,-1.07758e+01,-8.43396e+00
2.015300E-004,-1.03738e+01,-8.43396e+00
2.015600E-004,-1.07758e+01,-8.43396e+00
2.015900E-004,-1.07758e+01,-8.43396e+00
2.016200E-004,-1.03738e+01,-8.43396e+00
2.016500E-004,-1.07758e+01,-8.43396e+00
2.016800E-004,-1.07758e+01,-8.63497e+00
2.017100E-004,-1.03738e+01,-8.43396e+00
2.017400E-004,-1.07758e+01,-8.63497e+00
2.017700E-004,-1.03738e+01,-8.43396e+00
2.018000E-004,-1.03738e+01,-8.43396e+00
2.018300E-004,-1.07758e+01,-8.63497e+00
2.018600E-004,-1.07758e+01,-8.43396e+00
2.018900E-004,-1.07758e+01,-8.63497e+00
2.019200E-004,-1.07758e+01,-8.63497e+00
2.019500E-004,-1.07758e+01,-8.63497e+00
2.019800E-004,-1.07758e+01,-8.63497e+00
2.020100E-004,-1.07758e+01,-8.43396e+00
2.020400E-004,-1.07758e+01,-8.63497e+00
2.020700E-004,-1.07758e+01,-8.63497e+00
2.021000E-004,-1.07758e+01,-8.43396e+00
2.021300E-004,-1.07758e+01,-8.43396e+00
2.021600E-004,-1.07758e+01,-8.63497e+00
2.021900E-004,-1.11778e+01,-8.63497e+00
2.022200E-004,-1.07758e+01,-8.43396e+00
2.022500E-004,-1.07758e+01,-8.43396e+00
2.022800E-004,-1.07758e+01,-8.43396e+00
2.023100E-004,-1.07758e+01,-8.63497e+00
2.023400E-004,-1.07758e+01,-8.63497e+00
2.023700E-004,-1.07758e+01,-8.63497e+00
2.024000E-004,-1.07758e+01,-8.63497e+00
2.024300E-004,-1.07758e+01,-8.43396e+00
2.024600E-004,-1.07758e+01,-8.43396e+00
2.024900E-004,-1.07758e+01,-8.43396e+00
2.025200E-004,-1.07758e+01,-8.63497e+00
2.025500E-004,-1.07758e+01,-8.63497e+00
2.025800E-004,-1.11778e+01,-8.63497e+00
2.026100E-004,-1.07758e+01,-8.63497e+00
2.026400E-004,-1.07758e+01,-8.63497e+00
2.026700E-004,-1.03738e+01,-8.43396e+00
2.027000E-004,-1.07758e+01,-8.63497e+00
2.027300E-004,-1.07758e+01,-8.63497e+00
2.027600E-004,-1.07758e+01,-8.83597e+00
2.027900E-004,-1.07758e+01,-8.63497e+00
2.028200E-004,-1.07758e+01,-8.63497e+00
2.028500E-004,-1.07758e+01,-8.43396e+00
2.028800E-004,-1.07758e+01,-8.63497e+00
2.029100E-004,-1.11778e+01,-8.63497e+00
2.029400E-004,-1.07758e+01,-8.63497e+00
2.029700E-004,-1.07758e+01,-8.43396e+00
2.030000E-004,-1.07758e+01,-8.43396e+00
2.030300E-004,-1.03738e+01,-8.63497e+00
2.030600E-004,-1.07758e+01,-8.63497e+00
2.030900E-004,-1.07758e+01,-8.43396e+00
2.031200E-004,-1.07758e+01,-8.63497e+00
2.031500E-004,-1.03738e+01,-8.63497e+00
2.031800E-004,-1.11778e+01,-8.63497e+00
2.032100E-004,-1.07758e+01,-8.63497e+00
2.032400E-004,-1.07758e+01,-8.63497e+00
2.032700E-004,-1.07758e+01,-8.63497e+00
2.033000E-004,-1.07758e+01,-8.63497e+00
2.033300E-004,-1.07758e+01,-8.63497e+00
2.033600E-004,-1.07758e+01,-8.63497e+00
2.033900E-004,-1.03738e+01,-8.63497e+00
2.034200E-004,-1.07758e+01,-8.43396e+00
2.034500E-004,-1.07758e+01,-8.63497e+00
2.034800E-004,-1.07758e+01,-8.63497e+00
2.035100E-004,-1.11778e+01,-8.63497e+00
2.035400E-004,-1.07758e+01,-8.63497e+00
2.035700E-004,-1.07758e+01,-8.63497e+00
2.036000E-004,-1.11778e+01,-8.83597e+00
2.036300E-004,-1.07758e+01,-8.63497e+00
2.036600E-004,-1.07758e+01,-8.83597e+00
2.036900E-004,-1.07758e+01,-8.63497e+00
2.037200E-004,-1.03738e+01,-8.63497e+00
2.037500E-004,-1.07758e+01,-8.63497e+00
2.037800E-004,-1.07758e+01,-8.83597e+00
2.038100E-004,-1.07758e+01,-8.43396e+00
2.038400E-004,-1.11778e+01,-8.63497e+00
2.038700E-004,-1.07758e+01,-8.63497e+00
2.039000E-004,-1.07758e+01,-8.43396e+00
2.039300E-004,-1.07758e+01,-8.63497e+00
2.039600E-004,-1.07758e+01,-8.63497e+00
2.039900E-004,-1.07758e+01,-8.63497e+00
2.040200E-004,-1.07758e+01,-8.63497e+00
2.040500E-004,-1.07758e+01,-8.83597e+00
2.040800E-004,-1.07758e+01,-8.63497e+00
2.041100E-004,-1.07758e+01,-8.83597e+00
2.041400E-004,-1.07758e+01,-8.63497e+00
2.041700E-004,-1.07758e+01,-8.63497e+00
2.042000E-004,-1.07758e+01,-8.83597e+00
2.042300E-004,-1.07758e+01,-8.63497e+00
2.042600E-004,-1.07758e+01,-8.63497e+00
2.042900E-004,-1.07758e+01,-8.83597e+00
2.043200E-004,-1.07758e+01,-8.63497e+00
2.043500E-004,-1.07758e+01,-8.43396e+00
2.043800E-004,-1.07758e+01,-8.63497e+00
2.044100E-004,-1.07758e+01,-8.63497e+00
2.044400E-004,-1.07758e+01,-8.83597e+00
2.044700E-004,-1.07758e+01,-8.63497e+00
2.045000E-004,-1.07758e+01,-8.63497e+00
2.045300E-004,-1.07758e+01,-8.63497e+00
2.045600E-004,-1.07758e+01,-8.83597e+00
2.045900E-004,-1.07758e+01,-8.83597e+00
2.046200E-004,-1.11778e+01,-8.63497e+00
2.046500E-004,-1.07758e+01,-8.83597e+00
2.046800E-004,-1.07758e+01,-8.83597e+00
2.047100E-004,-1.07758e+01,-8.63497e+00
2.047400E-004,-1.07758e+01,-8.63497e+00
2.047700E-004,-1.07758e+01,-8.63497e+00
2.048000E-004,-1.07758e+01,-8.83597e+00
2.048300E-004,-1.07758e+01,-8.83597e+00
2.048600E-004,-1.07758e+01,-8.83597e+00
2.048900E-004,-1.07758e+01,-8.83597e+00
2.049200E-004,-1.07758e+01,-8.63497e+00
2.049500E-004,-1.07758e+01,-8.63497e+00
2.049800E-004,-1.07758e+01,-8.83597e+00
2.050100E-004,-1.07758e+01,-8.83597e+00
2.050400E-004,-1.07758e+01,-8.83597e+00
2.050700E-004,-1.07758e+01,-8.83597e+00
2.051000E-004,-1.07758e+01,-8.83597e+00
2.051300E-004,-1.07758e+01,-8.83597e+00
2.051600E-004,-1.07758e+01,-8.63497e+00
2.051900E-004,-1.07758e+01,-8.83597e+00
2.052200E-004,-1.07758e+01,-8.83597e+00
2.052500E-004,-1.11778e+01,-8.63497e+00
2.052800E-004,-1.07758e+01,-8.83597e+00
2.053100E-004,-1.07758e+01,-8.63497e+00
2.053400E-004,-1.03738e+01,-8.83597e+00
2.053700E-004,-1.03738e+01,-8.83597e+00
2.054000E-004,-1.07758e+01,-8.83597e+00
2.054300E-004,-1.07758e+01,-8.83597e+00
2.054600E-004,-1.07758e+01,-8.83597e+00
2.054900E-004,-1.07758e+01,-8.83597e+00
2.055200E-004,-1.07758e+01,-8.83597e+00
2.055500E-004,-1.07758e+01,-8.83597e+00
2.055800E-004,-1.07758e+01,-8.63497e+00
2.056100E-004,-1.07758e+01,-8.83597e+00
2.056400E-004,-1.07758e+01,-8.63497e+00
2.056700E-004,-1.07758e+01,-9.03698e+00
2.057000E-004,-1.07758e+01,-8.63497e+00
2.057300E-004,-1.03738e+01,-9.03698e+00
2.057600E-004,-1.07758e+01,-8.83597e+00
2.057900E-004,-1.07758e+01,-8.83597e+00
2.058200E-004,-1.07758e+01,-8.83597e+00
2.058500E-004,-1.07758e+01,-8.83597e+00
2.058800E-004,-1.07758e+01,-8.83597e+00
2.059100E-004,-1.03738e+01,-8.83597e+00
2.059400E-004,-1.07758e+01,-8.83597e+00
2.059700E-004,-1.07758e+01,-9.03698e+00
2.060000E-004,-1.07758e+01,-8.83597e+00
2.060300E-004,-1.07758e+01,-8.83597e+00
2.060600E-004,-1.07758e+01,-8.83597e+00
2.060900E-004,-1.07758e+01,-8.83597e+00
2.061200E-004,-1.07758e+01,-8.63497e+00
2.061500E-004,-1.07758e+01,-8.83597e+00
2.061800E-004,-1.07758e+01,-8.83597e+00
2.062100E-004,-1.07758e+01,-8.83597e+00
2.062400E-004,-1.07758e+01,-8.83597e+00
2.062700E-004,-1.07758e+01,-8.83597e+00
2.063000E-004,-1.07758e+01,-8.83597e+00
2.063300E-004,-1.07758e+01,-8.83597e+00
2.063600E-004,-1.07758e+01,-8.83597e+00
2.063900E-004,-1.07758e+01,-8.63497e+00
2.064200E-004,-1.07758e+01,-8.63497e+00
2.064500E-004,-1.07758e+01,-9.03698e+00
2.064800E-004,-1.03738e+01,-8.83597e+00
2.065100E-004,-1.07758e+01,-8.83597e+00
2.065400E-004,-1.07758e+01,-8.83597e+00
2.065700E-004,-1.07758e+01,-8.83597e+00
2.066000E-004,-1.03738e+01,-8.83597e+00
2.066300E-004,-1.07758e+01,-8.83597e+00
2.066600E-004,-1.07758e+01,-9.03698e+00
2.066900E-004,-1.07758e+01,-9.03698e+00
2.067200E-004,-1.07758e+01,-8.83597e+00
2.067500E-004,-1.07758e+01,-8.83597e+00
2.067800E-004,-1.03738e+01,-8.83597e+00
2.068100E-004,-1.03738e+01,-8.83597e+00
2.068400E-004,-1.07758e+01,-9.03698e+00
2.068700E-004,-1.07758e+01,-8.83597e+00
2.069000E-004,-1.07758e+01,-8.83597e+00
2.069300E-004,-1.07758e+01,-8.83597e+00
2.069600E-004,-1.07758e+01,-8.83597e+00
2.069900E-004,-1.07758e+01,-8.83597e+00
2.070200E-004,-1.07758e+01,-8.63497e+00
2.070500E-004,-1.07758e+01,-8.83597e+00
2.070800E-004,-1.07758e+01,-8.83597e+00
2.071100E-004,-1.07758e+01,-8.83597e+00
2.071400E-004,-1.07758e+01,-8.83597e+00
2.071700E-004,-1.07758e+01,-8.83597e+00
2.072000E-004,-1.03738e+01,-8.83597e+00
2.072300E-004,-1.07758e+01,-8.63497e+00
2.072600E-004,-1.07758e+01,-8.63497e+00
2.072900E-004,-1.07758e+01,-8.83597e+00
2.073200E-004,-1.07758e+01,-8.83597e+00
2.073500E-004,-1.03738e+01,-8.83597e+00
2.073800E-004,-1.07758e+01,-8.83597e+00
2.074100E-004,-1.07758e+01,-8.83597e+00
2.074400E-004,-1.07758e+01,-8.83597e+00
2.074700E-004,-1.07758e+01,-8.83597e+00
2.075000E-004,-1.07758e+01,-8.83597e+00
2.075300E-004,-1.07758e+01,-8.83597e+00
2.075600E-004,-1.07758e+01,-8.83597e+00
2.075900E-004,-1.07758e+01,-8.83597e+00
2.076200E-004,-1.03738e+01,-8.83597e+00
2.076500E-004,-1.07758e+01,-8.83597e+00
2.076800E-004,-1.07758e+01,-8.83597e+00
2.077100E-004,-1.07758e+01,-8.83597e+00
2.077400E-004,-1.03738e+01,-8.83597e+00
2.077700E-004,-1.07758e+01,-8.83597e+00
2.078000E-004,-1.07758e+01,-9.03698e+00
2.078300E-004,-1.07758e+01,-8.83597e+00
2.078600E-004,-1.07758e+01,-8.83597e+00
2.078900E-004,-1.07758e+01,-8.83597e+00
2.079200E-004,-1.07758e+01,-8.83597e+00
2.079500E-004,-1.07758e+01,-8.83597e+00
2.079800E-004,-1.07758e+01,-8.83597e+00
2.080100E-004,-1.03738e+01,-8.83597e+00
2.080400E-004,-1.07758e+01,-9.03698e+00
2.080700E-004,-1.03738e+01,-9.03698e+00
2.081000E-004,-1.03738e+01,-8.83597e+00
2.081300E-004,-1.07758e+01,-8.83597e+00
2.081600E-004,-1.03738e+01,-8.83597e+00
2.081900E-004,-1.07758e+01,-8.83597e+00
2.082200E-004,-1.07758e+01,-8.83597e+00
2.082500E-004,-1.07758e+01,-8.83597e+00
2.082800E-004,-1.07758e+01,-8.63497e+00
2.083100E-004,-1.03738e+01,-9.03698e+00
2.083400E-004,-1.07758e+01,-8.83597e+00
2.083700E-004,-1.07758e+01,-8.83597e+00
2.084000E-004,-1.07758e+01,-9.03698e+00
2.084300E-004,-1.03738e+01,-8.83597e+00
2.084600E-004,-1.07758e+01,-8.83597e+00
2.084900E-004,-1.07758e+01,-8.83597e+00
2.085200E-004,-1.07758e+01,-9.03698e+00
2.085500E-004,-1.07758e+01,-9.03698e+00
2.085800E-004,-1.03738e+01,-8.83597e+00
2.086100E-004,-1.03738e+01,-8.83597e+00
2.086400E-004,-1.07758e+01,-8.83597e+00
2.086700E-004,-1.07758e+01,-8.83597e+00
2.087000E-004,-1.07758e+01,-8.83597e+00
2.087300E-004,-1.03738e+01,-8.83597e+00
2.087600E-004,-1.03738e+01,-8.83597e+00
2.087900E-004,-1.07758e+01,-8.83597e+00
2.088200E-004,-1.03738e+01,-8.83597e+00
2.088500E-004,-1.03738e+01,-8.83597e+00
2.088800E-004,-1.07758e+01,-8.83597e+00
2.089100E-004,-1.07758e+01,-8.83597e+00
2.089400E-004,-1.07758e+01,-8.83597e+00
2.089700E-004,-1.03738e+01,-8.83597e+00
2.090000E-004,-1.07758e+01,-8.83597e+00
2.090300E-004,-1.03738e+01,-9.03698e+00
2.090600E-004,-1.07758e+01,-8.83597e+00
2.090900E-004,-1.07758e+01,-8.83597e+00
2.091200E-004,-1.07758e+01,-8.83597e+00
2.091500E-004,-1.03738e+01,-8.83597e+00
2.091800E-004,-1.07758e+01,-8.83597e+00
2.092100E-004,-1.03738e+01,-8.83597e+00
2.092400E-004,-1.03738e+01,-8.63497e+00
2.092700E-004,-1.07758e+01,-9.03698e+00
2.093000E-004,-1.07758e+01,-8.83597e+00
2.093300E-004,-1.07758e+01,-8.83597e+00
2.093600E-004,-1.07758e+01,-9.03698e+00
2.093900E-004,-1.03738e+01,-8.83597e+00
2.094200E-004,-1.03738e+01,-8.83597e+00
2.094500E-004,-1.07758e+01,-9.03698e+00
2.094800E-004,-1.03738e+01,-8.83597e+00
2.095100E-004,-1.07758e+01,-8.83597e+00
2.095400E-004,-1.03738e+01,-8.83597e+00
2.095700E-004,-1.07758e+01,-8.83597e+00
2.096000E-004,-1.03738e+01,-8.83597e+00
2.096300E-004,-1.03738e+01,-8.83597e+00
2.096600E-004,-1.07758e+01,-8.83597e+00
2.096900E-004,-1.07758e+01,-8.83597e+00
2.097200E-004,-1.07758e+01,-9.03698e+00
2.097500E-004,-1.07758e+01,-8.83597e+00
2.097800E-004,-1.07758e+01,-8.83597e+00
2.098100E-004,-1.07758e+01,-8.83597e+00
2.098400E-004,-1.03738e+01,-8.83597e+00
2.098700E-004,-1.07758e+01,-8.83597e+00
2.099000E-004,-1.07758e+01,-8.83597e+00
2.099300E-004,-1.07758e+01,-9.03698e+00
2.099600E-004,-1.07758e+01,-8.83597e+00
2.099900E-004,-1.07758e+01,-8.83597e+00
2.100200E-004,-1.07758e+01,-8.83597e+00
2.100500E-004,-1.07758e+01,-9.03698e+00
2.100800E-004,-1.07758e+01,-8.83597e+00
2.101100E-004,-1.07758e+01,-9.03698e+00
2.101400E-004,-1.03738e+01,-8.83597e+00
2.101700E-004,-1.03738e+01,-8.83597e+00
2.102000E-004,-1.07758e+01,-8.83597e+00
2.102300E-004,-1.03738e+01,-8.83597e+00
2.102600E-004,-1.07758e+01,-8.83597e+00
2.102900E-004,-1.07758e+01,-8.83597e+00
2.103200E-004,-1.07758e+01,-8.83597e+00
2.103500E-004,-1.07758e+01,-8.83597e+00
2.103800E-004,-1.07758e+01,-8.83597e+00
2.104100E-004,-1.07758e+01,-8.83597e+00
2.104400E-004,-1.07758e+01,-9.03698e+00
2.104700E-004,-1.03738e+01,-8.83597e+00
2.105000E-004,-1.07758e+01,-9.03698e+00
2.105300E-004,-1.03738e+01,-8.83597e+00
2.105600E-004,-1.07758e+01,-8.83597e+00
2.105900E-004,-1.07758e+01,-8.83597e+00
2.106200E-004,-1.03738e+01,-8.83597e+00
2.106500E-004,-1.07758e+01,-8.83597e+00
2.106800E-004,-1.07758e+01,-8.83597e+00
2.107100E-004,-1.07758e+01,-9.03698e+00
2.107400E-004,-1.07758e+01,-9.03698e+00
2.107700E-004,-1.07758e+01,-9.03698e+00
2.108000E-004,-1.07758e+01,-8.83597e+00
2.108300E-004,-1.03738e+01,-8.83597e+00
2.108600E-004,-1.07758e+01,-8.83597e+00
2.108900E-004,-1.03738e+01,-8.83597e+00
2.109200E-004,-1.03738e+01,-8.83597e+00
2.109500E-004,-1.07758e+01,-8.83597e+00
2.109800E-004,-1.07758e+01,-9.03698e+00
2.110100E-004,-1.07758e+01,-9.03698e+00
2.110400E-004,-1.07758e+01,-9.03698e+00
2.110700E-004,-1.07758e+01,-8.83597e+00
2.111000E-004,-1.07758e+01,-8.83597e+00
2.111300E-004,-1.07758e+01,-8.83597e+00
2.111600E-004,-1.07758e+01,-8.83597e+00
2.111900E-004,-1.03738e+01,-8.83597e+00
2.112200E-004,-1.07758e+01,-8.83597e+00
2.112500E-004,-1.03738e+01,-8.83597e+00
2.112800E-004,-1.03738e+01,-8.83597e+00
2.113100E-004,-1.07758e+01,-8.63497e+00
2.113400E-004,-1.07758e+01,-9.03698e+00
2.113700E-004,-1.03738e+01,-8.83597e+00
2.114000E-004,-1.07758e+01,-9.03698e+00
2.114300E-004,-1.07758e+01,-8.83597e+00
2.114600E-004,-1.07758e+01,-8.83597e+00
2.114900E-004,-1.07758e+01,-9.03698e+00
2.115200E-004,-1.07758e+01,-8.83597e+00
2.115500E-004,-1.07758e+01,-8.83597e+00
2.115800E-004,-1.03738e+01,-9.03698e+00
2.116100E-004,-1.03738e+01,-8.83597e+00
2.116400E-004,-1.07758e+01,-9.03698e+00
2.116700E-004,-1.07758e+01,-8.83597e+00
2.117000E-004,-1.07758e+01,-8.83597e+00
2.117300E-004,-1.03738e+01,-8.63497e+00
2.117600E-004,-1.07758e+01,-8.83597e+00
2.117900E-004,-1.07758e+01,-9.03698e+00
2.118200E-004,-1.07758e+01,-8.83597e+00
2.118500E-004,-1.03738e+01,-9.03698e+00
2.118800E-004,-1.07758e+01,-8.83597e+00
2.119100E-004,-1.07758e+01,-9.03698e+00
2.119400E-004,-1.03738e+01,-8.83597e+00
2.119700E-004,-1.03738e+01,-9.03698e+00
2.120000E-004,-1.07758e+01,-8.83597e+00
2.120300E-004,-1.07758e+01,-8.83597e+00
2.120600E-004,-1.07758e+01,-9.03698e+00
2.120900E-004,-1.07758e+01,-9.03698e+00
2.121200E-004,-1.07758e+01,-9.03698e+00
2.121500E-004,-1.03738e+01,-8.83597e+00
2.121800E-004,-1.03738e+01,-9.03698e+00
2.122100E-004,-1.07758e+01,-8.83597e+00
2.122400E-004,-1.07758e+01,-8.83597e+00
2.122700E-004,-1.03738e+01,-9.03698e+00
2.123000E-004,-1.07758e+01,-9.03698e+00
2.123300E-004,-1.07758e+01,-9.03698e+00
2.123600E-004,-1.07758e+01,-9.03698e+00
2.123900E-004,-1.07758e+01,-9.03698e+00
2.124200E-004,-1.07758e+01,-8.83597e+00
2.124500E-004,-1.07758e+01,-8.83597e+00
2.124800E-004,-1.07758e+01,-8.83597e+00
2.125100E-004,-1.07758e+01,-9.03698e+00
2.125400E-004,-1.07758e+01,-9.03698e+00
2.125700E-004,-1.07758e+01,-9.03698e+00
2.126000E-004,-1.07758e+01,-8.83597e+00
2.126300E-004,-1.07758e+01,-9.03698e+00
2.126600E-004,-1.07758e+01,-9.03698e+00
2.126900E-004,-1.07758e+01,-9.03698e+00
2.127200E-004,-1.07758e+01,-9.03698e+00
2.127500E-004,-1.03738e+01,-8.83597e+00
2.127800E-004,-1.03738e+01,-8.83597e+00
2.128100E-004,-1.07758e+01,-9.03698e+00
2.128400E-004,-1.07758e+01,-8.83597e+00
2.128700E-004,-1.07758e+01,-8.83597e+00
2.129000E-004,-1.07758e+01,-9.03698e+00
2.129300E-004,-1.07758e+01,-8.83597e+00
2.129600E-004,-1.11778e+01,-9.03698e+00
2.129900E-004,-1.03738e+01,-9.03698e+00
2.130200E-004,-1.07758e+01,-8.83597e+00
2.130500E-004,-1.07758e+01,-8.83597e+00
2.130800E-004,-1.07758e+01,-9.03698e+00
2.131100E-004,-1.07758e+01,-9.03698e+00
2.131400E-004,-1.07758e+01,-9.03698e+00
2.131700E-004,-1.07758e+01,-9.03698e+00
2.132000E-004,-1.07758e+01,-9.03698e+00
2.132300E-004,-1.07758e+01,-9.03698e+00
2.132600E-004,-1.07758e+01,-8.83597e+00
2.132900E-004,-1.07758e+01,-9.03698e+00
2.133200E-004,-1.07758e+01,-8.83597e+00
2.133500E-004,-1.11778e+01,-8.83597e+00
2.133800E-004,-1.03738e+01,-9.03698e+00
2.134100E-004,-1.07758e+01,-9.03698e+00
2.134400E-004,-1.07758e+01,-8.83597e+00
2.134700E-004,-1.07758e+01,-8.83597e+00
2.135000E-004,-1.07758e+01,-9.03698e+00
2.135300E-004,-1.07758e+01,-9.03698e+00
2.135600E-004,-1.07758e+01,-8.83597e+00
2.135900E-004,-1.07758e+01,-8.83597e+00
2.136200E-004,-1.07758e+01,-8.83597e+00
2.136500E-004,-1.07758e+01,-9.03698e+00
2.136800E-004,-1.07758e+01,-9.03698e+00
2.137100E-004,-1.03738e+01,-9.03698e+00
2.137400E-004,-1.07758e+01,-8.83597e+00
2.137700E-004,-1.03738e+01,-8.83597e+00
2.138000E-004,-1.03738e+01,-8.83597e+00
2.138300E-004,-1.07758e+01,-8.83597e+00
2.138600E-004,-1.07758e+01,-9.03698e+00
2.138900E-004,-1.03738e+01,-9.03698e+00
2.139200E-004,-1.07758e+01,-8.83597e+00
2.139500E-004,-1.07758e+01,-8.83597e+00
2.139800E-004,-1.03738e+01,-9.03698e+00
2.140100E-004,-1.07758e+01,-8.83597e+00
2.140400E-004,-1.03738e+01,-8.83597e+00
2.140700E-004,-1.07758e+01,-9.03698e+00
2.141000E-004,-1.07758e+01,-9.03698e+00
2.141300E-004,-1.07758e+01,-8.83597e+00
2.141600E-004,-1.07758e+01,-8.83597e+00
2.141900E-004,-1.07758e+01,-9.03698e+00
2.142200E-004,-1.03738e+01,-9.03698e+00
2.142500E-004,-1.07758e+01,-8.83597e+00
2.142800E-004,-1.07758e+01,-8.83597e+00
2.143100E-004,-1.07758e+01,-9.03698e+00
2.143400E-004,-1.07758e+01,-9.03698e+00
2.143700E-004,-1.07758e+01,-8.83597e+00
2.144000E-004,-1.11778e+01,-9.03698e+00
2.144300E-004,-1.07758e+01,-8.83597e+00
2.144600E-004,-1.11778e+01,-9.03698e+00
2.144900E-004,-1.11778e+01,-8.83597e+00
2.145200E-004,-1.07758e+01,-8.83597e+00
2.145500E-004,-1.11778e+01,-8.83597e+00
2.145800E-004,-1.07758e+01,-8.83597e+00
2.146100E-004,-1.07758e+01,-9.03698e+00
2.146400E-004,-1.07758e+01,-9.03698e+00
2.146700E-004,-1.11778e+01,-9.03698e+00
2.147000E-004,-1.07758e+01,-9.03698e+00
2.147300E-004,-1.07758e+01,-8.83597e+00
2.147600E-004,-1.07758e+01,-8.83597e+00
2.147900E-004,-1.07758e+01,-8.83597e+00
2.148200E-004,-1.11778e+01,-9.03698e+00
2.148500E-004,-1.07758e+01,-8.83597e+00
2.148800E-004,-1.07758e+01,-8.83597e+00
2.149100E-004,-1.11778e+01,-9.03698e+00
2.149400E-004,-1.07758e+01,-9.03698e+00
2.149700E-004,-1.11778e+01,-8.83597e+00
2.150000E-004,-1.07758e+01,-9.03698e+00
2.150300E-004,-1.11778e+01,-9.03698e+00
2.150600E-004,-1.11778e+01,-9.23798e+00
2.150900E-004,-1.07758e+01,-9.03698e+00
2.151200E-004,-1.07758e+01,-9.03698e+00
2.151500E-004,-1.11778e+01,-9.03698e+00
2.151800E-004,-1.07758e+01,-8.83597e+00
2.152100E-004,-1.07758e+01,-9.03698e+00
2.152400E-004,-1.11778e+01,-9.03698e+00
2.152700E-004,-1.11778e+01,-9.03698e+00
2.153000E-004,-1.07758e+01,-8.83597e+00
2.153300E-004,-1.07758e+01,-8.83597e+00
2.153600E-004,-1.07758e+01,-9.03698e+00
2.153900E-004,-1.07758e+01,-9.03698e+00
2.154200E-004,-1.07758e+01,-9.03698e+00
2.154500E-004,-1.07758e+01,-9.03698e+00
2.154800E-004,-1.11778e+01,-8.83597e+00
2.155100E-004,-1.07758e+01,-9.03698e+00
2.155400E-004,-1.07758e+01,-8.83597e+00
2.155700E-004,-1.07758e+01,-9.03698e+00
2.156000E-004,-1.11778e+01,-9.03698e+00
2.156300E-004,-1.11778e+01,-9.03698e+00
2.156600E-004,-1.07758e+01,-8.83597e+00
2.156900E-004,-1.07758e+01,-8.83597e+00
2.157200E-004,-1.11778e+01,-9.03698e+00
2.157500E-004,-1.07758e+01,-9.03698e+00
2.157800E-004,-1.11778e+01,-9.03698e+00
2.158100E-004,-1.07758e+01,-9.03698e+00
2.158400E-004,-1.11778e+01,-9.03698e+00
2.158700E-004,-1.11778e+01,-9.03698e+00
2.159000E-004,-1.07758e+01,-9.03698e+00
2.159300E-004,-1.07758e+01,-9.23798e+00
2.159600E-004,-1.07758e+01,-9.23798e+00
2.159900E-004,-1.07758e+01,-9.03698e+00
2.160200E-004,-1.07758e+01,-9.03698e+00
2.160500E-004,-1.11778e+01,-9.23798e+00
2.160800E-004,-1.07758e+01,-9.03698e+00
2.161100E-004,-1.03738e+01,-9.03698e+00
2.161400E-004,-1.07758e+01,-9.03698e+00
2.161700E-004,-1.11778e+01,-9.03698e+00
2.162000E-004,-1.11778e+01,-9.03698e+00
2.162300E-004,-1.11778e+01,-9.03698e+00
2.162600E-004,-1.07758e+01,-9.03698e+00
2.162900E-004,-1.07758e+01,-9.03698e+00
2.163200E-004,-1.11778e+01,-9.03698e+00
2.163500E-004,-1.07758e+01,-9.03698e+00
2.163800E-004,-1.07758e+01,-8.83597e+00
2.164100E-004,-1.07758e+01,-9.03698e+00
2.164400E-004,-1.11778e+01,-9.23798e+00
2.164700E-004,-1.11778e+01,-9.03698e+00
2.165000E-004,-1.11778e+01,-9.03698e+00
2.165300E-004,-1.07758e+01,-9.03698e+00
2.165600E-004,-1.07758e+01,-9.03698e+00
2.165900E-004,-1.07758e+01,-9.03698e+00
2.166200E-004,-1.11778e+01,-9.03698e+00
2.166500E-004,-1.07758e+01,-9.03698e+00
2.166800E-004,-1.07758e+01,-9.23798e+00
2.167100E-004,-1.11778e+01,-9.03698e+00
2.167400E-004,-1.07758e+01,-9.03698e+00
2.167700E-004,-1.11778e+01,-9.03698e+00
2.168000E-004,-1.11778e+01,-9.03698e+00
2.168300E-004,-1.07758e+01,-9.03698e+00
2.168600E-004,-1.07758e+01,-9.03698e+00
2.168900E-004,-1.11778e+01,-9.03698e+00
2.169200E-004,-1.11778e+01,-9.03698e+00
2.169500E-004,-1.11778e+01,-9.03698e+00
2.169800E-004,-1.11778e+01,-9.03698e+00
2.170100E-004,-1.07758e+01,-9.03698e+00
2.170400E-004,-1.07758e+01,-9.03698e+00
2.170700E-004,-1.07758e+01,-9.03698e+00
2.171000E-004,-1.07758e+01,-9.03698e+00
2.171300E-004,-1.07758e+01,-9.23798e+00
2.171600E-004,-1.07758e+01,-9.03698e+00
2.171900E-004,-1.11778e+01,-9.03698e+00
2.172200E-004,-1.11778e+01,-9.03698e+00
2.172500E-004,-1.11778e+01,-9.03698e+00
2.172800E-004,-1.07758e+01,-9.03698e+00
2.173100E-004,-1.11778e+01,-9.03698e+00
2.173400E-004,-1.11778e+01,-9.03698e+00
2.173700E-004,-1.07758e+01,-9.23798e+00
2.174000E-004,-1.07758e+01,-9.03698e+00
2.174300E-004,-1.11778e+01,-9.03698e+00
2.174600E-004,-1.07758e+01,-9.23798e+00
2.174900E-004,-1.11778e+01,-9.03698e+00
2.175200E-004,-1.07758e+01,-9.03698e+00
2.175500E-004,-1.11778e+01,-9.03698e+00
2.175800E-004,-1.07758e+01,-9.03698e+00
2.176100E-004,-1.11778e+01,-9.03698e+00
2.176400E-004,-1.11778e+01,-9.03698e+00
2.176700E-004,-1.11778e+01,-9.03698e+00
2.177000E-004,-1.07758e+01,-9.03698e+00
2.177300E-004,-1.11778e+01,-9.03698e+00
2.177600E-004,-1.11778e+01,-9.03698e+00
2.177900E-004,-1.11778e+01,-9.03698e+00
2.178200E-004,-1.11778e+01,-9.03698e+00
2.178500E-004,-1.15798e+01,-8.83597e+00
2.178800E-004,-1.07758e+01,-9.03698e+00
2.179100E-004,-1.07758e+01,-9.23798e+00
2.179400E-004,-1.07758e+01,-9.03698e+00
2.179700E-004,-1.11778e+01,-9.03698e+00
2.180000E-004,-1.11778e+01,-9.03698e+00
2.180300E-004,-1.11778e+01,-9.03698e+00
2.180600E-004,-1.07758e+01,-9.03698e+00
2.180900E-004,-1.07758e+01,-9.03698e+00
2.181200E-004,-1.07758e+01,-9.03698e+00
2.181500E-004,-1.07758e+01,-9.03698e+00
2.181800E-004,-1.07758e+01,-9.03698e+00
2.182100E-004,-1.07758e+01,-9.03698e+00
2.182400E-004,-1.07758e+01,-9.23798e+00
2.182700E-004,-1.07758e+01,-9.03698e+00
2.183000E-004,-1.07758e+01,-9.03698e+00
2.183300E-004,-1.07758e+01,-9.03698e+00
2.183600E-004,-1.07758e+01,-9.03698e+00
2.183900E-004,-1.11778e+01,-9.03698e+00
2.184200E-004,-1.11778e+01,-9.03698e+00
2.184500E-004,-1.11778e+01,-9.03698e+00
2.184800E-004,-1.11778e+01,-9.03698e+00
2.185100E-004,-1.11778e+01,-9.03698e+00
2.185400E-004,-1.11778e+01,-9.03698e+00
2.185700E-004,-1.07758e+01,-9.03698e+00
2.186000E-004,-1.07758e+01,-9.03698e+00
2.186300E-004,-1.07758e+01,-9.03698e+00
2.186600E-004,-1.07758e+01,-9.03698e+00
2.186900E-004,-1.11778e+01,-9.03698e+00
2.187200E-004,-1.11778e+01,-9.03698e+00
2.187500E-004,-1.11778e+01,-9.03698e+00
2.187800E-004,-1.07758e+01,-9.03698e+00
2.188100E-004,-1.11778e+01,-9.03698e+00
2.188400E-004,-1.11778e+01,-9.23798e+00
2.188700E-004,-1.11778e+01,-9.23798e+00
2.189000E-004,-1.11778e+01,-9.03698e+00
2.189300E-004,-1.11778e+01,-9.03698e+00
2.189600E-004,-1.15798e+01,-9.03698e+00
2.189900E-004,-1.11778e+01,-9.23798e+00
2.190200E-004,-1.07758e+01,-9.03698e+00
2.190500E-004,-1.11778e+01,-9.03698e+00
2.190800E-004,-1.07758e+01,-9.03698e+00
2.191100E-004,-1.11778e+01,-9.23798e+00
2.191400E-004,-1.11778e+01,-9.03698e+00
2.191700E-004,-1.07758e+01,-9.23798e+00
2.192000E-004,-1.11778e+01,-9.23798e+00
2.192300E-004,-1.11778e+01,-9.23798e+00
2.192600E-004,-1.11778e+01,-9.03698e+00
2.192900E-004,-1.11778e+01,-9.03698e+00
2.193200E-004,-1.11778e+01,-9.03698e+00
2.193500E-004,-1.07758e+01,-9.03698e+00
2.193800E-004,-1.07758e+01,-9.03698e+00
2.194100E-004,-1.07758e+01,-9.03698e+00
2.194400E-004,-1.15798e+01,-9.03698e+00
2.194700E-004,-1.07758e+01,-9.03698e+00
2.195000E-004,-1.07758e+01,-9.23798e+00
2.195300E-004,-1.07758e+01,-9.23798e+00
2.195600E-004,-1.11778e+01,-9.03698e+00
2.195900E-004,-1.11778e+01,-9.23798e+00
2.196200E-004,-1.11778e+01,-9.03698e+00
2.196500E-004,-1.07758e+01,-9.03698e+00
2.196800E-004,-1.11778e+01,-9.03698e+00
2.197100E-004,-1.11778e+01,-9.23798e+00
2.197400E-004,-1.11778e+01,-9.03698e+00
2.197700E-004,-1.11778e+01,-9.23798e+00
2.198000E-004,-1.07758e+01,-9.03698e+00
2.198300E-004,-1.11778e+01,-9.03698e+00
2.198600E-004,-1.07758e+01,-9.03698e+00
2.198900E-004,-1.07758e+01,-9.23798e+00
2.199200E-004,-1.11778e+01,-9.03698e+00
2.199500E-004,-1.11778e+01,-9.23798e+00
2.199800E-004,-1.11778e+01,-9.23798e+00
2.200100E-004,-1.11778e+01,-9.03698e+00
2.200400E-004,-1.07758e+01,-9.23798e+00
2.200700E-004,-1.11778e+01,-9.03698e+00
2.201000E-004,-1.11778e+01,-9.03698e+00
2.201300E-004,-1.11778e+01,-9.23798e+00
2.201600E-004,-1.07758e+01,-9.03698e+00
2.201900E-004,-1.07758e+01,-9.23798e+00
2.202200E-004,-1.11778e+01,-9.03698e+00
2.202500E-004,-1.07758e+01,-9.03698e+00
2.202800E-004,-1.07758e+01,-9.03698e+00
2.203100E-004,-1.07758e+01,-9.23798e+00
2.203400E-004,-1.11778e+01,-9.03698e+00
2.203700E-004,-1.11778e+01,-9.03698e+00
2.204000E-004,-1.11778e+01,-9.23798e+00
2.204300E-004,-1.11778e+01,-9.23798e+00
2.204600E-004,-1.07758e+01,-9.23798e+00
2.204900E-004,-1.11778e+01,-9.23798e+00
2.205200E-004,-1.07758e+01,-9.23798e+00
2.205500E-004,-1.07758e+01,-9.23798e+00
2.205800E-004,-1.11778e+01,-9.23798e+00
2.206100E-004,-1.11778e+01,-9.23798e+00
2.206400E-004,-1.11778e+01,-9.23798e+00
2.206700E-004,-1.11778e+01,-9.03698e+00
2.207000E-004,-1.07758e+01,-9.23798e+00
2.207300E-004,-1.11778e+01,-9.23798e+00
2.207600E-004,-1.07758e+01,-9.23798e+00
2.207900E-004,-1.11778e+01,-9.23798e+00
2.208200E-004,-1.11778e+01,-9.23798e+00
2.208500E-004,-1.11778e+01,-9.03698e+00
2.208800E-004,-1.11778e+01,-9.23798e+00
2.209100E-004,-1.15798e+01,-9.23798e+00
2.209400E-004,-1.07758e+01,-9.23798e+00
2.209700E-004,-1.11778e+01,-9.23798e+00
2.210000E-004,-1.07758e+01,-9.23798e+00
2.210300E-004,-1.07758e+01,-9.23798e+00
2.210600E-004,-1.07758e+01,-9.23798e+00
2.210900E-004,-1.11778e+01,-9.23798e+00
2.211200E-004,-1.11778e+01,-9.03698e+00
2.211500E-004,-1.11778e+01,-9.23798e+00
2.211800E-004,-1.11778e+01,-9.23798e+00
2.212100E-004,-1.11778e+01,-9.23798e+00
2.212400E-004,-1.11778e+01,-9.23798e+00
2.212700E-004,-1.11778e+01,-9.23798e+00
2.213000E-004,-1.07758e+01,-9.23798e+00
2.213300E-004,-1.11778e+01,-9.03698e+00
2.213600E-004,-1.07758e+01,-9.23798e+00
2.213900E-004,-1.11778e+01,-9.23798e+00
2.214200E-004,-1.11778e+01,-9.23798e+00
2.214500E-004,-1.11778e+01,-9.03698e+00
2.214800E-004,-1.11778e+01,-9.23798e+00
2.215100E-004,-1.07758e+01,-9.23798e+00
2.215400E-004,-1.07758e+01,-9.23798e+00
2.215700E-004,-1.11778e+01,-9.23798e+00
2.216000E-004,-1.11778e+01,-9.23798e+00
2.216300E-004,-1.07758e+01,-9.03698e+00
2.216600E-004,-1.11778e+01,-9.23798e+00
2.216900E-004,-1.07758e+01,-9.03698e+00
2.217200E-004,-1.15798e+01,-9.23798e+00
2.217500E-004,-1.15798e+01,-9.23798e+00
2.217800E-004,-1.11778e+01,-9.23798e+00
2.218100E-004,-1.11778e+01,-9.03698e+00
2.218400E-004,-1.07758e+01,-9.23798e+00
2.218700E-004,-1.11778e+01,-9.23798e+00
2.219000E-004,-1.07758e+01,-9.23798e+00
2.219300E-004,-1.11778e+01,-9.23798e+00
2.219600E-004,-1.07758e+01,-9.43899e+00
2.219900E-004,-1.11778e+01,-9.23798e+00
2.220200E-004,-1.11778e+01,-9.23798e+00
2.220500E-004,-1.11778e+01,-9.23798e+00
2.220800E-004,-1.11778e+01,-9.23798e+00
2.221100E-004,-1.07758e+01,-9.23798e+00
2.221400E-004,-1.11778e+01,-9.23798e+00
2.221700E-004,-1.11778e+01,-9.23798e+00
2.222000E-004,-1.07758e+01,-9.03698e+00
2.222300E-004,-1.11778e+01,-9.23798e+00
2.222600E-004,-1.11778e+01,-9.43899e+00
2.222900E-004,-1.07758e+01,-9.23798e+00
2.223200E-004,-1.11778e+01,-9.23798e+00
2.223500E-004,-1.07758e+01,-9.23798e+00
2.223800E-004,-1.07758e+01,-9.03698e+00
2.224100E-004,-1.07758e+01,-9.03698e+00
2.224400E-004,-1.07758e+01,-9.43899e+00
2.224700E-004,-1.11778e+01,-9.03698e+00
2.225000E-004,-1.11778e+01,-9.23798e+00
2.225300E-004,-1.11778e+01,-9.23798e+00
2.225600E-004,-1.11778e+01,-9.23798e+00
2.225900E-004,-1.07758e+01,-9.23798e+00
2.226200E-004,-1.11778e+01,-9.03698e+00
2.226500E-004,-1.07758e+01,-9.23798e+00
2.226800E-004,-1.07758e+01,-9.23798e+00
2.227100E-004,-1.11778e+01,-9.23798e+00
2.227400E-004,-1.11778e+01,-9.23798e+00
2.227700E-004,-1.07758e+01,-9.03698e+00
2.228000E-004,-1.11778e+01,-9.03698e+00
2.228300E-004,-1.07758e+01,-9.23798e+00
2.228600E-004,-1.07758e+01,-9.23798e+00
2.228900E-004,-1.11778e+01,-9.03698e+00
2.229200E-004,-1.07758e+01,-9.03698e+00
2.229500E-004,-1.11778e+01,-9.23798e+00
2.229800E-004,-1.07758e+01,-9.03698e+00
2.230100E-004,-1.07758e+01,-9.23798e+00
2.230400E-004,-1.07758e+01,-9.23798e+00
2.230700E-004,-1.07758e+01,-9.23798e+00
2.231000E-004,-1.07758e+01,-9.23798e+00
2.231300E-004,-1.07758e+01,-9.23798e+00
2.231600E-004,-1.11778e+01,-9.23798e+00
2.231900E-004,-1.11778e+01,-9.23798e+00
2.232200E-004,-1.11778e+01,-9.03698e+00
2.232500E-004,-1.11778e+01,-9.23798e+00
2.232800E-004,-1.07758e+01,-9.23798e+00
2.233100E-004,-1.11778e+01,-9.23798e+00
2.233400E-004,-1.11778e+01,-9.23798e+00
2.233700E-004,-1.11778e+01,-9.23798e+00
2.234000E-004,-1.07758e+01,-9.23798e+00
2.234300E-004,-1.11778e+01,-9.23798e+00
2.234600E-004,-1.11778e+01,-9.23798e+00
2.234900E-004,-1.07758e+01,-9.23798e+00
2.235200E-004,-1.07758e+01,-9.23798e+00
2.235500E-004,-1.07758e+01,-9.23798e+00
2.235800E-004,-1.11778e+01,-9.03698e+00
2.236100E-004,-1.11778e+01,-9.23798e+00
2.236400E-004,-1.11778e+01,-9.23798e+00
2.236700E-004,-1.07758e+01,-9.23798e+00
2.237000E-004,-1.07758e+01,-9.23798e+00
2.237300E-004,-1.11778e+01,-9.23798e+00
2.237600E-004,-1.11778e+01,-9.23798e+00
2.237900E-004,-1.07758e+01,-9.23798e+00
2.238200E-004,-1.11778e+01,-9.23798e+00
2.238500E-004,-1.11778e+01,-9.03698e+00
2.238800E-004,-1.11778e+01,-9.23798e+00
2.239100E-004,-1.07758e+01,-9.23798e+00
2.239400E-004,-1.11778e+01,-9.23798e+00
2.239700E-004,-1.07758e+01,-9.23798e+00
2.240000E-004,-1.11778e+01,-9.23798e+00
2.240300E-004,-1.11778e+01,-9.23798e+00
2.240600E-004,-1.11778e+01,-9.23798e+00
2.240900E-004,-1.11778e+01,-9.23798e+00
2.241200E-004,-1.11778e+01,-9.23798e+00
2.241500E-004,-1.15798e+01,-9.43899e+00
2.241800E-004,-1.11778e+01,-9.03698e+00
2.242100E-004,-1.07758e+01,-9.23798e+00
2.242400E-004,-1.11778e+01,-9.23798e+00
2.242700E-004,-1.07758e+01,-9.03698e+00
2.243000E-004,-1.07758e+01,-9.23798e+00
2.243300E-004,-1.07758e+01,-9.23798e+00
2.243600E-004,-1.11778e+01,-9.23798e+00
2.243900E-004,-1.07758e+01,-9.23798e+00
2.244200E-004,-1.07758e+01,-9.23798e+00
2.244500E-004,-1.07758e+01,-9.23798e+00
2.244800E-004,-1.11778e+01,-9.23798e+00
2.245100E-004,-1.11778e+01,-9.23798e+00
2.245400E-004,-1.07758e+01,-9.23798e+00
2.245700E-004,-1.07758e+01,-9.03698e+00
2.246000E-004,-1.07758e+01,-9.03698e+00
2.246300E-004,-1.07758e+01,-9.23798e+00
2.246600E-004,-1.07758e+01,-9.23798e+00
2.246900E-004,-1.07758e+01,-9.23798e+00
2.247200E-004,-1.11778e+01,-9.23798e+00
2.247500E-004,-1.07758e+01,-9.23798e+00
2.247800E-004,-1.07758e+01,-9.03698e+00
2.248100E-004,-1.07758e+01,-9.23798e+00
2.248400E-004,-1.11778e+01,-9.23798e+00
2.248700E-004,-1.07758e+01,-9.23798e+00
2.249000E-004,-1.07758e+01,-9.23798e+00
2.249300E-004,-1.11778e+01,-9.23798e+00
2.249600E-004,-1.07758e+01,-9.23798e+00
2.249900E-004,-1.07758e+01,-9.23798e+00
2.250200E-004,-1.07758e+01,-9.23798e+00
2.250500E-004,-1.07758e+01,-9.23798e+00
2.250800E-004,-1.07758e+01,-9.23798e+00
2.251100E-004,-1.07758e+01,-9.23798e+00
2.251400E-004,-1.11778e+01,-9.23798e+00
2.251700E-004,-1.11778e+01,-9.23798e+00
2.252000E-004,-1.11778e+01,-9.23798e+00
2.252300E-004,-1.07758e+01,-9.23798e+00
2.252600E-004,-1.07758e+01,-9.23798e+00
2.252900E-004,-1.07758e+01,-9.23798e+00
2.253200E-004,-1.11778e+01,-9.23798e+00
2.253500E-004,-1.11778e+01,-9.23798e+00
2.253800E-004,-1.11778e+01,-9.23798e+00
2.254100E-004,-1.11778e+01,-9.23798e+00
2.254400E-004,-1.07758e+01,-9.03698e+00
2.254700E-004,-1.11778e+01,-9.23798e+00
2.255000E-004,-1.11778e+01,-9.23798e+00
2.255300E-004,-1.11778e+01,-9.23798e+00
2.255600E-004,-1.07758e+01,-9.43899e+00
2.255900E-004,-1.07758e+01,-9.23798e+00
2.256200E-004,-1.11778e+01,-9.23798e+00
2.256500E-004,-1.07758e+01,-9.23798e+00
2.256800E-004,-1.11778e+01,-9.23798e+00
2.257100E-004,-1.11778e+01,-9.23798e+00
2.257400E-004,-1.07758e+01,-9.23798e+00
2.257700E-004,-1.11778e+01,-9.23798e+00
2.258000E-004,-1.15798e+01,-9.23798e+00
2.258300E-004,-1.11778e+01,-9.23798e+00
2.258600E-004,-1.07758e+01,-9.03698e+00
2.258900E-004,-1.11778e+01,-9.23798e+00
2.259200E-004,-1.15798e+01,-9.23798e+00
2.259500E-004,-1.11778e+01,-9.23798e+00
2.259800E-004,-1.07758e+01,-9.23798e+00
2.260100E-004,-1.07758e+01,-9.23798e+00
2.260400E-004,-1.07758e+01,-9.03698e+00
2.260700E-004,-1.07758e+01,-9.23798e+00
2.261000E-004,-1.11778e+01,-9.23798e+00
2.261300E-004,-1.07758e+01,-9.23798e+00
2.261600E-004,-1.11778e+01,-9.03698e+00
2.261900E-004,-1.07758e+01,-9.23798e+00
2.262200E-004,-1.07758e+01,-9.23798e+00
2.262500E-004,-1.07758e+01,-9.23798e+00
2.262800E-004,-1.11778e+01,-9.23798e+00
2.263100E-004,-1.11778e+01,-9.23798e+00
2.263400E-004,-1.07758e+01,-9.23798e+00
2.263700E-004,-1.11778e+01,-9.23798e+00
2.264000E-004,-1.07758e+01,-9.03698e+00
2.264300E-004,-1.11778e+01,-9.23798e+00
2.264600E-004,-1.11778e+01,-9.23798e+00
2.264900E-004,-1.07758e+01,-9.23798e+00
2.265200E-004,-1.11778e+01,-9.43899e+00
2.265500E-004,-1.07758e+01,-9.43899e+00
2.265800E-004,-1.07758e+01,-9.23798e+00
2.266100E-004,-1.11778e+01,-9.23798e+00
2.266400E-004,-1.11778e+01,-9.23798e+00
2.266700E-004,-1.07758e+01,-9.23798e+00
2.267000E-004,-1.07758e+01,-9.23798e+00
2.267300E-004,-1.07758e+01,-9.03698e+00
2.267600E-004,-1.11778e+01,-9.23798e+00
2.267900E-004,-1.11778e+01,-9.03698e+00
2.268200E-004,-1.11778e+01,-9.23798e+00
2.268500E-004,-1.07758e+01,-9.23798e+00
2.268800E-004,-1.07758e+01,-9.23798e+00
2.269100E-004,-1.11778e+01,-9.23798e+00
2.269400E-004,-1.11778e+01,-9.23798e+00
2.269700E-004,-1.11778e+01,-9.43899e+00
2.270000E-004,-1.11778e+01,-9.23798e+00
2.270300E-004,-1.07758e+01,-9.23798e+00
2.270600E-004,-1.11778e+01,-9.23798e+00
2.270900E-004,-1.07758e+01,-9.23798e+00
2.271200E-004,-1.11778e+01,-9.23798e+00
2.271500E-004,-1.07758e+01,-9.23798e+00
2.271800E-004,-1.07758e+01,-9.43899e+00
2.272100E-004,-1.11778e+01,-9.43899e+00
2.272400E-004,-1.11778e+01,-9.03698e+00
2.272700E-004,-1.11778e+01,-9.23798e+00
2.273000E-004,-1.11778e+01,-9.43899e+00
2.273300E-004,-1.11778e+01,-9.23798e+00
2.273600E-004,-1.07758e+01,-9.23798e+00
2.273900E-004,-1.11778e+01,-9.23798e+00
2.274200E-004,-1.07758e+01,-9.23798e+00
2.274500E-004,-1.11778e+01,-9.23798e+00
2.274800E-004,-1.11778e+01,-9.43899e+00
2.275100E-004,-1.11778e+01,-9.23798e+00
2.275400E-004,-1.07758e+01,-9.23798e+00
2.275700E-004,-1.07758e+01,-9.23798e+00
2.276000E-004,-1.07758e+01,-9.43899e+00
2.276300E-004,-1.07758e+01,-9.23798e+00
2.276600E-004,-1.11778e+01,-9.23798e+00
2.276900E-004,-1.07758e+01,-9.43899e+00
2.277200E-004,-1.11778e+01,-9.43899e+00
2.277500E-004,-1.07758e+01,-9.43899e+00
2.277800E-004,-1.07758e+01,-9.23798e+00
2.278100E-004,-1.11778e+01,-9.23798e+00
2.278400E-004,-1.11778e+01,-9.23798e+00
2.278700E-004,-1.11778e+01,-9.23798e+00
2.279000E-004,-1.07758e+01,-9.23798e+00
2.279300E-004,-1.11778e+01,-9.23798e+00
2.279600E-004,-1.11778e+01,-9.23798e+00
2.279900E-004,-1.11778e+01,-9.43899e+00
2.280200E-004,-1.11778e+01,-9.23798e+00
2.280500E-004,-1.07758e+01,-9.23798e+00
2.280800E-004,-1.11778e+01,-9.23798e+00
2.281100E-004,-1.07758e+01,-9.03698e+00
2.281400E-004,-1.07758e+01,-9.23798e+00
2.281700E-004,-1.07758e+01,-9.23798e+00
2.282000E-004,-1.07758e+01,-9.23798e+00
2.282300E-004,-1.07758e+01,-9.23798e+00
2.282600E-004,-1.11778e+01,-9.23798e+00
2.282900E-004,-1.11778e+01,-9.23798e+00
2.283200E-004,-1.11778e+01,-9.23798e+00
2.283500E-004,-1.11778e+01,-9.23798e+00
2.283800E-004,-1.11778e+01,-9.23798e+00
2.284100E-004,-1.11778e+01,-9.23798e+00
2.284400E-004,-1.07758e+01,-9.23798e+00
2.284700E-004,-1.11778e+01,-9.23798e+00
2.285000E-004,-1.07758e+01,-9.23798e+00
2.285300E-004,-1.11778e+01,-9.23798e+00
2.285600E-004,-1.07758e+01,-9.23798e+00
2.285900E-004,-1.07758e+01,-9.03698e+00
2.286200E-004,-1.07758e+01,-9.23798e+00
2.286500E-004,-1.11778e+01,-9.23798e+00
2.286800E-004,-1.07758e+01,-9.23798e+00
2.287100E-004,-1.07758e+01,-9.23798e+00
2.287400E-004,-1.11778e+01,-9.23798e+00
2.287700E-004,-1.11778e+01,-9.23798e+00
2.288000E-004,-1.07758e+01,-9.23798e+00
2.288300E-004,-1.07758e+01,-9.23798e+00
2.288600E-004,-1.11778e+01,-9.03698e+00
2.288900E-004,-1.15798e+01,-9.43899e+00
2.289200E-004,-1.07758e+01,-9.43899e+00
2.289500E-004,-1.11778e+01,-9.03698e+00
2.289800E-004,-1.07758e+01,-9.23798e+00
2.290100E-004,-1.11778e+01,-9.23798e+00
2.290400E-004,-1.07758e+01,-9.43899e+00
2.290700E-004,-1.07758e+01,-9.23798e+00
2.291000E-004,-1.07758e+01,-9.03698e+00
2.291300E-004,-1.07758e+01,-9.23798e+00
2.291600E-004,-1.11778e+01,-9.23798e+00
2.291900E-004,-1.07758e+01,-9.23798e+00
2.292200E-004,-1.07758e+01,-9.23798e+00
2.292500E-004,-1.07758e+01,-9.43899e+00
2.292800E-004,-1.11778e+01,-9.23798e+00
2.293100E-004,-1.15798e+01,-9.23798e+00
2.293400E-004,-1.11778e+01,-9.23798e+00
2.293700E-004,-1.07758e+01,-9.43899e+00
2.294000E-004,-1.11778e+01,-9.23798e+00
2.294300E-004,-1.11778e+01,-9.03698e+00
2.294600E-004,-1.11778e+01,-9.23798e+00
2.294900E-004,-1.07758e+01,-9.23798e+00
2.295200E-004,-1.11778e+01,-9.03698e+00
2.295500E-004,-1.07758e+01,-9.03698e+00
2.295800E-004,-1.11778e+01,-9.23798e+00
2.296100E-004,-1.11778e+01,-9.23798e+00
2.296400E-004,-1.07758e+01,-9.23798e+00
2.296700E-004,-1.07758e+01,-9.23798e+00
2.297000E-004,-1.11778e+01,-9.03698e+00
2.297300E-004,-1.11778e+01,-9.23798e+00
2.297600E-004,-1.07758e+01,-9.23798e+00
2.297900E-004,-1.11778e+01,-9.03698e+00
2.298200E-004,-1.11778e+01,-9.23798e+00
2.298500E-004,-1.07758e+01,-9.23798e+00
2.298800E-004,-1.11778e+01,-9.43899e+00
2.299100E-004,-1.07758e+01,-9.23798e+00
2.299400E-004,-1.07758e+01,-9.23798e+00
2.299700E-004,-1.11778e+01,-9.23798e+00
2.300000E-004,-1.11778e+01,-9.23798e+00
2.300300E-004,-1.15798e+01,-9.23798e+00
2.300600E-004,-1.07758e+01,-9.23798e+00
2.300900E-004,-1.11778e+01,-9.03698e+00
2.301200E-004,-1.11778e+01,-9.23798e+00
2.301500E-004,-1.11778e+01,-9.23798e+00
2.301800E-004,-1.11778e+01,-9.23798e+00
2.302100E-004,-1.07758e+01,-9.23798e+00
2.302400E-004,-1.07758e+01,-9.23798e+00
2.302700E-004,-1.11778e+01,-9.43899e+00
2.303000E-004,-1.11778e+01,-9.23798e+00
2.303300E-004,-1.07758e+01,-9.23798e+00
2.303600E-004,-1.07758e+01,-9.23798e+00
2.303900E-004,-1.11778e+01,-9.23798e+00
2.304200E-004,-1.11778e+01,-9.23798e+00
2.304500E-004,-1.07758e+01,-9.23798e+00
2.304800E-004,-1.11778e+01,-9.23798e+00
2.305100E-004,-1.07758e+01,-9.43899e+00
2.305400E-004,-1.07758e+01,-9.23798e+00
2.305700E-004,-1.11778e+01,-9.23798e+00
2.306000E-004,-1.11778e+01,-9.23798e+00
2.306300E-004,-1.11778e+01,-9.23798e+00
2.306600E-004,-1.11778e+01,-9.23798e+00
2.306900E-004,-1.07758e+01,-9.43899e+00
2.307200E-004,-1.07758e+01,-9.23798e+00
2.307500E-004,-1.07758e+01,-9.23798e+00
2.307800E-004,-1.07758e+01,-9.23798e+00
2.308100E-004,-1.07758e+01,-9.23798e+00
2.308400E-004,-1.07758e+01,-9.23798e+00
2.308700E-004,-1.07758e+01,-9.23798e+00
2.309000E-004,-1.11778e+01,-9.23798e+00
2.309300E-004,-1.07758e+01,-9.23798e+00
2.309600E-004,-1.07758e+01,-9.23798e+00
2.309900E-004,-1.11778e+01,-9.23798e+00
2.310200E-004,-1.07758e+01,-9.23798e+00
2.310500E-004,-1.11778e+01,-9.23798e+00
2.310800E-004,-1.11778e+01,-9.23798e+00
2.311100E-004,-1.11778e+01,-9.23798e+00
2.311400E-004,-1.11778e+01,-9.23798e+00
2.311700E-004,-1.11778e+01,-9.23798e+00
2.312000E-004,-1.11778e+01,-9.23798e+00
2.312300E-004,-1.07758e+01,-9.23798e+00
2.312600E-004,-1.11778e+01,-9.23798e+00
2.312900E-004,-1.11778e+01,-9.23798e+00
2.313200E-004,-1.11778e+01,-9.23798e+00
2.313500E-004,-1.11778e+01,-9.43899e+00
2.313800E-004,-1.07758e+01,-9.03698e+00
2.314100E-004,-1.11778e+01,-9.23798e+00
2.314400E-004,-1.11778e+01,-9.43899e+00
2.314700E-004,-1.11778e+01,-9.23798e+00
2.315000E-004,-1.15798e+01,-9.23798e+00
2.315300E-004,-1.11778e+01,-9.23798e+00
2.315600E-004,-1.07758e+01,-9.23798e+00
2.315900E-004,-1.07758e+01,-9.43899e+00
2.316200E-004,-1.11778e+01,-9.23798e+00
2.316500E-004,-1.11778e+01,-9.23798e+00
2.316800E-004,-1.11778e+01,-9.23798e+00
2.317100E-004,-1.11778e+01,-9.23798e+00
2.317400E-004,-1.11778e+01,-9.23798e+00
2.317700E-004,-1.07758e+01,-9.23798e+00
2.318000E-004,-1.11778e+01,-9.23798e+00
2.318300E-004,-1.11778e+01,-9.23798e+00
2.318600E-004,-1.07758e+01,-9.23798e+00
2.318900E-004,-1.07758e+01,-9.23798e+00
2.319200E-004,-1.11778e+01,-9.23798e+00
2.319500E-004,-1.11778e+01,-9.43899e+00
2.319800E-004,-1.11778e+01,-9.23798e+00
2.320100E-004,-1.11778e+01,-9.23798e+00
2.320400E-004,-1.11778e+01,-9.23798e+00
2.320700E-004,-1.11778e+01,-9.23798e+00
2.321000E-004,-1.11778e+01,-9.23798e+00
2.321300E-004,-1.07758e+01,-9.23798e+00
2.321600E-004,-1.11778e+01,-9.23798e+00
2.321900E-004,-1.07758e+01,-9.23798e+00
2.322200E-004,-1.11778e+01,-9.23798e+00
2.322500E-004,-1.11778e+01,-9.23798e+00
2.322800E-004,-1.07758e+01,-9.23798e+00
2.323100E-004,-1.11778e+01,-9.23798e+00
2.323400E-004,-1.07758e+01,-9.03698e+00
2.323700E-004,-1.07758e+01,-9.23798e+00
2.324000E-004,-1.11778e+01,-9.23798e+00
2.324300E-004,-1.11778e+01,-9.43899e+00
2.324600E-004,-1.11778e+01,-9.43899e+00
2.324900E-004,-1.07758e+01,-9.23798e+00
2.325200E-004,-1.07758e+01,-9.03698e+00
2.325500E-004,-1.07758e+01,-9.23798e+00
2.325800E-004,-1.07758e+01,-9.23798e+00
2.326100E-004,-1.07758e+01,-9.03698e+00
2.326400E-004,-1.07758e+01,-9.23798e+00
2.326700E-004,-1.11778e+01,-9.23798e+00
2.327000E-004,-1.11778e+01,-9.23798e+00
2.327300E-004,-1.11778e+01,-9.23798e+00
2.327600E-004,-1.11778e+01,-9.23798e+00
2.327900E-004,-1.07758e+01,-9.23798e+00
2.328200E-004,-1.11778e+01,-9.43899e+00
2.328500E-004,-1.07758e+01,-9.03698e+00
2.328800E-004,-1.11778e+01,-9.23798e+00
2.329100E-004,-1.11778e+01,-9.03698e+00
2.329400E-004,-1.11778e+01,-9.23798e+00
2.329700E-004,-1.11778e+01,-9.43899e+00
2.330000E-004,-1.11778e+01,-9.23798e+00
2.330300E-004,-1.07758e+01,-9.23798e+00
2.330600E-004,-1.07758e+01,-9.23798e+00
2.330900E-004,-1.07758e+01,-9.23798e+00
2.331200E-004,-1.11778e+01,-9.23798e+00
2.331500E-004,-1.11778e+01,-9.23798e+00
2.331800E-004,-1.11778e+01,-9.23798e+00
2.332100E-004,-1.11778e+01,-9.23798e+00
2.332400E-004,-1.11778e+01,-9.23798e+00
2.332700E-004,-1.07758e+01,-9.23798e+00
2.333000E-004,-1.07758e+01,-9.23798e+00
2.333300E-004,-1.07758e+01,-9.43899e+00
2.333600E-004,-1.11778e+01,-9.23798e+00
2.333900E-004,-1.11778e+01,-9.43899e+00
2.334200E-004,-1.11778e+01,-9.03698e+00
2.334500E-004,-1.07758e+01,-9.23798e+00
2.334800E-004,-1.11778e+01,-9.23798e+00
2.335100E-004,-1.11778e+01,-9.23798e+00
2.335400E-004,-1.11778e+01,-9.43899e+00
2.335700E-004,-1.11778e+01,-9.23798e+00
2.336000E-004,-1.07758e+01,-9.43899e+00
2.336300E-004,-1.15798e+01,-9.23798e+00
2.336600E-004,-1.11778e+01,-9.43899e+00
2.336900E-004,-1.11778e+01,-9.23798e+00
2.337200E-004,-1.11778e+01,-9.43899e+00
2.337500E-004,-1.07758e+01,-9.23798e+00
2.337800E-004,-1.07758e+01,-9.23798e+00
2.338100E-004,-1.11778e+01,-9.23798e+00
2.338400E-004,-1.11778e+01,-9.23798e+00
2.338700E-004,-1.07758e+01,-9.23798e+00
2.339000E-004,-1.11778e+01,-9.03698e+00
2.339300E-004,-1.11778e+01,-9.23798e+00
2.339600E-004,-1.11778e+01,-9.43899e+00
2.339900E-004,-1.07758e+01,-9.23798e+00
2.340200E-004,-1.11778e+01,-9.23798e+00
2.340500E-004,-1.11778e+01,-9.43899e+00
2.340800E-004,-1.07758e+01,-9.23798e+00
2.341100E-004,-1.11778e+01,-9.03698e+00
2.341400E-004,-1.11778e+01,-9.23798e+00
2.341700E-004,-1.07758e+01,-9.23798e+00
2.342000E-004,-1.11778e+01,-9.23798e+00
2.342300E-004,-1.07758e+01,-9.23798e+00
2.342600E-004,-1.11778e+01,-9.23798e+00
2.342900E-004,-1.11778e+01,-9.23798e+00
2.343200E-004,-1.07758e+01,-9.23798e+00
2.343500E-004,-1.11778e+01,-9.23798e+00
2.343800E-004,-1.11778e+01,-9.23798e+00
2.344100E-004,-1.11778e+01,-9.03698e+00
2.344400E-004,-1.11778e+01,-9.23798e+00
2.344700E-004,-1.11778e+01,-9.23798e+00
2.345000E-004,-1.11778e+01,-9.23798e+00
2.345300E-004,-1.11778e+01,-9.43899e+00
2.345600E-004,-1.07758e+01,-9.23798e+00
2.345900E-004,-1.07758e+01,-9.23798e+00
2.346200E-004,-1.11778e+01,-9.43899e+00
2.346500E-004,-1.07758e+01,-9.43899e+00
2.346800E-004,-1.11778e+01,-9.23798e+00
2.347100E-004,-1.11778e+01,-9.23798e+00
2.347400E-004,-1.11778e+01,-9.23798e+00
2.347700E-004,-1.11778e+01,-9.43899e+00
2.348000E-004,-1.07758e+01,-9.23798e+00
2.348300E-004,-1.07758e+01,-9.23798e+00
2.348600E-004,-1.11778e+01,-9.43899e+00
2.348900E-004,-1.11778e+01,-9.43899e+00
2.349200E-004,-1.07758e+01,-9.43899e+00
2.349500E-004,-1.11778e+01,-9.23798e+00
2.349800E-004,-1.11778e+01,-9.43899e+00
2.350100E-004,-1.07758e+01,-9.23798e+00
2.350400E-004,-1.11778e+01,-9.43899e+00
2.350700E-004,-1.15798e+01,-9.23798e+00
2.351000E-004,-1.11778e+01,-9.43899e+00
2.351300E-004,-1.11778e+01,-9.43899e+00
2.351600E-004,-1.07758e+01,-9.23798e+00
2.351900E-004,-1.11778e+01,-9.23798e+00
2.352200E-004,-1.11778e+01,-9.23798e+00
2.352500E-004,-1.07758e+01,-9.23798e+00
2.352800E-004,-1.07758e+01,-9.23798e+00
2.353100E-004,-1.11778e+01,-9.23798e+00
2.353400E-004,-1.11778e+01,-9.23798e+00
2.353700E-004,-1.07758e+01,-9.23798e+00
2.354000E-004,-1.11778e+01,-9.43899e+00
2.354300E-004,-1.11778e+01,-9.23798e+00
2.354600E-004,-1.07758e+01,-9.23798e+00
2.354900E-004,-1.07758e+01,-9.23798e+00
2.355200E-004,-1.11778e+01,-9.23798e+00
2.355500E-004,-1.11778e+01,-9.23798e+00
2.355800E-004,-1.11778e+01,-9.43899e+00
2.356100E-004,-1.11778e+01,-9.23798e+00
2.356400E-004,-1.11778e+01,-9.23798e+00
2.356700E-004,-1.11778e+01,-9.23798e+00
2.357000E-004,-1.07758e+01,-9.23798e+00
2.357300E-004,-1.11778e+01,-9.23798e+00
2.357600E-004,-1.11778e+01,-9.23798e+00
2.357900E-004,-1.11778e+01,-9.43899e+00
2.358200E-004,-1.11778e+01,-9.23798e+00
2.358500E-004,-1.11778e+01,-9.23798e+00
2.358800E-004,-1.11778e+01,-9.23798e+00
2.359100E-004,-1.11778e+01,-9.23798e+00
2.359400E-004,-1.11778e+01,-9.43899e+00
2.359700E-004,-1.11778e+01,-9.23798e+00
2.360000E-004,-1.11778e+01,-9.23798e+00
2.360300E-004,-1.11778e+01,-9.23798e+00
2.360600E-004,-1.11778e+01,-9.23798e+00
2.360900E-004,-1.11778e+01,-9.43899e+00
2.361200E-004,-1.11778e+01,-9.43899e+00
2.361500E-004,-1.07758e+01,-9.23798e+00
2.361800E-004,-1.07758e+01,-9.23798e+00
2.362100E-004,-1.07758e+01,-9.23798e+00
2.362400E-004,-1.11778e+01,-9.23798e+00
2.362700E-004,-1.07758e+01,-9.23798e+00
2.363000E-004,-1.07758e+01,-9.23798e+00
2.363300E-004,-1.11778e+01,-9.43899e+00
2.363600E-004,-1.11778e+01,-9.23798e+00
2.363900E-004,-1.11778e+01,-9.43899e+00
2.364200E-004,-1.07758e+01,-9.23798e+00
2.364500E-004,-1.07758e+01,-9.43899e+00
2.364800E-004,-1.11778e+01,-9.23798e+00
2.365100E-004,-1.07758e+01,-9.23798e+00
2.365400E-004,-1.11778e+01,-9.23798e+00
2.365700E-004,-1.11778e+01,-9.43899e+00
2.366000E-004,-1.11778e+01,-9.23798e+00
2.366300E-004,-1.11778e+01,-9.23798e+00
2.366600E-004,-1.11778e+01,-9.23798e+00
2.366900E-004,-1.11778e+01,-9.23798e+00
2.367200E-004,-1.11778e+01,-9.23798e+00
2.367500E-004,-1.11778e+01,-9.03698e+00
2.367800E-004,-1.11778e+01,-9.43899e+00
2.368100E-004,-1.07758e+01,-9.23798e+00
2.368400E-004,-1.07758e+01,-9.23798e+00
2.368700E-004,-1.11778e+01,-9.23798e+00
2.369000E-004,-1.11778e+01,-9.23798e+00
2.369300E-004,-1.11778e+01,-9.23798e+00
2.369600E-004,-1.11778e+01,-9.23798e+00
2.369900E-004,-1.11778e+01,-9.43899e+00
2.370200E-004,-1.07758e+01,-9.23798e+00
2.370500E-004,-1.11778e+01,-9.23798e+00
2.370800E-004,-1.11778e+01,-9.23798e+00
2.371100E-004,-1.11778e+01,-9.23798e+00
2.371400E-004,-1.11778e+01,-9.23798e+00
2.371700E-004,-1.11778e+01,-9.23798e+00
2.372000E-004,-1.07758e+01,-9.23798e+00
2.372300E-004,-1.11778e+01,-9.23798e+00
2.372600E-004,-1.07758e+01,-9.23798e+00
2.372900E-004,-1.07758e+01,-9.23798e+00
2.373200E-004,-1.11778e+01,-9.03698e+00
2.373500E-004,-1.11778e+01,-9.23798e+00
2.373800E-004,-1.11778e+01,-9.03698e+00
2.374100E-004,-1.07758e+01,-9.23798e+00
2.374400E-004,-1.11778e+01,-9.23798e+00
2.374700E-004,-1.11778e+01,-9.43899e+00
2.375000E-004,-1.11778e+01,-9.43899e+00
2.375300E-004,-1.07758e+01,-9.23798e+00
2.375600E-004,-1.11778e+01,-9.23798e+00
2.375900E-004,-1.11778e+01,-9.43899e+00
2.376200E-004,-1.11778e+01,-9.23798e+00
2.376500E-004,-1.11778e+01,-9.23798e+00
2.376800E-004,-1.11778e+01,-9.23798e+00
2.377100E-004,-1.11778e+01,-9.23798e+00
2.377400E-004,-1.11778e+01,-9.43899e+00
2.377700E-004,-1.07758e+01,-9.43899e+00
2.378000E-004,-1.07758e+01,-9.23798e+00
2.378300E-004,-1.11778e+01,-9.23798e+00
2.378600E-004,-1.07758e+01,-9.23798e+00
2.378900E-004,-1.11778e+01,-9.23798e+00
2.379200E-004,-1.11778e+01,-9.43899e+00
2.379500E-004,-1.07758e+01,-9.23798e+00
2.379800E-004,-1.11778e+01,-9.23798e+00
2.380100E-004,-1.07758e+01,-9.23798e+00
2.380400E-004,-1.11778e+01,-9.43899e+00
2.380700E-004,-1.15798e+01,-9.23798e+00
2.381000E-004,-1.11778e+01,-9.23798e+00
2.381300E-004,-1.07758e+01,-9.43899e+00
2.381600E-004,-1.11778e+01,-9.43899e+00
2.381900E-004,-1.11778e+01,-9.43899e+00
2.382200E-004,-1.11778e+01,-9.23798e+00
2.382500E-004,-1.11778e+01,-9.23798e+00
2.382800E-004,-1.07758e+01,-9.23798e+00
2.383100E-004,-1.11778e+01,-9.23798e+00
2.383400E-004,-1.11778e+01,-9.23798e+00
2.383700E-004,-1.07758e+01,-9.23798e+00
2.384000E-004,-1.11778e+01,-9.43899e+00
2.384300E-004,-1.15798e+01,-9.23798e+00
2.384600E-004,-1.11778e+01,-9.43899e+00
2.384900E-004,-1.11778e+01,-9.23798e+00
2.385200E-004,-1.11778e+01,-9.23798e+00
2.385500E-004,-1.11778e+01,-9.23798e+00
2.385800E-004,-1.07758e+01,-9.23798e+00
2.386100E-004,-1.11778e+01,-9.43899e+00
2.386400E-004,-1.11778e+01,-9.23798e+00
2.386700E-004,-1.11778e+01,-9.43899e+00
2.387000E-004,-1.11778e+01,-9.03698e+00
2.387300E-004,-1.11778e+01,-9.23798e+00
2.387600E-004,-1.11778e+01,-9.23798e+00
2.387900E-004,-1.11778e+01,-9.23798e+00
2.388200E-004,-1.11778e+01,-9.43899e+00
2.388500E-004,-1.11778e+01,-9.23798e+00
2.388800E-004,-1.11778e+01,-9.43899e+00
2.389100E-004,-1.15798e+01,-9.43899e+00
2.389400E-004,-1.07758e+01,-9.23798e+00
2.389700E-004,-1.11778e+01,-9.23798e+00
2.390000E-004,-1.11778e+01,-9.23798e+00
2.390300E-004,-1.11778e+01,-9.23798e+00
2.390600E-004,-1.11778e+01,-9.43899e+00
2.390900E-004,-1.11778e+01,-9.23798e+00
2.391200E-004,-1.07758e+01,-9.43899e+00
2.391500E-004,-1.07758e+01,-9.23798e+00
2.391800E-004,-1.07758e+01,-9.23798e+00
2.392100E-004,-1.11778e+01,-9.23798e+00
2.392400E-004,-1.11778e+01,-9.23798e+00
2.392700E-004,-1.11778e+01,-9.23798e+00
2.393000E-004,-1.11778e+01,-9.43899e+00
2.393300E-004,-1.11778e+01,-9.23798e+00
2.393600E-004,-1.11778e+01,-9.23798e+00
2.393900E-004,-1.07758e+01,-9.43899e+00
2.394200E-004,-1.11778e+01,-9.23798e+00
2.394500E-004,-1.07758e+01,-9.43899e+00
2.394800E-004,-1.11778e+01,-9.23798e+00
2.395100E-004,-1.11778e+01,-9.23798e+00
2.395400E-004,-1.07758e+01,-9.23798e+00
2.395700E-004,-1.11778e+01,-9.23798e+00
2.396000E-004,-1.15798e+01,-9.43899e+00
2.396300E-004,-1.11778e+01,-9.23798e+00
2.396600E-004,-1.11778e+01,-9.43899e+00
2.396900E-004,-1.11778e+01,-9.23798e+00
2.397200E-004,-1.11778e+01,-9.23798e+00
2.397500E-004,-1.11778e+01,-9.23798e+00
2.397800E-004,-1.11778e+01,-9.23798e+00
2.398100E-004,-1.11778e+01,-9.23798e+00
2.398400E-004,-1.11778e+01,-9.23798e+00
2.398700E-004,-1.11778e+01,-9.43899e+00
2.399000E-004,-1.11778e+01,-9.23798e+00
2.399300E-004,-1.11778e+01,-9.23798e+00
2.399600E-004,-1.07758e+01,-9.43899e+00
2.399900E-004,-1.11778e+01,-9.43899e+00
2.400200E-004,-1.11778e+01,-9.43899e+00
2.400500E-004,-1.11778e+01,-9.23798e+00
2.400800E-004,-1.15798e+01,-9.23798e+00
2.401100E-004,-1.07758e+01,-9.43899e+00
2.401400E-004,-1.11778e+01,-9.23798e+00
2.401700E-004,-1.07758e+01,-9.43899e+00
2.402000E-004,-1.11778e+01,-9.23798e+00
2.402300E-004,-1.11778e+01,-9.43899e+00
2.402600E-004,-1.07758e+01,-9.23798e+00
2.402900E-004,-1.11778e+01,-9.23798e+00
2.403200E-004,-1.11778e+01,-9.23798e+00
2.403500E-004,-1.07758e+01,-9.43899e+00
2.403800E-004,-1.11778e+01,-9.23798e+00
2.404100E-004,-1.11778e+01,-9.23798e+00
2.404400E-004,-1.11778e+01,-9.43899e+00
2.404700E-004,-1.07758e+01,-9.43899e+00
2.405000E-004,-1.11778e+01,-9.23798e+00
2.405300E-004,-1.11778e+01,-9.23798e+00
2.405600E-004,-1.11778e+01,-9.23798e+00
2.405900E-004,-1.11778e+01,-9.23798e+00
2.406200E-004,-1.11778e+01,-9.23798e+00
2.406500E-004,-1.11778e+01,-9.43899e+00
2.406800E-004,-1.11778e+01,-9.23798e+00
2.407100E-004,-1.07758e+01,-9.23798e+00
2.407400E-004,-1.07758e+01,-9.23798e+00
2.407700E-004,-1.11778e+01,-9.43899e+00
2.408000E-004,-1.11778e+01,-9.23798e+00
2.408300E-004,-1.11778e+01,-9.43899e+00
2.408600E-004,-1.11778e+01,-9.43899e+00
2.408900E-004,-1.15798e+01,-9.23798e+00
2.409200E-004,-1.11778e+01,-9.43899e+00
2.409500E-004,-1.07758e+01,-9.43899e+00
2.409800E-004,-1.07758e+01,-9.23798e+00
2.410100E-004,-1.11778e+01,-9.23798e+00
2.410400E-004,-1.07758e+01,-9.23798e+00
2.410700E-004,-1.11778e+01,-9.23798e+00
2.411000E-004,-1.07758e+01,-9.23798e+00
2.411300E-004,-1.11778e+01,-9.23798e+00
2.411600E-004,-1.11778e+01,-9.23798e+00
2.411900E-004,-1.11778e+01,-9.23798e+00
2.412200E-004,-1.11778e+01,-9.43899e+00
2.412500E-004,-1.07758e+01,-9.43899e+00
2.412800E-004,-1.11778e+01,-9.23798e+00
2.413100E-004,-1.11778e+01,-9.23798e+00
2.413400E-004,-1.11778e+01,-9.23798e+00
2.413700E-004,-1.11778e+01,-9.23798e+00
2.414000E-004,-1.07758e+01,-9.43899e+00
2.414300E-004,-1.11778e+01,-9.23798e+00
2.414600E-004,-1.11778e+01,-9.23798e+00
2.414900E-004,-1.11778e+01,-9.43899e+00
2.415200E-004,-1.11778e+01,-9.43899e+00
2.415500E-004,-1.07758e+01,-9.43899e+00
2.415800E-004,-1.11778e+01,-9.43899e+00
2.416100E-004,-1.11778e+01,-9.43899e+00
2.416400E-004,-1.11778e+01,-9.23798e+00
2.416700E-004,-1.11778e+01,-9.23798e+00
2.417000E-004,-1.07758e+01,-9.23798e+00
2.417300E-004,-1.07758e+01,-9.23798e+00
2.417600E-004,-1.07758e+01,-9.43899e+00
2.417900E-004,-1.11778e+01,-9.43899e+00
2.418200E-004,-1.11778e+01,-9.43899e+00
2.418500E-004,-1.11778e+01,-9.23798e+00
2.418800E-004,-1.11778e+01,-9.43899e+00
2.419100E-004,-1.11778e+01,-9.23798e+00
2.419400E-004,-1.07758e+01,-9.23798e+00
2.419700E-004,-1.11778e+01,-9.23798e+00
2.420000E-004,-1.07758e+01,-9.23798e+00
2.420300E-004,-1.11778e+01,-9.43899e+00
2.420600E-004,-1.11778e+01,-9.43899e+00
2.420900E-004,-1.07758e+01,-9.23798e+00
2.421200E-004,-1.11778e+01,-9.23798e+00
2.421500E-004,-1.11778e+01,-9.23798e+00
2.421800E-004,-1.15798e+01,-9.23798e+00
2.422100E-004,-1.11778e+01,-9.23798e+00
2.422400E-004,-1.11778e+01,-9.23798e+00
2.422700E-004,-1.11778e+01,-9.23798e+00
2.423000E-004,-1.11778e+01,-9.23798e+00
2.423300E-004,-1.11778e+01,-9.23798e+00
2.423600E-004,-1.11778e+01,-9.23798e+00
2.423900E-004,-1.11778e+01,-9.23798e+00
2.424200E-004,-1.11778e+01,-9.03698e+00
2.424500E-004,-1.11778e+01,-9.43899e+00
2.424800E-004,-1.11778e+01,-9.43899e+00
2.425100E-004,-1.11778e+01,-9.23798e+00
2.425400E-004,-1.07758e+01,-9.43899e+00
2.425700E-004,-1.07758e+01,-9.43899e+00
2.426000E-004,-1.07758e+01,-9.23798e+00
2.426300E-004,-1.11778e+01,-9.43899e+00
2.426600E-004,-1.07758e+01,-9.03698e+00
2.426900E-004,-1.07758e+01,-9.23798e+00
2.427200E-004,-1.11778e+01,-9.23798e+00
2.427500E-004,-1.07758e+01,-9.23798e+00
2.427800E-004,-1.11778e+01,-9.23798e+00
2.428100E-004,-1.07758e+01,-9.23798e+00
2.428400E-004,-1.11778e+01,-9.23798e+00
2.428700E-004,-1.11778e+01,-9.43899e+00
2.429000E-004,-1.11778e+01,-9.23798e+00
2.429300E-004,-1.11778e+01,-9.43899e+00
2.429600E-004,-1.07758e+01,-9.23798e+00
2.429900E-004,-1.11778e+01,-9.23798e+00
2.430200E-004,-1.11778e+01,-9.23798e+00
2.430500E-004,-1.11778e+01,-9.23798e+00
2.430800E-004,-1.11778e+01,-9.23798e+00
2.431100E-004,-1.07758e+01,-9.23798e+00
2.431400E-004,-1.11778e+01,-9.43899e+00
2.431700E-004,-1.11778e+01,-9.43899e+00
2.432000E-004,-1.11778e+01,-9.23798e+00
2.432300E-004,-1.11778e+01,-9.23798e+00
2.432600E-004,-1.11778e+01,-9.23798e+00
2.432900E-004,-1.07758e+01,-9.23798e+00
2.433200E-004,-1.07758e+01,-9.23798e+00
2.433500E-004,-1.07758e+01,-9.23798e+00
2.433800E-004,-1.11778e+01,-9.43899e+00
2.434100E-004,-1.11778e+01,-9.23798e+00
2.434400E-004,-1.11778e+01,-9.43899e+00
2.434700E-004,-1.11778e+01,-9.23798e+00
2.435000E-004,-1.11778e+01,-9.23798e+00
2.435300E-004,-1.11778e+01,-9.23798e+00
2.435600E-004,-1.11778e+01,-9.23798e+00
2.435900E-004,-1.07758e+01,-9.43899e+00
2.436200E-004,-1.07758e+01,-9.23798e+00
2.436500E-004,-1.11778e+01,-9.23798e+00
2.436800E-004,-1.11778e+01,-9.23798e+00
2.437100E-004,-1.07758e+01,-9.23798e+00
2.437400E-004,-1.11778e+01,-9.23798e+00
2.437700E-004,-1.11778e+01,-9.23798e+00
2.438000E-004,-1.07758e+01,-9.43899e+00
2.438300E-004,-1.11778e+01,-9.43899e+00
2.438600E-004,-1.11778e+01,-9.23798e+00
2.438900E-004,-1.11778e+01,-9.23798e+00
2.439200E-004,-1.11778e+01,-9.23798e+00
2.439500E-004,-1.11778e+01,-9.23798e+00
2.439800E-004,-1.15798e+01,-9.43899e+00
2.440100E-004,-1.11778e+01,-9.23798e+00
2.440400E-004,-1.11778e+01,-9.43899e+00
2.440700E-004,-1.11778e+01,-9.23798e+00
2.441000E-004,-1.07758e+01,-9.23798e+00
2.441300E-004,-1.07758e+01,-9.23798e+00
2.441600E-004,-1.11778e+01,-9.43899e+00
2.441900E-004,-1.11778e+01,-9.23798e+00
2.442200E-004,-1.11778e+01,-9.23798e+00
2.442500E-004,-1.11778e+01,-9.23798e+00
2.442800E-004,-1.11778e+01,-9.43899e+00
2.443100E-004,-1.11778e+01,-9.23798e+00
2.443400E-004,-1.07758e+01,-9.23798e+00
2.443700E-004,-1.11778e+01,-9.23798e+00
2.444000E-004,-1.11778e+01,-9.23798e+00
2.444300E-004,-1.11778e+01,-9.03698e+00
2.444600E-004,-1.07758e+01,-9.23798e+00
2.444900E-004,-1.11778e+01,-9.23798e+00
2.445200E-004,-1.11778e+01,-9.23798e+00
2.445500E-004,-1.11778e+01,-9.43899e+00
2.445800E-004,-1.11778e+01,-9.23798e+00
2.446100E-004,-1.11778e+01,-9.23798e+00
2.446400E-004,-1.15798e+01,-9.23798e+00
2.446700E-004,-1.07758e+01,-9.23798e+00
2.447000E-004,-1.11778e+01,-9.23798e+00
2.447300E-004,-1.11778e+01,-9.43899e+00
2.447600E-004,-1.11778e+01,-9.43899e+00
2.447900E-004,-1.07758e+01,-9.23798e+00
2.448200E-004,-1.11778e+01,-9.43899e+00
2.448500E-004,-1.11778e+01,-9.23798e+00
2.448800E-004,-1.07758e+01,-9.23798e+00
2.449100E-004,-1.07758e+01,-9.23798e+00
2.449400E-004,-1.11778e+01,-9.03698e+00
2.449700E-004,-1.07758e+01,-9.23798e+00
2.450000E-004,-1.07758e+01,-9.23798e+00
2.450300E-004,-1.11778e+01,-9.23798e+00
2.450600E-004,-1.11778e+01,-9.43899e+00
2.450900E-004,-1.07758e+01,-9.23798e+00
2.451200E-004,-1.07758e+01,-9.23798e+00
2.451500E-004,-1.07758e+01,-9.43899e+00
2.451800E-004,-1.11778e+01,-9.23798e+00
2.452100E-004,-1.11778e+01,-9.23798e+00
2.452400E-004,-1.11778e+01,-9.23798e+00
2.452700E-004,-1.07758e+01,-9.43899e+00
2.453000E-004,-1.07758e+01,-9.43899e+00
2.453300E-004,-1.07758e+01,-9.43899e+00
2.453600E-004,-1.11778e+01,-9.23798e+00
2.453900E-004,-1.11778e+01,-9.23798e+00
2.454200E-004,-1.11778e+01,-9.43899e+00
2.454500E-004,-1.07758e+01,-9.23798e+00
2.454800E-004,-1.11778e+01,-9.23798e+00
2.455100E-004,-1.11778e+01,-9.23798e+00
2.455400E-004,-1.07758e+01,-9.43899e+00
2.455700E-004,-1.07758e+01,-9.23798e+00
2.456000E-004,-1.07758e+01,-9.23798e+00
2.456300E-004,-1.11778e+01,-9.43899e+00
2.456600E-004,-1.11778e+01,-9.23798e+00
2.456900E-004,-1.07758e+01,-9.23798e+00
2.457200E-004,-1.07758e+01,-9.23798e+00
2.457500E-004,-1.11778e+01,-9.23798e+00
2.457800E-004,-1.11778e+01,-9.23798e+00
2.458100E-004,-1.11778e+01,-9.23798e+00
2.458400E-004,-1.11778e+01,-9.23798e+00
2.458700E-004,-1.11778e+01,-9.23798e+00
2.459000E-004,-1.11778e+01,-9.23798e+00
2.459300E-004,-1.07758e+01,-9.23798e+00
2.459600E-004,-1.11778e+01,-9.23798e+00
2.459900E-004,-1.11778e+01,-9.23798e+00
2.460200E-004,-1.11778e+01,-9.23798e+00
2.460500E-004,-1.07758e+01,-9.23798e+00
2.460800E-004,-1.11778e+01,-9.23798e+00
2.461100E-004,-1.07758e+01,-9.43899e+00
2.461400E-004,-1.11778e+01,-9.23798e+00
2.461700E-004,-1.11778e+01,-9.23798e+00
2.462000E-004,-1.11778e+01,-9.23798e+00
2.462300E-004,-1.11778e+01,-9.23798e+00
2.462600E-004,-1.11778e+01,-9.23798e+00
2.462900E-004,-1.07758e+01,-9.23798e+00
2.463200E-004,-1.07758e+01,-9.43899e+00
2.463500E-004,-1.07758e+01,-9.23798e+00
2.463800E-004,-1.11778e+01,-9.43899e+00
2.464100E-004,-1.07758e+01,-9.43899e+00
2.464400E-004,-1.11778e+01,-9.23798e+00
2.464700E-004,-1.11778e+01,-9.43899e+00
2.465000E-004,-1.11778e+01,-9.43899e+00
2.465300E-004,-1.07758e+01,-9.23798e+00
2.465600E-004,-1.07758e+01,-9.43899e+00
2.465900E-004,-1.11778e+01,-9.23798e+00
2.466200E-004,-1.07758e+01,-9.23798e+00
2.466500E-004,-1.07758e+01,-9.23798e+00
2.466800E-004,-1.11778e+01,-9.23798e+00
2.467100E-004,-1.07758e+01,-9.43899e+00
2.467400E-004,-1.11778e+01,-9.03698e+00
2.467700E-004,-1.07758e+01,-9.23798e+00
2.468000E-004,-1.11778e+01,-9.23798e+00
2.468300E-004,-1.07758e+01,-9.43899e+00
2.468600E-004,-1.07758e+01,-9.23798e+00
2.468900E-004,-1.07758e+01,-9.23798e+00
2.469200E-004,-1.11778e+01,-9.23798e+00
2.469500E-004,-1.07758e+01,-9.23798e+00
2.469800E-004,-1.07758e+01,-9.23798e+00
2.470100E-004,-1.11778e+01,-9.23798e+00
2.470400E-004,-1.07758e+01,-9.23798e+00
2.470700E-004,-1.11778e+01,-9.23798e+00
2.471000E-004,-1.11778e+01,-9.23798e+00
2.471300E-004,-1.07758e+01,-9.23798e+00
2.471600E-004,-1.11778e+01,-9.23798e+00
2.471900E-004,-1.11778e+01,-9.23798e+00
2.472200E-004,-1.07758e+01,-9.23798e+00
2.472500E-004,-1.11778e+01,-9.43899e+00
2.472800E-004,-1.11778e+01,-9.23798e+00
2.473100E-004,-1.11778e+01,-9.23798e+00
2.473400E-004,-1.07758e+01,-9.23798e+00
2.473700E-004,-1.11778e+01,-9.03698e+00
2.474000E-004,-1.11778e+01,-9.43899e+00
2.474300E-004,-1.11778e+01,-9.43899e+00
2.474600E-004,-1.11778e+01,-9.23798e+00
2.474900E-004,-1.07758e+01,-9.43899e+00
2.475200E-004,-1.07758e+01,-9.23798e+00
2.475500E-004,-1.11778e+01,-9.43899e+00
2.475800E-004,-1.11778e+01,-9.43899e+00
2.476100E-004,-1.11778e+01,-9.23798e+00
2.476400E-004,-1.07758e+01,-9.43899e+00
2.476700E-004,-1.11778e+01,-9.23798e+00
2.477000E-004,-1.11778e+01,-9.23798e+00
2.477300E-004,-1.07758e+01,-9.23798e+00
2.477600E-004,-1.11778e+01,-9.43899e+00
2.477900E-004,-1.11778e+01,-9.43899e+00
2.478200E-004,-1.07758e+01,-9.23798e+00
2.478500E-004,-1.07758e+01,-9.23798e+00
2.478800E-004,-1.07758e+01,-9.23798e+00
2.479100E-004,-1.07758e+01,-9.23798e+00
2.479400E-004,-1.11778e+01,-9.23798e+00
2.479700E-004,-1.07758e+01,-9.23798e+00
2.480000E-004,-1.11778e+01,-9.23798e+00
2.480300E-004,-1.11778e+01,-9.43899e+00
2.480600E-004,-1.07758e+01,-9.23798e+00
2.480900E-004,-1.11778e+01,-9.23798e+00
2.481200E-004,-1.11778e+01,-9.23798e+00
2.481500E-004,-1.11778e+01,-9.23798e+00
2.481800E-004,-1.11778e+01,-9.43899e+00
2.482100E-004,-1.11778e+01,-9.23798e+00
2.482400E-004,-1.11778e+01,-9.23798e+00
2.482700E-004,-1.11778e+01,-9.23798e+00
2.483000E-004,-1.11778e+01,-9.23798e+00
2.483300E-004,-1.11778e+01,-9.43899e+00
2.483600E-004,-1.11778e+01,-9.23798e+00
2.483900E-004,-1.11778e+01,-9.23798e+00
2.484200E-004,-1.07758e+01,-9.23798e+00
2.484500E-004,-1.11778e+01,-9.23798e+00
2.484800E-004,-1.11778e+01,-9.23798e+00
2.485100E-004,-1.11778e+01,-9.43899e+00
2.485400E-004,-1.07758e+01,-9.23798e+00
2.485700E-004,-1.07758e+01,-9.03698e+00
2.486000E-004,-1.07758e+01,-9.43899e+00
2.486300E-004,-1.11778e+01,-9.23798e+00
2.486600E-004,-1.11778e+01,-9.23798e+00
2.486900E-004,-1.11778e+01,-9.23798e+00
2.487200E-004,-1.07758e+01,-9.03698e+00
2.487500E-004,-1.07758e+01,-9.23798e+00
2.487800E-004,-1.11778e+01,-9.23798e+00
2.488100E-004,-1.11778e+01,-9.23798e+00
2.488400E-004,-1.07758e+01,-9.23798e+00
2.488700E-004,-1.07758e+01,-9.23798e+00
2.489000E-004,-1.11778e+01,-9.43899e+00
2.489300E-004,-1.11778e+01,-9.23798e+00
2.489600E-004,-1.11778e+01,-9.23798e+00
2.489900E-004,-1.07758e+01,-9.23798e+00
2.490200E-004,-1.07758e+01,-9.23798e+00
2.490500E-004,-1.07758e+01,-9.23798e+00
2.490800E-004,-1.11778e+01,-9.23798e+00
2.491100E-004,-1.11778e+01,-9.23798e+00
2.491400E-004,-1.11778e+01,-9.23798e+00
2.491700E-004,-1.11778e+01,-9.23798e+00
2.492000E-004,-1.11778e+01,-9.23798e+00
2.492300E-004,-1.11778e+01,-9.23798e+00
2.492600E-004,-1.11778e+01,-9.23798e+00
2.492900E-004,-1.11778e+01,-9.23798e+00
2.493200E-004,-1.11778e+01,-9.23798e+00
2.493500E-004,-1.15798e+01,-9.03698e+00
2.493800E-004,-1.11778e+01,-9.23798e+00
2.494100E-004,-1.11778e+01,-9.23798e+00
2.494400E-004,-1.15798e+01,-9.23798e+00
2.494700E-004,-1.07758e+01,-9.23798e+00
2.495000E-004,-1.11778e+01,-9.23798e+00
2.495300E-004,-1.11778e+01,-9.43899e+00
2.495600E-004,-1.11778e+01,-9.23798e+00
2.495900E-004,-1.11778e+01,-9.43899e+00
2.496200E-004,-1.11778e+01,-9.43899e+00
2.496500E-004,-1.11778e+01,-9.23798e+00
2.496800E-004,-1.11778e+01,-9.03698e+00
2.497100E-004,-1.07758e+01,-9.23798e+00
2.497400E-004,-1.07758e+01,-9.23798e+00
2.497700E-004,-1.07758e+01,-9.43899e+00
2.498000E-004,-1.11778e+01,-9.23798e+00
2.498300E-004,-1.07758e+01,-9.23798e+00
2.498600E-004,-1.11778e+01,-9.43899e+00
2.498900E-004,-1.11778e+01,-9.23798e+00
2.499200E-004,-1.07758e+01,-9.23798e+00
2.499500E-004,-1.07758e+01,-9.23798e+00
